
============================================================
 WebPython2 - CPython WASM Build
============================================================
Start : 2026-09-21 06:05:01
Root  : /workspaces/MyPython
Log   : /workspaces/MyPython/logs/build.log
============================================================

[1/7] Checking basic tools...
git     : git version 2.55.0
python  : Python 3.14.2
curl    : curl 8.5.0 (x86_64-pc-linux-gnu) libcurl/8.5.0 OpenSSL/3.0.13 zlib/1.3 brotli/1.1.0 zstd/1.5.5 libidn2/2.3.7 libpsl/0.21.2 (+libidn2/2.3.7) libssh/0.10.6/openssl/zlib nghttp2/1.59.0 librtmp/2.3 OpenLDAP/2.6.10

[2/7] Preparing CPython...
Existing CPython checkout detected.

CPython commit:
f8bbe69

CPython branch:
main

[3/7] Preparing Node.js 24...
Using existing Node.js:
  /home/codespace/nvm/current/bin/node
  v24.21.0

Node executable:
  /home/codespace/nvm/current/bin/node
Node version:
v24.21.0
npm version:
11.19.0

[4/7] Installing / validating exact Emscripten SDK...
EMSDK_CACHE:
  /workspaces/MyPython/cpython/cross-build/emsdk

Running CPython's official Emscripten installer...
Emscripten version 6.0.9 already installed

Emscripten installation/validation complete.

[5/7] Building CPython for wasm32-emscripten...

This uses:
  python3 Platforms/emscripten build all

Node runner:
  /home/codespace/nvm/current/bin/node

checking for git... found
checking build system type... x86_64-pc-linux-gnu
checking host system type... x86_64-pc-linux-gnu
checking for Python interpreter freezing... ./_bootstrap_python
checking for python3.16... no
checking for python3.16... no
checking for python3.15... no
checking for python3.14... python3.14
checking Python for regen version... Python 3.14.2
checking for pkg-config... /usr/bin/pkg-config
checking pkg-config is at least version 0.9.0... yes
checking MACHDEP... "linux"
checking for --enable-universalsdk... no
checking for --with-universal-archs... no
checking for --with-app-store-compliance... not patching for app store compliance
checking for gcc... gcc
checking whether the C compiler works... yes
checking for C compiler default output file name... a.out
checking for suffix of executables... 
checking whether we are cross compiling... no
checking for suffix of object files... o
checking whether the compiler supports GNU C... yes
checking whether gcc accepts -g... yes
checking for gcc option to enable C11 features... none needed
checking how to run the C preprocessor... gcc -E
checking for grep that handles long lines and -e... /usr/bin/grep
checking for a sed that does not truncate output... /usr/bin/sed
checking for egrep... /usr/bin/grep -E
checking for CC compiler name... gcc
checking for stdio.h... yes
checking for stdlib.h... yes
checking for string.h... yes
checking for inttypes.h... yes
checking for stdint.h... yes
checking for strings.h... yes
checking for sys/stat.h... yes
checking for sys/types.h... yes
checking for unistd.h... yes
checking for wchar.h... yes
checking for minix/config.h... no
checking whether it is safe to define __EXTENSIONS__... yes
checking whether _XOPEN_SOURCE should be defined... no
checking for GCC compatible compiler... yes
checking for g++... /usr/bin/g++
configure:

  By default, distutils will build C++ extension modules with "/usr/bin/g++".
  If this is not intended, then set CXX on the configure command line.
  
checking for the platform triplet based on compiler characteristics... x86_64-linux-gnu
checking for multiarch... x86_64-linux-gnu
checking for PEP 11 support tier... x86_64-pc-linux-gnu/gcc has tier 1 (supported)
checking for -Wl,--no-as-needed... yes
checking for the Android API level... not Android
checking for --enable-wasm-dynamic-linking... missing
checking for --enable-wasm-pthreads... missing
checking for --enable-emscripten-syscalls... yes
checking for --with-suffix... 
checking for case-insensitive build directory... no
checking LIBRARY... libpython$(VERSION)$(ABIFLAGS).a
checking LINKCC... $(PURIFY) $(CC)
checking EXPORTSYMS... 
checking for GNU ld... yes
checking for --enable-shared... no
checking for --with-static-libpython... yes
checking for --enable-static-libpython-for-interpreter... no
checking for --enable-profiling... no
checking LDLIBRARY... libpython$(VERSION)$(ABIFLAGS).a
checking HOSTRUNNER... 
checking for ar... ar
checking for a BSD-compatible install... /usr/bin/install -c
checking for a race-free mkdir -p... /usr/bin/mkdir -p
checking for --disable-gil... no
checking for --with-pydebug... no
checking for --with-trace-refs... no
checking for --enable-pystats... no
checking for --with-assertions... no
checking for --enable-optimizations... no
checking PROFILE_TASK... -m test --pgo --timeout=$(TESTTIMEOUT)
checking for --with-lto... no
checking for llvm-profdata... /usr/bin/llvm-profdata
checking for i686... no
checking whether C compiler accepts -fprofile-update=atomic... yes
checking for --enable-bolt... no
checking BOLT_COMMON_FLAGS... checking BOLT_INSTRUMENT_FLAGS...  -update-debug-sections -skip-funcs=_PyEval_EvalFrameDefault,sre_ucs1_match/1,sre_ucs2_match/1,sre_ucs4_match/1,sre_ucs1_match.lto_priv.0/1,sre_ucs2_match.lto_priv.0/1,sre_ucs4_match.lto_priv.0/1 
checking BOLT_APPLY_FLAGS...   -update-debug-sections -skip-funcs=_PyEval_EvalFrameDefault,sre_ucs1_match/1,sre_ucs2_match/1,sre_ucs4_match/1,sre_ucs1_match.lto_priv.0/1,sre_ucs2_match.lto_priv.0/1,sre_ucs4_match.lto_priv.0/1  -reorder-blocks=ext-tsp -reorder-functions=cdsort -split-functions -icf=0 -inline-all -split-eh -reorder-functions-use-hot-size -peepholes=none -jump-tables=aggressive -inline-ap -indirect-call-promotion=all -dyno-stats -use-gnu-stack -frame-opt=hot 
checking if gcc supports -fstrict-overflow and -fno-strict-overflow... yes
checking for --with-strict-overflow... no
checking if gcc supports -Og optimization level... yes
checking for thread stack size... default
checking for --enable-safety... no
checking for --enable-slower-safety... no
checking whether to build with frame pointers... yes
checking whether C compiler accepts -fno-omit-frame-pointer... yes
checking whether C compiler accepts -mno-omit-leaf-frame-pointer... yes
checking if we can add -Wextra... yes
checking whether gcc -fno-strict-aliasing accepts and needs -fno-strict-aliasing... no
checking if we can disable gcc unused-parameter warning... yes
checking if we can disable gcc int-conversion warning... yes
checking if we can disable gcc missing-field-initializers warning... yes
checking if we can enable gcc sign-compare warning... yes
checking if we can enable gcc unreachable-code warning... yes
checking if we can enable gcc strict-prototypes warning... yes
checking if we can make implicit function declaration an error in gcc -Werror=implicit-function-declaration... yes
checking if we can use visibility in gcc -fvisibility=hidden... yes
checking for --enable-experimental-jit...  
checking whether pthreads are available without options... yes
checking whether /usr/bin/g++ also accepts flags for thread support... no
checking for alloca.h... yes
checking for asm/types.h... yes
checking for bluetooth.h... no
checking for conio.h... no
checking for direct.h... no
checking for dlfcn.h... yes
checking for endian.h... yes
checking for errno.h... yes
checking for fcntl.h... yes
checking for grp.h... yes
checking for io.h... no
checking for langinfo.h... yes
checking for libintl.h... yes
checking for libutil.h... no
checking for linux/auxvec.h... yes
checking for sys/auxv.h... yes
checking for linux/fs.h... yes
checking for linux/limits.h... yes
checking for linux/memfd.h... yes
checking for linux/netfilter_ipv4.h... yes
checking for linux/random.h... yes
checking for linux/soundcard.h... yes
checking for linux/sched.h... yes
checking for linux/tipc.h... yes
checking for linux/wait.h... yes
checking for netdb.h... yes
checking for net/ethernet.h... yes
checking for netinet/in.h... yes
checking for netpacket/packet.h... yes
checking for poll.h... yes
checking for process.h... no
checking for pthread.h... yes
checking for pty.h... yes
checking for sched.h... yes
checking for setjmp.h... yes
checking for shadow.h... yes
checking for signal.h... yes
checking for spawn.h... yes
checking for sys/audioio.h... no
checking for sys/bsdtty.h... no
checking for sys/devpoll.h... no
checking for sys/endian.h... no
checking for sys/epoll.h... yes
checking for sys/event.h... no
checking for sys/eventfd.h... yes
checking for sys/file.h... yes
checking for sys/ioctl.h... yes
checking for sys/kern_control.h... no
checking for sys/loadavg.h... no
checking for sys/lock.h... no
checking for sys/memfd.h... no
checking for sys/mkdev.h... no
checking for sys/mman.h... yes
checking for sys/modem.h... no
checking for sys/param.h... yes
checking for sys/pidfd.h... yes
checking for sys/poll.h... yes
checking for sys/random.h... yes
checking for sys/resource.h... yes
checking for sys/select.h... yes
checking for sys/sendfile.h... yes
checking for sys/socket.h... yes
checking for sys/soundcard.h... yes
checking for sys/stat.h... (cached) yes
checking for sys/statvfs.h... yes
checking for sys/sys_domain.h... no
checking for sys/syscall.h... yes
checking for sys/sysctl.h... no
checking for sys/sysmacros.h... yes
checking for sys/termio.h... no
checking for sys/time.h... yes
checking for sys/times.h... yes
checking for sys/timerfd.h... yes
checking for sys/types.h... (cached) yes
checking for sys/uio.h... yes
checking for sys/un.h... yes
checking for sys/utsname.h... yes
checking for sys/wait.h... yes
checking for sys/xattr.h... yes
checking for sysexits.h... yes
checking for syslog.h... yes
checking for termios.h... yes
checking for util.h... no
checking for utime.h... yes
checking for utmp.h... yes
checking for dirent.h that defines DIR... yes
checking for library containing opendir... none required
checking for sys/mkdev.h... (cached) no
checking for sys/sysmacros.h... (cached) yes
checking for gcc options needed to detect all undeclared functions... none needed
checking whether I_PUSH is declared... no
checking for bluetooth/bluetooth.h... no
checking for net/if.h... yes
checking for linux/netlink.h... yes
checking for netlink/netlink.h... no
checking for linux/qrtr.h... yes
checking for linux/vm_sockets.h... yes
checking for linux/can.h... yes
checking for linux/can/bcm.h... yes
checking for linux/can/isotp.h... yes
checking for linux/can/j1939.h... yes
checking for linux/can/raw.h... yes
checking for netcan/can.h... no
checking for clock_t... yes
checking for makedev... yes
checking for le64toh... yes
checking for mode_t... yes
checking for off_t... yes
checking for pid_t... yes
checking for size_t... yes
checking for uid_t... yes
checking for gid_t... yes
checking for ssize_t... yes
checking for __uint128_t... yes
checking size of int... 4
checking size of long... 8
checking alignment of long... 8
checking size of long long... 8
checking size of void *... 8
checking size of short... 2
checking size of float... 4
checking size of double... 8
checking size of fpos_t... 16
checking size of size_t... 8
checking alignment of size_t... 8
checking size of pid_t... 4
checking size of uintptr_t... 8
checking alignment of max_align_t... 16
checking for long double... yes
checking size of long double... 16
checking size of _Bool... 1
checking size of off_t... 8
checking whether to enable large file support... no
checking size of time_t... 8
checking for pthread_t... yes
checking size of pthread_t... 8
checking size of pthread_key_t... 4
checking whether pthread_key_t is compatible with int... yes
checking for --enable-framework... no
checking for --with-dsymutil... no
checking for dyld... no
checking for --with-address-sanitizer... no
checking for --with-memory-sanitizer... no
checking for --with-undefined-behavior-sanitizer... no
checking for --with-thread-sanitizer... no
checking the extension of shared libraries... .so
checking LDSHARED... $(CC) -shared
checking BLDSHARED flags... $(CC) -shared
checking CCSHARED... -fPIC
checking LINKFORSHARED... -Xlinker -export-dynamic
checking CFLAGSFORSHARED... 
checking SHLIBS... $(LIBS)
checking perf trampoline... yes
checking for sendfile in -lsendfile... no
checking for dlopen in -ldl... yes
checking for shl_load in -ldld... no
checking for iconv.h... yes
checking for iconv... yes
checking for execinfo.h... yes
checking for backtrace... yes
checking for dladdr1... yes
checking for link.h... yes
checking for backtrace... (cached) yes
checking for dladdr1... (cached) yes
checking for dlfcn.h... (cached) yes
checking for backtrace... (cached) yes
checking for dladdr1... (cached) yes
checking for libgcc frame registration functions... yes
checking for uuid.h... no
checking for uuid >= 2.20... yes
checking for library containing sem_init... none required
checking for textdomain in -lintl... no
checking aligned memory access is required... no
checking for --with-hash-algorithm... default
checking for --with-tzpath... "/usr/share/zoneinfo:/usr/lib/zoneinfo:/usr/share/lib/zoneinfo:/etc/zoneinfo"
checking for t_open in -lnsl... no
checking for socket in -lsocket... no
checking for --with-libs... no
checking for --with-system-expat... no
checking for libffi... yes
checking for ffi_prep_cif_var... yes
checking for ffi_prep_closure_loc... yes
checking for ffi_closure_alloc... yes
checking libffi has complex type support... yes
checking for _Float16 support... yes
checking for libmpdec >= 2.5.0... no
checking for mpdecimal.h... no
checking for --with-decimal-contextvar... yes
checking for sqlite3 >= 3.15.2... yes
checking for sqlite3.h... yes
checking for sqlite3_bind_double in -lsqlite3... yes
checking for sqlite3_column_decltype in -lsqlite3... yes
checking for sqlite3_column_double in -lsqlite3... yes
checking for sqlite3_complete in -lsqlite3... yes
checking for sqlite3_progress_handler in -lsqlite3... yes
checking for sqlite3_result_double in -lsqlite3... yes
checking for sqlite3_set_authorizer in -lsqlite3... yes
checking for sqlite3_trace_v2 in -lsqlite3... yes
checking for sqlite3_value_double in -lsqlite3... yes
checking for sqlite3_load_extension in -lsqlite3... yes
checking for sqlite3_serialize in -lsqlite3... yes
checking for --enable-loadable-sqlite-extensions... no
checking for tcl >= 8.5.12 tk >= 8.5.12... yes
checking for gdbm.h... yes
checking for gdbm_open in -lgdbm... yes
checking for ndbm.h... no
checking for ndbm presence and linker args...  ()
checking for gdbm/ndbm.h... no
checking for gdbm-ndbm.h... no
checking for db.h... yes
checking for libdb... yes
checking for --with-dbmliborder... gdbm:ndbm:bdb
checking for _dbm module CFLAGS and LIBS... -DUSE_BERKDB -ldb
checking if PTHREAD_SCOPE_SYSTEM is supported... yes
checking for pthread_sigmask... yes
checking for pthread_getcpuclockid... yes
checking if --enable-ipv6 is specified... yes
checking if RFC2553 API is available... yes
checking for IPV6_INRIA_VERSION defined in netinet/in.h... no
checking for __KAME__ defined in netinet/in.h... no
checking for __GLIBC__ defined in features.h... yes
checking ipv6 stack type... linux-glibc
checking CAN_RAW_FD_FRAMES... yes
checking for CAN_RAW_JOIN_FILTERS... yes
checking for --with-doc-strings... yes
checking for stdatomic.h... yes
checking for builtin __atomic_load_n and __atomic_store_n functions... yes
checking for __builtin_shufflevector... yes
checking for --with-mimalloc... yes
checking for --with-pymalloc... yes
checking for --with-pymalloc-hugepages... no
checking for --with-c-locale-coercion... yes
checking for --with-valgrind... no
checking for --with-dtrace... no
checking for dlopen... yes
checking for dl_iterate_phdr... yes
checking DYNLOADFILE... dynload_shlib.o
checking MACHDEP_OBJS... none
checking for accept4... yes
checking for alarm... yes
checking for bind_textdomain_codeset... yes
checking for chmod... yes
checking for chown... yes
checking for clearenv... yes
checking for clock... yes
checking for closefrom... yes
checking for close_range... yes
checking for confstr... yes
checking for copy_file_range... yes
checking for ctermid... yes
checking for dladdr... yes
checking for dup... yes
checking for execv... yes
checking for explicit_bzero... yes
checking for explicit_memset... no
checking for faccessat... yes
checking for fchmod... yes
checking for fchmodat... yes
checking for fchown... yes
checking for fchownat... yes
checking for fdopendir... yes
checking for fdwalk... no
checking for fexecve... yes
checking for fork... yes
checking for fork1... no
checking for fpathconf... yes
checking for fstatat... yes
checking for ftime... yes
checking for ftruncate... yes
checking for futimens... yes
checking for futimes... yes
checking for futimesat... yes
checking for gai_strerror... yes
checking for getdents64... yes
checking for getegid... yes
checking for geteuid... yes
checking for getgid... yes
checking for getgrent... yes
checking for getgrgid... yes
checking for getgrgid_r... yes
checking for getgrnam_r... yes
checking for getgrouplist... yes
checking for gethostname... yes
checking for getitimer... yes
checking for getloadavg... yes
checking for getlogin... yes
checking for getlogin_r... yes
checking for getpeername... yes
checking for getpgid... yes
checking for getpid... yes
checking for getppid... yes
checking for getpriority... yes
checking for _getpty... no
checking for getpwent... yes
checking for getpwnam_r... yes
checking for getpwuid... yes
checking for getpwuid_r... yes
checking for getresgid... yes
checking for getresuid... yes
checking for getrusage... yes
checking for getsid... yes
checking for getspent... yes
checking for getspnam... yes
checking for gettid... yes
checking for getuid... yes
checking for getwd... yes
checking for grantpt... yes
checking for if_indextoname... yes
checking for if_nameindex... yes
checking for if_nametoindex... yes
checking for initgroups... yes
checking for kill... yes
checking for killpg... yes
checking for lchown... yes
checking for linkat... yes
checking for lockf... yes
checking for lstat... yes
checking for lutimes... yes
checking for madvise... yes
checking for mbrtowc... yes
checking for memrchr... yes
checking for mkdirat... yes
checking for mkfifo... yes
checking for mkfifoat... yes
checking for mknod... yes
checking for mknodat... yes
checking for mktime... yes
checking for mmap... yes
checking for mremap... yes
checking for nice... yes
checking for openat... yes
checking for opendir... yes
checking for pathconf... yes
checking for pause... yes
checking for pidfd_open... yes
checking for pidfd_getfd... yes
checking for pidfd_send_signal... yes
checking for pipe... yes
checking for plock... no
checking for poll... yes
checking for ppoll... yes
checking for posix_fadvise... yes
checking for posix_fallocate... yes
checking for posix_openpt... yes
checking for posix_spawn... yes
checking for posix_spawnp... yes
checking for posix_spawn_file_actions_addclosefrom_np... yes
checking for pread... yes
checking for preadv... yes
checking for preadv2... yes
checking for process_vm_readv... yes
checking for pthread_cond_timedwait_relative_np... no
checking for pthread_condattr_setclock... yes
checking for pthread_init... no
checking for pthread_kill... yes
checking for pthread_get_name_np... no
checking for pthread_getname_np... yes
checking for pthread_set_name_np... no
checking for pthread_setname_np... yes
checking for pthread_getattr_np... yes
checking for ptsname... yes
checking for ptsname_r... yes
checking for pwrite... yes
checking for pwritev... yes
checking for pwritev2... yes
checking for readlink... yes
checking for readlinkat... yes
checking for readv... yes
checking for realpath... yes
checking for renameat... yes
checking for rtpSpawn... no
checking for sched_get_priority_max... yes
checking for sched_rr_get_interval... yes
checking for sched_setaffinity... yes
checking for sched_setparam... yes
checking for sched_setscheduler... yes
checking for sem_clockwait... yes
checking for sem_getvalue... yes
checking for sem_open... yes
checking for sem_timedwait... yes
checking for sem_unlink... yes
checking for sendfile... yes
checking for setegid... yes
checking for seteuid... yes
checking for setgid... yes
checking for sethostname... yes
checking for setitimer... yes
checking for setlocale... yes
checking for setpgid... yes
checking for setpgrp... yes
checking for setpriority... yes
checking for setregid... yes
checking for setresgid... yes
checking for setresuid... yes
checking for setreuid... yes
checking for setsid... yes
checking for setuid... yes
checking for setvbuf... yes
checking for shutdown... yes
checking for sigaction... yes
checking for sigaltstack... yes
checking for sigfillset... yes
checking for siginterrupt... yes
checking for sigpending... yes
checking for sigrelse... yes
checking for sigtimedwait... yes
checking for sigwait... yes
checking for sigwaitinfo... yes
checking for snprintf... yes
checking for splice... yes
checking for strftime... yes
checking for strlcpy... yes
checking for strsignal... yes
checking for symlinkat... yes
checking for sync... yes
checking for sysconf... yes
checking for sysctlbyname... no
checking for tcgetpgrp... yes
checking for tcsetpgrp... yes
checking for tempnam... yes
checking for timegm... yes
checking for times... yes
checking for tmpfile... yes
checking for tmpnam... yes
checking for tmpnam_r... yes
checking for truncate... yes
checking for ttyname_r... yes
checking for umask... yes
checking for uname... yes
checking for unlinkat... yes
checking for unlockpt... yes
checking for utimensat... yes
checking for utimes... yes
checking for vfork... yes
checking for wait... yes
checking for wait3... yes
checking for wait4... yes
checking for waitid... yes
checking for waitpid... yes
checking for wcscoll... yes
checking for wcsftime... yes
checking for wcsxfrm... yes
checking for wmemcmp... yes
checking for writev... yes
checking for statx... yes
checking for dup3... yes
checking for getentropy... yes
checking for getgroups... yes
checking for pipe2... yes
checking for system... yes
checking whether dirfd is declared... yes
checking for chroot... yes
checking for link... yes
checking for symlink... yes
checking for fchdir... yes
checking for fsync... yes
checking for fdatasync... yes
checking for --disable-epoll... no
checking for epoll_create... yes
checking for epoll_create1... yes
checking for kqueue... no
checking for prlimit... yes
checking for _dyld_shared_cache_contains_path... no
checking for memfd_create... yes
checking for eventfd... yes
checking for timerfd_create... yes
checking for ctermid_r... no
checking for flock declaration... yes
checking for flock... yes
checking for getpagesize... yes
checking for broken unsetenv... no
checking for true... true
checking for inet_aton in -lc... yes
checking for hstrerror in -lc... yes
checking for chflags... no
checking for lchflags... no
checking for --with-zlib... auto
checking for zlib >= 1.2.2.1... yes
checking for --with-bzip2... auto
checking for bzip2... no
checking for bzlib.h... yes
checking for BZ2_bzCompress in -lbz2... yes
checking for liblzma... yes
checking for libzstd >= 1.4.5... yes
checking for hstrerror... yes
checking for getservbyname... yes
checking for getservbyport... yes
checking for gethostbyname... yes
checking for gethostbyaddr... yes
checking for getprotobyname... yes
checking for inet_aton... yes
checking for inet_ntoa... yes
checking for inet_pton... yes
checking for getpeername... (cached) yes
checking for getsockname... yes
checking for accept... yes
checking for bind... yes
checking for connect... yes
checking for listen... yes
checking for recvfrom... yes
checking for sendto... yes
checking for setsockopt... yes
checking for socket... yes
checking for setgroups... yes
checking whether MAXLOGNAME is declared... no
checking whether UT_NAMESIZE is declared... yes
checking whether PR_SET_VMA_ANON_NAME is declared... yes
checking for openpty... yes
checking for library containing login_tty... none required
checking for forkpty... yes
checking for fseek64... no
checking for fseeko... yes
checking for fstatvfs... yes
checking for ftell64... no
checking for ftello... yes
checking for statvfs... yes
checking for dup2... yes
checking for getpgrp... yes
checking for setpgrp... (cached) yes
checking for setns... yes
checking for unshare... yes
checking for clock_gettime... yes
checking for clock_getres... yes
checking for clock_settime... yes
checking for clock_nanosleep... yes
checking for nanosleep... yes
checking for major, minor, and makedev... yes
checking for getaddrinfo... yes
checking getaddrinfo bug... no
checking for getnameinfo... yes
checking whether struct tm is in sys/time.h or time.h... time.h
checking for struct tm.tm_zone... yes
checking for struct stat.st_rdev... yes
checking for struct stat.st_blksize... yes
checking for struct stat.st_flags... no
checking for struct stat.st_gen... no
checking for struct stat.st_birthtime... no
checking for struct stat.st_blocks... yes
checking for struct passwd.pw_gecos... yes
checking for struct passwd.pw_passwd... yes
checking for siginfo_t.si_band... yes
checking for struct statx.stx_mnt_id... yes
checking for struct statx.stx_dio_mem_align... yes
checking for struct statx.stx_subvol... no
checking for struct statx.stx_atomic_write_unit_min... no
checking for struct statx.stx_dio_read_offset_align... no
checking for struct statx.stx_atomic_write_unit_max_opt... no
checking for time.h that defines altzone... no
checking for addrinfo... yes
checking for sockaddr_storage... yes
checking for sockaddr_alg... yes
checking for an ANSI C-conforming const... yes
checking for working signed char... yes
checking for prototypes... yes
checking for socketpair... yes
checking if sockaddr has sa_len member... no
checking for gethostbyname_r... yes
checking gethostbyname_r with 6 args... yes
checking for __fpu_control... yes
checking for --with-libm=STRING... default LIBM="-lm"
checking for --with-libc=STRING... default LIBC=""
checking for x64 gcc inline assembler... yes
checking whether float word ordering is bigendian... no
checking whether we can use gcc inline assembler to get and set x87 control word... yes
checking whether we can use gcc inline assembler to get and set mc68881 fpcr... no
checking for x87-style double rounding... no
checking for acosh... yes
checking for asinh... yes
checking for atanh... yes
checking for erf... yes
checking for erfc... yes
checking for expm1... yes
checking for log1p... yes
checking for log2... yes
checking for acospi... no
checking for asinpi... no
checking for atanpi... no
checking for atan2pi... no
checking for cospi... no
checking for sinpi... no
checking for tanpi... no
checking whether POSIX semaphores are enabled... yes
checking for broken sem_getvalue... no
checking whether RTLD_LAZY is declared... yes
checking whether RTLD_NOW is declared... yes
checking whether RTLD_GLOBAL is declared... yes
checking whether RTLD_LOCAL is declared... yes
checking whether RTLD_NODELETE is declared... yes
checking whether RTLD_NOLOAD is declared... yes
checking whether RTLD_DEEPBIND is declared... yes
checking whether RTLD_MEMBER is declared... no
checking digit size for Python's longs... no value specified
checking for wchar.h... (cached) yes
checking size of wchar_t... 4
checking whether wchar_t is signed... yes
checking whether wchar_t is usable... no
checking whether byte ordering is bigendian... no
checking ABIFLAGS... 
checking SOABI... cpython-316-x86_64-linux-gnu
checking LDVERSION... $(VERSION)$(ABIFLAGS)
checking for --with-platlibdir... no
checking for --with-wheel-pkg-dir... no
checking whether right shift extends the sign bit... yes
checking for getc_unlocked() and friends... yes
checking for readline... yes
checking how to link readline... readline (CFLAGS: -D_DEFAULT_SOURCE , LIBS: -lreadline )
checking whether rl_completion_append_character is declared... yes
checking whether rl_completion_suppress_append is declared... yes
checking for rl_pre_input_hook in -lreadline... yes
checking for rl_completion_display_matches_hook in -lreadline... yes
checking for rl_resize_terminal in -lreadline... yes
checking for rl_change_environment in -lreadline... yes
checking for rl_completion_matches in -lreadline... yes
checking whether rl_catch_signals is declared... yes
checking for append_history in -lreadline... yes
checking for rl_compdisp_func_t... yes
checking if rl_startup_hook takes arguments... yes
checking for broken nice()... no
checking for broken poll()... no
checking for working tzset()... yes
checking for tv_nsec in struct stat... yes
checking for tv_nsec2 in struct stat... no
checking for --with-curses... auto
checking for ncursesw... yes
checking for panelw... yes
checking for ncursesw/curses.h... yes
checking for ncursesw/ncurses.h... yes
checking for ncursesw/panel.h... yes
checking for ncurses/curses.h... no
checking for ncurses/ncurses.h... no
checking for ncurses/panel.h... no
checking for curses.h... yes
checking for ncurses.h... yes
checking for panel.h... yes
checking for library containing initscr... none required
checking for library containing update_panels... none required
checking whether curses supports wide characters... yes
checking for term.h... yes
checking whether mvwdelch is an expression... yes
checking whether WINDOW has _flags... no
checking for curses function is_pad... yes
checking for curses function is_term_resized... yes
checking for curses function resize_term... yes
checking for curses function resizeterm... yes
checking for curses function immedok... yes
checking for curses function syncok... yes
checking for curses function wchgat... yes
checking for curses function filter... yes
checking for curses function nofilter... yes
checking for curses function has_key... yes
checking for curses function has_mouse... yes
checking for curses function is_keypad... yes
checking for curses function is_leaveok... yes
checking for curses function typeahead... yes
checking for curses function use_env... yes
checking for curses function new_prescr... yes
checking for curses function use_screen... yes
checking for curses function use_window... yes
checking for curses function key_defined... yes
checking for curses function term_attrs... yes
checking for curses function define_key... yes
checking for curses function keyok... yes
checking for curses function set_escdelay... yes
checking for curses function set_tabsize... yes
checking for curses function wattr_get... yes
checking for curses function wattr_set... yes
checking for curses function wattr_on... yes
checking for curses function wattr_off... yes
checking for curses function wcolor_set... yes
checking for curses function slk_attr_on... yes
checking for curses function slk_attr_off... yes
checking for curses function slk_attr_set... yes
checking for curses function slk_color... yes
checking for curses variable ESCDELAY... yes
checking for curses variable TABSIZE... yes
checking for ncurses-style curses function getmouse... yes
checking for curses function scr_dump... yes
checking for curses function scr_set... yes
configure: checking for device files
checking for /dev/ptmx... yes
checking for /dev/ptc... no
checking for socklen_t... yes
checking for broken mbstowcs... no
checking for --with-computed-gotos... no value specified
checking whether gcc supports computed gotos... yes
checking for --with-tail-call-interp... no value specified
checking for --with-remote-debug... yes
checking for build directories... done
checking for -O2... yes
checking for glibc _FORTIFY_SOURCE/memmove bug... no
checking if we need to manually block large inlining in ceval.c... no
checking for gcc ipa-pure-const bug... no
checking for ensurepip... upgrade
checking if the dirent structure of a d_type field... yes
checking for the Linux getrandom() syscall... yes
checking for the getrandom() function... yes
checking for library containing shm_open... none required
checking for shm_open... yes
checking for shm_unlink... yes
checking for pkg-config... /usr/bin/pkg-config
checking whether compiling and linking against OpenSSL works... yes
checking for --with-openssl-rpath... 
checking whether OpenSSL provides required ssl module APIs... yes
checking whether OpenSSL provides required hashlib module APIs... yes
checking for --with-ssl-default-suites... python
checking for --with-builtin-hashlib-hashes... md5,sha1,sha2,sha3,blake2
checking for --disable-test-modules... yes

checking whether libatomic is needed by <pyatomic.h>... no
checking for stdlib extension module _multiprocessing... yes
checking for stdlib extension module _posixshmem... yes
checking for stdlib extension module fcntl... yes
checking for stdlib extension module mmap... yes
checking for stdlib extension module _socket... yes
checking for stdlib extension module grp... yes
checking for stdlib extension module pwd... yes
checking for stdlib extension module resource... yes
checking for stdlib extension module _scproxy... n/a
checking for stdlib extension module syslog... yes
checking for stdlib extension module termios... yes
checking for stdlib extension module pyexpat... yes
checking for stdlib extension module _elementtree... yes
checking whether C compiler accepts -msse -msse2 -msse3 -msse4.1 -msse4.2... yes
checking for HACL* SIMD128 implementation... standard
checking whether C compiler accepts -mavx2... yes
checking for HACL* SIMD256 implementation... standard
checking for HACL* library linking type... shared
checking for stdlib extension module _md5... yes
checking for stdlib extension module _sha1... yes
checking for stdlib extension module _sha2... yes
checking for stdlib extension module _sha3... yes
checking for stdlib extension module _blake2... yes
checking for stdlib extension module _hmac... yes
checking for stdlib extension module _ctypes... yes
checking for stdlib extension module _curses... yes
checking for stdlib extension module _curses_panel... yes
checking for stdlib extension module _decimal... missing
configure: WARNING: no system libmpdec found; falling back to pure-Python version for the decimal module
checking for stdlib extension module _dbm... yes
checking for stdlib extension module _gdbm... yes
checking for stdlib extension module readline... yes
checking for stdlib extension module _sqlite3... yes
checking for stdlib extension module _tkinter... yes
checking for stdlib extension module _uuid... yes
checking for stdlib extension module zlib... yes
checking for stdlib extension module _bz2... yes
checking for stdlib extension module _lzma... yes
checking for stdlib extension module _zstd... yes
checking for stdlib extension module _ssl... yes
checking for stdlib extension module _hashlib... yes
checking for stdlib extension module _testcapi... yes
checking for stdlib extension module _testclinic... yes
checking for stdlib extension module _testclinic_limited... yes
checking for stdlib extension module _testlimitedcapi... yes
checking for stdlib extension module _testinternalcapi... yes
checking for stdlib extension module _testbuffer... yes
checking for stdlib extension module _testimportmultiple... yes
checking for stdlib extension module _testmultiphase... yes
checking for stdlib extension module _testsinglephase... yes
checking for stdlib extension module xxsubtype... yes
checking for stdlib extension module _xxtestfuzz... yes
checking for stdlib extension module _ctypes_test... yes
checking for stdlib extension module xxlimited... yes
checking for stdlib extension module xxlimited_35... yes
checking for stdlib extension module xxlimited_3_13... yes
configure: creating ./config.status
config.status: creating Makefile.pre
config.status: creating Misc/python.pc
config.status: creating Misc/python-embed.pc
config.status: creating Misc/python-config.sh
config.status: creating Modules/Setup.bootstrap
config.status: creating Modules/Setup.stdlib
config.status: creating Modules/ld_so_aix
config.status: creating pyconfig.h
config.status: pyconfig.h is unchanged
configure: creating Modules/Setup.local
configure: creating Makefile
configure:

If you want a release build with all stable optimizations active (PGO, etc),
please run ./configure --enable-optimizations

gcc -c -fno-omit-frame-pointer -mno-omit-leaf-frame-pointer  -fno-strict-overflow -Wsign-compare -DNDEBUG -g -O3 -Wall    -std=c11 -Wextra -Wno-unused-parameter -Wno-missing-field-initializers -Wstrict-prototypes -Werror=implicit-function-declaration -fvisibility=hidden  -I../../Include/internal -I../../Include/internal/mimalloc -IObjects -IInclude -IPython -I. -I../../Include    -DPy_BUILD_CORE \
	-DABIFLAGS='""' \
	-DMULTIARCH=\"x86_64-linux-gnu\" \
	-o Python/sysmodule.o ../../Python/sysmodule.c
gcc -c -fno-omit-frame-pointer -mno-omit-leaf-frame-pointer  -fno-strict-overflow -Wsign-compare -DNDEBUG -g -O3 -Wall    -std=c11 -Wextra -Wno-unused-parameter -Wno-missing-field-initializers -Wstrict-prototypes -Werror=implicit-function-declaration -fvisibility=hidden  -I../../Include/internal -I../../Include/internal/mimalloc -IObjects -IInclude -IPython -I. -I../../Include    -DPy_BUILD_CORE \
	-DSOABI='"cpython-316-x86_64-linux-gnu"' \
	-o Python/dynload_shlib.o ../../Python/dynload_shlib.c
gcc -c -fno-omit-frame-pointer -mno-omit-leaf-frame-pointer  -fno-strict-overflow -Wsign-compare -DNDEBUG -g -O3 -Wall    -std=c11 -Wextra -Wno-unused-parameter -Wno-missing-field-initializers -Wstrict-prototypes -Werror=implicit-function-declaration -fvisibility=hidden  -I../../Include/internal -I../../Include/internal/mimalloc -IObjects -IInclude -IPython -I. -I../../Include    -DPy_BUILD_CORE -o Modules/config.o Modules/config.c
gcc  -fno-omit-frame-pointer -mno-omit-leaf-frame-pointer  -fno-strict-overflow -Wsign-compare -DNDEBUG -g -O3 -Wall    -std=c11 -Wextra -Wno-unused-parameter -Wno-missing-field-initializers -Wstrict-prototypes -Werror=implicit-function-declaration -fvisibility=hidden  -I../../Include/internal -I../../Include/internal/mimalloc -IObjects -IInclude -IPython -I. -I../../Include    -DPy_BUILD_CORE_BUILTIN -c ../../Modules/_asynciomodule.c -o Modules/_asynciomodule.o
gcc  -fno-omit-frame-pointer -mno-omit-leaf-frame-pointer  -fno-strict-overflow -Wsign-compare -DNDEBUG -g -O3 -Wall    -std=c11 -Wextra -Wno-unused-parameter -Wno-missing-field-initializers -Wstrict-prototypes -Werror=implicit-function-declaration -fvisibility=hidden  -I../../Include/internal -I../../Include/internal/mimalloc -IObjects -IInclude -IPython -I. -I../../Include    -DPy_BUILD_CORE_BUILTIN -c ../../Modules/atexitmodule.c -o Modules/atexitmodule.o
gcc  -fno-omit-frame-pointer -mno-omit-leaf-frame-pointer  -fno-strict-overflow -Wsign-compare -DNDEBUG -g -O3 -Wall    -std=c11 -Wextra -Wno-unused-parameter -Wno-missing-field-initializers -Wstrict-prototypes -Werror=implicit-function-declaration -fvisibility=hidden  -I../../Include/internal -I../../Include/internal/mimalloc -IObjects -IInclude -IPython -I. -I../../Include    -DPy_BUILD_CORE_BUILTIN -c ../../Modules/faulthandler.c -o Modules/faulthandler.o
gcc  -fno-omit-frame-pointer -mno-omit-leaf-frame-pointer  -fno-strict-overflow -Wsign-compare -DNDEBUG -g -O3 -Wall    -std=c11 -Wextra -Wno-unused-parameter -Wno-missing-field-initializers -Wstrict-prototypes -Werror=implicit-function-declaration -fvisibility=hidden  -I../../Include/internal -I../../Include/internal/mimalloc -IObjects -IInclude -IPython -I. -I../../Include    -DPy_BUILD_CORE_BUILTIN -c ../../Modules/posixmodule.c -o Modules/posixmodule.o
gcc  -fno-omit-frame-pointer -mno-omit-leaf-frame-pointer  -fno-strict-overflow -Wsign-compare -DNDEBUG -g -O3 -Wall    -std=c11 -Wextra -Wno-unused-parameter -Wno-missing-field-initializers -Wstrict-prototypes -Werror=implicit-function-declaration -fvisibility=hidden  -I../../Include/internal -I../../Include/internal/mimalloc -IObjects -IInclude -IPython -I. -I../../Include    -DPy_BUILD_CORE_BUILTIN -c ../../Modules/signalmodule.c -o Modules/signalmodule.o
gcc  -fno-omit-frame-pointer -mno-omit-leaf-frame-pointer  -fno-strict-overflow -Wsign-compare -DNDEBUG -g -O3 -Wall    -std=c11 -Wextra -Wno-unused-parameter -Wno-missing-field-initializers -Wstrict-prototypes -Werror=implicit-function-declaration -fvisibility=hidden  -I../../Include/internal -I../../Include/internal/mimalloc -IObjects -IInclude -IPython -I. -I../../Include    -DPy_BUILD_CORE_BUILTIN -c ../../Modules/_tracemalloc.c -o Modules/_tracemalloc.o
gcc  -fno-omit-frame-pointer -mno-omit-leaf-frame-pointer  -fno-strict-overflow -Wsign-compare -DNDEBUG -g -O3 -Wall    -std=c11 -Wextra -Wno-unused-parameter -Wno-missing-field-initializers -Wstrict-prototypes -Werror=implicit-function-declaration -fvisibility=hidden  -I../../Include/internal -I../../Include/internal/mimalloc -IObjects -IInclude -IPython -I. -I../../Include    -DPy_BUILD_CORE_BUILTIN -c ../../Modules/_suggestions.c -o Modules/_suggestions.o
gcc  -fno-omit-frame-pointer -mno-omit-leaf-frame-pointer  -fno-strict-overflow -Wsign-compare -DNDEBUG -g -O3 -Wall    -std=c11 -Wextra -Wno-unused-parameter -Wno-missing-field-initializers -Wstrict-prototypes -Werror=implicit-function-declaration -fvisibility=hidden  -I../../Include/internal -I../../Include/internal/mimalloc -IObjects -IInclude -IPython -I. -I../../Include    -DPy_BUILD_CORE_BUILTIN -c ../../Modules/_datetimemodule.c -o Modules/_datetimemodule.o
gcc  -fno-omit-frame-pointer -mno-omit-leaf-frame-pointer  -fno-strict-overflow -Wsign-compare -DNDEBUG -g -O3 -Wall    -std=c11 -Wextra -Wno-unused-parameter -Wno-missing-field-initializers -Wstrict-prototypes -Werror=implicit-function-declaration -fvisibility=hidden  -I../../Include/internal -I../../Include/internal/mimalloc -IObjects -IInclude -IPython -I. -I../../Include    -DPy_BUILD_CORE_BUILTIN -c ../../Modules/_codecsmodule.c -o Modules/_codecsmodule.o
gcc  -fno-omit-frame-pointer -mno-omit-leaf-frame-pointer  -fno-strict-overflow -Wsign-compare -DNDEBUG -g -O3 -Wall    -std=c11 -Wextra -Wno-unused-parameter -Wno-missing-field-initializers -Wstrict-prototypes -Werror=implicit-function-declaration -fvisibility=hidden  -I../../Include/internal -I../../Include/internal/mimalloc -IObjects -IInclude -IPython -I. -I../../Include    -DPy_BUILD_CORE_BUILTIN -c ../../Modules/_collectionsmodule.c -o Modules/_collectionsmodule.o
gcc  -fno-omit-frame-pointer -mno-omit-leaf-frame-pointer  -fno-strict-overflow -Wsign-compare -DNDEBUG -g -O3 -Wall    -std=c11 -Wextra -Wno-unused-parameter -Wno-missing-field-initializers -Wstrict-prototypes -Werror=implicit-function-declaration -fvisibility=hidden  -I../../Include/internal -I../../Include/internal/mimalloc -IObjects -IInclude -IPython -I. -I../../Include    -DPy_BUILD_CORE_BUILTIN -c ../../Modules/errnomodule.c -o Modules/errnomodule.o
gcc -I../../Modules/_io -fno-omit-frame-pointer -mno-omit-leaf-frame-pointer  -fno-strict-overflow -Wsign-compare -DNDEBUG -g -O3 -Wall    -std=c11 -Wextra -Wno-unused-parameter -Wno-missing-field-initializers -Wstrict-prototypes -Werror=implicit-function-declaration -fvisibility=hidden  -I../../Include/internal -I../../Include/internal/mimalloc -IObjects -IInclude -IPython -I. -I../../Include    -DPy_BUILD_CORE_BUILTIN -c ../../Modules/_io/_iomodule.c -o Modules/_io/_iomodule.o
gcc -I../../Modules/_io -fno-omit-frame-pointer -mno-omit-leaf-frame-pointer  -fno-strict-overflow -Wsign-compare -DNDEBUG -g -O3 -Wall    -std=c11 -Wextra -Wno-unused-parameter -Wno-missing-field-initializers -Wstrict-prototypes -Werror=implicit-function-declaration -fvisibility=hidden  -I../../Include/internal -I../../Include/internal/mimalloc -IObjects -IInclude -IPython -I. -I../../Include    -DPy_BUILD_CORE_BUILTIN -c ../../Modules/_io/iobase.c -o Modules/_io/iobase.o
gcc -I../../Modules/_io -fno-omit-frame-pointer -mno-omit-leaf-frame-pointer  -fno-strict-overflow -Wsign-compare -DNDEBUG -g -O3 -Wall    -std=c11 -Wextra -Wno-unused-parameter -Wno-missing-field-initializers -Wstrict-prototypes -Werror=implicit-function-declaration -fvisibility=hidden  -I../../Include/internal -I../../Include/internal/mimalloc -IObjects -IInclude -IPython -I. -I../../Include    -DPy_BUILD_CORE_BUILTIN -c ../../Modules/_io/fileio.c -o Modules/_io/fileio.o
gcc -I../../Modules/_io -fno-omit-frame-pointer -mno-omit-leaf-frame-pointer  -fno-strict-overflow -Wsign-compare -DNDEBUG -g -O3 -Wall    -std=c11 -Wextra -Wno-unused-parameter -Wno-missing-field-initializers -Wstrict-prototypes -Werror=implicit-function-declaration -fvisibility=hidden  -I../../Include/internal -I../../Include/internal/mimalloc -IObjects -IInclude -IPython -I. -I../../Include    -DPy_BUILD_CORE_BUILTIN -c ../../Modules/_io/bytesio.c -o Modules/_io/bytesio.o
gcc -I../../Modules/_io -fno-omit-frame-pointer -mno-omit-leaf-frame-pointer  -fno-strict-overflow -Wsign-compare -DNDEBUG -g -O3 -Wall    -std=c11 -Wextra -Wno-unused-parameter -Wno-missing-field-initializers -Wstrict-prototypes -Werror=implicit-function-declaration -fvisibility=hidden  -I../../Include/internal -I../../Include/internal/mimalloc -IObjects -IInclude -IPython -I. -I../../Include    -DPy_BUILD_CORE_BUILTIN -c ../../Modules/_io/bufferedio.c -o Modules/_io/bufferedio.o
gcc -I../../Modules/_io -fno-omit-frame-pointer -mno-omit-leaf-frame-pointer  -fno-strict-overflow -Wsign-compare -DNDEBUG -g -O3 -Wall    -std=c11 -Wextra -Wno-unused-parameter -Wno-missing-field-initializers -Wstrict-prototypes -Werror=implicit-function-declaration -fvisibility=hidden  -I../../Include/internal -I../../Include/internal/mimalloc -IObjects -IInclude -IPython -I. -I../../Include    -DPy_BUILD_CORE_BUILTIN -c ../../Modules/_io/textio.c -o Modules/_io/textio.o
gcc -I../../Modules/_io -fno-omit-frame-pointer -mno-omit-leaf-frame-pointer  -fno-strict-overflow -Wsign-compare -DNDEBUG -g -O3 -Wall    -std=c11 -Wextra -Wno-unused-parameter -Wno-missing-field-initializers -Wstrict-prototypes -Werror=implicit-function-declaration -fvisibility=hidden  -I../../Include/internal -I../../Include/internal/mimalloc -IObjects -IInclude -IPython -I. -I../../Include    -DPy_BUILD_CORE_BUILTIN -c ../../Modules/_io/stringio.c -o Modules/_io/stringio.o
gcc  -fno-omit-frame-pointer -mno-omit-leaf-frame-pointer  -fno-strict-overflow -Wsign-compare -DNDEBUG -g -O3 -Wall    -std=c11 -Wextra -Wno-unused-parameter -Wno-missing-field-initializers -Wstrict-prototypes -Werror=implicit-function-declaration -fvisibility=hidden  -I../../Include/internal -I../../Include/internal/mimalloc -IObjects -IInclude -IPython -I. -I../../Include    -DPy_BUILD_CORE_BUILTIN -c ../../Modules/itertoolsmodule.c -o Modules/itertoolsmodule.o
gcc  -fno-omit-frame-pointer -mno-omit-leaf-frame-pointer  -fno-strict-overflow -Wsign-compare -DNDEBUG -g -O3 -Wall    -std=c11 -Wextra -Wno-unused-parameter -Wno-missing-field-initializers -Wstrict-prototypes -Werror=implicit-function-declaration -fvisibility=hidden  -I../../Include/internal -I../../Include/internal/mimalloc -IObjects -IInclude -IPython -I. -I../../Include    -DPy_BUILD_CORE_BUILTIN -c ../../Modules/_sre/sre.c -o Modules/_sre/sre.o
gcc  -fno-omit-frame-pointer -mno-omit-leaf-frame-pointer  -fno-strict-overflow -Wsign-compare -DNDEBUG -g -O3 -Wall    -std=c11 -Wextra -Wno-unused-parameter -Wno-missing-field-initializers -Wstrict-prototypes -Werror=implicit-function-declaration -fvisibility=hidden  -I../../Include/internal -I../../Include/internal/mimalloc -IObjects -IInclude -IPython -I. -I../../Include    -DPy_BUILD_CORE_BUILTIN -c ../../Modules/_sysconfig.c -o Modules/_sysconfig.o
gcc  -fno-omit-frame-pointer -mno-omit-leaf-frame-pointer  -fno-strict-overflow -Wsign-compare -DNDEBUG -g -O3 -Wall    -std=c11 -Wextra -Wno-unused-parameter -Wno-missing-field-initializers -Wstrict-prototypes -Werror=implicit-function-declaration -fvisibility=hidden  -I../../Include/internal -I../../Include/internal/mimalloc -IObjects -IInclude -IPython -I. -I../../Include    -DPy_BUILD_CORE_BUILTIN -c ../../Modules/_threadmodule.c -o Modules/_threadmodule.o
gcc  -fno-omit-frame-pointer -mno-omit-leaf-frame-pointer  -fno-strict-overflow -Wsign-compare -DNDEBUG -g -O3 -Wall    -std=c11 -Wextra -Wno-unused-parameter -Wno-missing-field-initializers -Wstrict-prototypes -Werror=implicit-function-declaration -fvisibility=hidden  -I../../Include/internal -I../../Include/internal/mimalloc -IObjects -IInclude -IPython -I. -I../../Include    -DPy_BUILD_CORE_BUILTIN -c ../../Modules/timemodule.c -o Modules/timemodule.o
gcc  -fno-omit-frame-pointer -mno-omit-leaf-frame-pointer  -fno-strict-overflow -Wsign-compare -DNDEBUG -g -O3 -Wall    -std=c11 -Wextra -Wno-unused-parameter -Wno-missing-field-initializers -Wstrict-prototypes -Werror=implicit-function-declaration -fvisibility=hidden  -I../../Include/internal -I../../Include/internal/mimalloc -IObjects -IInclude -IPython -I. -I../../Include    -DPy_BUILD_CORE_BUILTIN -c ../../Modules/_typesmodule.c -o Modules/_typesmodule.o
gcc  -fno-omit-frame-pointer -mno-omit-leaf-frame-pointer  -fno-strict-overflow -Wsign-compare -DNDEBUG -g -O3 -Wall    -std=c11 -Wextra -Wno-unused-parameter -Wno-missing-field-initializers -Wstrict-prototypes -Werror=implicit-function-declaration -fvisibility=hidden  -I../../Include/internal -I../../Include/internal/mimalloc -IObjects -IInclude -IPython -I. -I../../Include    -DPy_BUILD_CORE_BUILTIN -c ../../Modules/_typingmodule.c -o Modules/_typingmodule.o
gcc  -fno-omit-frame-pointer -mno-omit-leaf-frame-pointer  -fno-strict-overflow -Wsign-compare -DNDEBUG -g -O3 -Wall    -std=c11 -Wextra -Wno-unused-parameter -Wno-missing-field-initializers -Wstrict-prototypes -Werror=implicit-function-declaration -fvisibility=hidden  -I../../Include/internal -I../../Include/internal/mimalloc -IObjects -IInclude -IPython -I. -I../../Include    -DPy_BUILD_CORE_BUILTIN -c ../../Modules/_weakref.c -o Modules/_weakref.o
gcc  -fno-omit-frame-pointer -mno-omit-leaf-frame-pointer  -fno-strict-overflow -Wsign-compare -DNDEBUG -g -O3 -Wall    -std=c11 -Wextra -Wno-unused-parameter -Wno-missing-field-initializers -Wstrict-prototypes -Werror=implicit-function-declaration -fvisibility=hidden  -I../../Include/internal -I../../Include/internal/mimalloc -IObjects -IInclude -IPython -I. -I../../Include    -DPy_BUILD_CORE_BUILTIN -c ../../Modules/_abc.c -o Modules/_abc.o
gcc  -fno-omit-frame-pointer -mno-omit-leaf-frame-pointer  -fno-strict-overflow -Wsign-compare -DNDEBUG -g -O3 -Wall    -std=c11 -Wextra -Wno-unused-parameter -Wno-missing-field-initializers -Wstrict-prototypes -Werror=implicit-function-declaration -fvisibility=hidden  -I../../Include/internal -I../../Include/internal/mimalloc -IObjects -IInclude -IPython -I. -I../../Include    -DPy_BUILD_CORE_BUILTIN -c ../../Modules/_functoolsmodule.c -o Modules/_functoolsmodule.o
gcc  -fno-omit-frame-pointer -mno-omit-leaf-frame-pointer  -fno-strict-overflow -Wsign-compare -DNDEBUG -g -O3 -Wall    -std=c11 -Wextra -Wno-unused-parameter -Wno-missing-field-initializers -Wstrict-prototypes -Werror=implicit-function-declaration -fvisibility=hidden  -I../../Include/internal -I../../Include/internal/mimalloc -IObjects -IInclude -IPython -I. -I../../Include    -DPy_BUILD_CORE_BUILTIN -c ../../Modules/_localemodule.c -o Modules/_localemodule.o
gcc  -fno-omit-frame-pointer -mno-omit-leaf-frame-pointer  -fno-strict-overflow -Wsign-compare -DNDEBUG -g -O3 -Wall    -std=c11 -Wextra -Wno-unused-parameter -Wno-missing-field-initializers -Wstrict-prototypes -Werror=implicit-function-declaration -fvisibility=hidden  -I../../Include/internal -I../../Include/internal/mimalloc -IObjects -IInclude -IPython -I. -I../../Include    -DPy_BUILD_CORE_BUILTIN -c ../../Modules/_opcode.c -o Modules/_opcode.o
gcc  -fno-omit-frame-pointer -mno-omit-leaf-frame-pointer  -fno-strict-overflow -Wsign-compare -DNDEBUG -g -O3 -Wall    -std=c11 -Wextra -Wno-unused-parameter -Wno-missing-field-initializers -Wstrict-prototypes -Werror=implicit-function-declaration -fvisibility=hidden  -I../../Include/internal -I../../Include/internal/mimalloc -IObjects -IInclude -IPython -I. -I../../Include    -DPy_BUILD_CORE_BUILTIN -c ../../Modules/_operator.c -o Modules/_operator.o
gcc  -fno-omit-frame-pointer -mno-omit-leaf-frame-pointer  -fno-strict-overflow -Wsign-compare -DNDEBUG -g -O3 -Wall    -std=c11 -Wextra -Wno-unused-parameter -Wno-missing-field-initializers -Wstrict-prototypes -Werror=implicit-function-declaration -fvisibility=hidden  -I../../Include/internal -I../../Include/internal/mimalloc -IObjects -IInclude -IPython -I. -I../../Include    -DPy_BUILD_CORE_BUILTIN -c ../../Modules/_stat.c -o Modules/_stat.o
gcc  -fno-omit-frame-pointer -mno-omit-leaf-frame-pointer  -fno-strict-overflow -Wsign-compare -DNDEBUG -g -O3 -Wall    -std=c11 -Wextra -Wno-unused-parameter -Wno-missing-field-initializers -Wstrict-prototypes -Werror=implicit-function-declaration -fvisibility=hidden  -I../../Include/internal -I../../Include/internal/mimalloc -IObjects -IInclude -IPython -I. -I../../Include    -DPy_BUILD_CORE_BUILTIN -c ../../Modules/symtablemodule.c -o Modules/symtablemodule.o
gcc  -fno-omit-frame-pointer -mno-omit-leaf-frame-pointer  -fno-strict-overflow -Wsign-compare -DNDEBUG -g -O3 -Wall    -std=c11 -Wextra -Wno-unused-parameter -Wno-missing-field-initializers -Wstrict-prototypes -Werror=implicit-function-declaration -fvisibility=hidden  -I../../Include/internal -I../../Include/internal/mimalloc -IObjects -IInclude -IPython -I. -I../../Include    -DPy_BUILD_CORE_BUILTIN -c ../../Modules/pwdmodule.c -o Modules/pwdmodule.o
gcc -c -fno-omit-frame-pointer -mno-omit-leaf-frame-pointer  -fno-strict-overflow -Wsign-compare -DNDEBUG -g -O3 -Wall    -std=c11 -Wextra -Wno-unused-parameter -Wno-missing-field-initializers -Wstrict-prototypes -Werror=implicit-function-declaration -fvisibility=hidden  -I../../Include/internal -I../../Include/internal/mimalloc -IObjects -IInclude -IPython -I. -I../../Include    -DPy_BUILD_CORE -o Programs/_freeze_module.o ../../Programs/_freeze_module.c
gcc -c -fno-omit-frame-pointer -mno-omit-leaf-frame-pointer  -fno-strict-overflow -Wsign-compare -DNDEBUG -g -O3 -Wall    -std=c11 -Wextra -Wno-unused-parameter -Wno-missing-field-initializers -Wstrict-prototypes -Werror=implicit-function-declaration -fvisibility=hidden  -I../../Include/internal -I../../Include/internal/mimalloc -IObjects -IInclude -IPython -I. -I../../Include    -DPy_BUILD_CORE -o Modules/getpath_noop.o ../../Modules/getpath_noop.c
gcc  -fno-omit-frame-pointer -mno-omit-leaf-frame-pointer  -fno-strict-overflow -Wsign-compare -DNDEBUG -g -O3 -Wall    -std=c11 -Wextra -Wno-unused-parameter -Wno-missing-field-initializers -Wstrict-prototypes -Werror=implicit-function-declaration -fvisibility=hidden  -I../../Include/internal -I../../Include/internal/mimalloc -IObjects -IInclude -IPython -I. -I../../Include    -fPIC -c ../../Modules/arraymodule.c -o Modules/arraymodule.o
gcc  -fno-omit-frame-pointer -mno-omit-leaf-frame-pointer  -fno-strict-overflow -Wsign-compare -DNDEBUG -g -O3 -Wall    -std=c11 -Wextra -Wno-unused-parameter -Wno-missing-field-initializers -Wstrict-prototypes -Werror=implicit-function-declaration -fvisibility=hidden  -I../../Include/internal -I../../Include/internal/mimalloc -IObjects -IInclude -IPython -I. -I../../Include    -fPIC -c ../../Modules/_bisectmodule.c -o Modules/_bisectmodule.o
gcc  -fno-omit-frame-pointer -mno-omit-leaf-frame-pointer  -fno-strict-overflow -Wsign-compare -DNDEBUG -g -O3 -Wall    -std=c11 -Wextra -Wno-unused-parameter -Wno-missing-field-initializers -Wstrict-prototypes -Werror=implicit-function-declaration -fvisibility=hidden  -I../../Include/internal -I../../Include/internal/mimalloc -IObjects -IInclude -IPython -I. -I../../Include    -fPIC -c ../../Modules/_csv.c -o Modules/_csv.o
gcc  -fno-omit-frame-pointer -mno-omit-leaf-frame-pointer  -fno-strict-overflow -Wsign-compare -DNDEBUG -g -O3 -Wall    -std=c11 -Wextra -Wno-unused-parameter -Wno-missing-field-initializers -Wstrict-prototypes -Werror=implicit-function-declaration -fvisibility=hidden  -I../../Include/internal -I../../Include/internal/mimalloc -IObjects -IInclude -IPython -I. -I../../Include    -fPIC -c ../../Modules/_heapqmodule.c -o Modules/_heapqmodule.o
gcc  -fno-omit-frame-pointer -mno-omit-leaf-frame-pointer  -fno-strict-overflow -Wsign-compare -DNDEBUG -g -O3 -Wall    -std=c11 -Wextra -Wno-unused-parameter -Wno-missing-field-initializers -Wstrict-prototypes -Werror=implicit-function-declaration -fvisibility=hidden  -I../../Include/internal -I../../Include/internal/mimalloc -IObjects -IInclude -IPython -I. -I../../Include    -fPIC -c ../../Modules/_json.c -o Modules/_json.o
gcc  -fno-omit-frame-pointer -mno-omit-leaf-frame-pointer  -fno-strict-overflow -Wsign-compare -DNDEBUG -g -O3 -Wall    -std=c11 -Wextra -Wno-unused-parameter -Wno-missing-field-initializers -Wstrict-prototypes -Werror=implicit-function-declaration -fvisibility=hidden  -I../../Include/internal -I../../Include/internal/mimalloc -IObjects -IInclude -IPython -I. -I../../Include    -fPIC -c ../../Modules/_lsprof.c -o Modules/_lsprof.o
gcc  -fno-omit-frame-pointer -mno-omit-leaf-frame-pointer  -fno-strict-overflow -Wsign-compare -DNDEBUG -g -O3 -Wall    -std=c11 -Wextra -Wno-unused-parameter -Wno-missing-field-initializers -Wstrict-prototypes -Werror=implicit-function-declaration -fvisibility=hidden  -I../../Include/internal -I../../Include/internal/mimalloc -IObjects -IInclude -IPython -I. -I../../Include    -fPIC -c ../../Modules/rotatingtree.c -o Modules/rotatingtree.o
gcc  -fno-omit-frame-pointer -mno-omit-leaf-frame-pointer  -fno-strict-overflow -Wsign-compare -DNDEBUG -g -O3 -Wall    -std=c11 -Wextra -Wno-unused-parameter -Wno-missing-field-initializers -Wstrict-prototypes -Werror=implicit-function-declaration -fvisibility=hidden  -I../../Include/internal -I../../Include/internal/mimalloc -IObjects -IInclude -IPython -I. -I../../Include    -fPIC -c ../../Modules/mathintegermodule.c -o Modules/mathintegermodule.o
gcc  -fno-omit-frame-pointer -mno-omit-leaf-frame-pointer  -fno-strict-overflow -Wsign-compare -DNDEBUG -g -O3 -Wall    -std=c11 -Wextra -Wno-unused-parameter -Wno-missing-field-initializers -Wstrict-prototypes -Werror=implicit-function-declaration -fvisibility=hidden  -I../../Include/internal -I../../Include/internal/mimalloc -IObjects -IInclude -IPython -I. -I../../Include    -fPIC -c ../../Modules/_pickle.c -o Modules/_pickle.o
gcc  -fno-omit-frame-pointer -mno-omit-leaf-frame-pointer  -fno-strict-overflow -Wsign-compare -DNDEBUG -g -O3 -Wall    -std=c11 -Wextra -Wno-unused-parameter -Wno-missing-field-initializers -Wstrict-prototypes -Werror=implicit-function-declaration -fvisibility=hidden  -I../../Include/internal -I../../Include/internal/mimalloc -IObjects -IInclude -IPython -I. -I../../Include    -fPIC -c ../../Modules/_queuemodule.c -o Modules/_queuemodule.o
gcc  -fno-omit-frame-pointer -mno-omit-leaf-frame-pointer  -fno-strict-overflow -Wsign-compare -DNDEBUG -g -O3 -Wall    -std=c11 -Wextra -Wno-unused-parameter -Wno-missing-field-initializers -Wstrict-prototypes -Werror=implicit-function-declaration -fvisibility=hidden  -I../../Include/internal -I../../Include/internal/mimalloc -IObjects -IInclude -IPython -I. -I../../Include    -fPIC -c ../../Modules/_randommodule.c -o Modules/_randommodule.o
gcc -DHAVE_ZSTD  -fno-omit-frame-pointer -mno-omit-leaf-frame-pointer  -fno-strict-overflow -Wsign-compare -DNDEBUG -g -O3 -Wall    -std=c11 -Wextra -Wno-unused-parameter -Wno-missing-field-initializers -Wstrict-prototypes -Werror=implicit-function-declaration -fvisibility=hidden  -I../../Include/internal -I../../Include/internal/mimalloc -IObjects -IInclude -IPython -I. -I../../Include    -fPIC -c ../../Modules/_remote_debugging/module.c -o Modules/_remote_debugging/module.o
gcc -DHAVE_ZSTD  -fno-omit-frame-pointer -mno-omit-leaf-frame-pointer  -fno-strict-overflow -Wsign-compare -DNDEBUG -g -O3 -Wall    -std=c11 -Wextra -Wno-unused-parameter -Wno-missing-field-initializers -Wstrict-prototypes -Werror=implicit-function-declaration -fvisibility=hidden  -I../../Include/internal -I../../Include/internal/mimalloc -IObjects -IInclude -IPython -I. -I../../Include    -fPIC -c ../../Modules/_remote_debugging/gc_stats.c -o Modules/_remote_debugging/gc_stats.o
gcc -DHAVE_ZSTD  -fno-omit-frame-pointer -mno-omit-leaf-frame-pointer  -fno-strict-overflow -Wsign-compare -DNDEBUG -g -O3 -Wall    -std=c11 -Wextra -Wno-unused-parameter -Wno-missing-field-initializers -Wstrict-prototypes -Werror=implicit-function-declaration -fvisibility=hidden  -I../../Include/internal -I../../Include/internal/mimalloc -IObjects -IInclude -IPython -I. -I../../Include    -fPIC -c ../../Modules/_remote_debugging/object_reading.c -o Modules/_remote_debugging/object_reading.o
gcc -DHAVE_ZSTD  -fno-omit-frame-pointer -mno-omit-leaf-frame-pointer  -fno-strict-overflow -Wsign-compare -DNDEBUG -g -O3 -Wall    -std=c11 -Wextra -Wno-unused-parameter -Wno-missing-field-initializers -Wstrict-prototypes -Werror=implicit-function-declaration -fvisibility=hidden  -I../../Include/internal -I../../Include/internal/mimalloc -IObjects -IInclude -IPython -I. -I../../Include    -fPIC -c ../../Modules/_remote_debugging/code_objects.c -o Modules/_remote_debugging/code_objects.o
gcc -DHAVE_ZSTD  -fno-omit-frame-pointer -mno-omit-leaf-frame-pointer  -fno-strict-overflow -Wsign-compare -DNDEBUG -g -O3 -Wall    -std=c11 -Wextra -Wno-unused-parameter -Wno-missing-field-initializers -Wstrict-prototypes -Werror=implicit-function-declaration -fvisibility=hidden  -I../../Include/internal -I../../Include/internal/mimalloc -IObjects -IInclude -IPython -I. -I../../Include    -fPIC -c ../../Modules/_remote_debugging/frames.c -o Modules/_remote_debugging/frames.o
gcc -DHAVE_ZSTD  -fno-omit-frame-pointer -mno-omit-leaf-frame-pointer  -fno-strict-overflow -Wsign-compare -DNDEBUG -g -O3 -Wall    -std=c11 -Wextra -Wno-unused-parameter -Wno-missing-field-initializers -Wstrict-prototypes -Werror=implicit-function-declaration -fvisibility=hidden  -I../../Include/internal -I../../Include/internal/mimalloc -IObjects -IInclude -IPython -I. -I../../Include    -fPIC -c ../../Modules/_remote_debugging/frame_cache.c -o Modules/_remote_debugging/frame_cache.o
gcc -DHAVE_ZSTD  -fno-omit-frame-pointer -mno-omit-leaf-frame-pointer  -fno-strict-overflow -Wsign-compare -DNDEBUG -g -O3 -Wall    -std=c11 -Wextra -Wno-unused-parameter -Wno-missing-field-initializers -Wstrict-prototypes -Werror=implicit-function-declaration -fvisibility=hidden  -I../../Include/internal -I../../Include/internal/mimalloc -IObjects -IInclude -IPython -I. -I../../Include    -fPIC -c ../../Modules/_remote_debugging/threads.c -o Modules/_remote_debugging/threads.o
gcc -DHAVE_ZSTD  -fno-omit-frame-pointer -mno-omit-leaf-frame-pointer  -fno-strict-overflow -Wsign-compare -DNDEBUG -g -O3 -Wall    -std=c11 -Wextra -Wno-unused-parameter -Wno-missing-field-initializers -Wstrict-prototypes -Werror=implicit-function-declaration -fvisibility=hidden  -I../../Include/internal -I../../Include/internal/mimalloc -IObjects -IInclude -IPython -I. -I../../Include    -fPIC -c ../../Modules/_remote_debugging/asyncio.c -o Modules/_remote_debugging/asyncio.o
gcc -DHAVE_ZSTD  -fno-omit-frame-pointer -mno-omit-leaf-frame-pointer  -fno-strict-overflow -Wsign-compare -DNDEBUG -g -O3 -Wall    -std=c11 -Wextra -Wno-unused-parameter -Wno-missing-field-initializers -Wstrict-prototypes -Werror=implicit-function-declaration -fvisibility=hidden  -I../../Include/internal -I../../Include/internal/mimalloc -IObjects -IInclude -IPython -I. -I../../Include    -fPIC -c ../../Modules/_remote_debugging/binary_io_writer.c -o Modules/_remote_debugging/binary_io_writer.o
gcc -DHAVE_ZSTD  -fno-omit-frame-pointer -mno-omit-leaf-frame-pointer  -fno-strict-overflow -Wsign-compare -DNDEBUG -g -O3 -Wall    -std=c11 -Wextra -Wno-unused-parameter -Wno-missing-field-initializers -Wstrict-prototypes -Werror=implicit-function-declaration -fvisibility=hidden  -I../../Include/internal -I../../Include/internal/mimalloc -IObjects -IInclude -IPython -I. -I../../Include    -fPIC -c ../../Modules/_remote_debugging/binary_io_reader.c -o Modules/_remote_debugging/binary_io_reader.o
gcc -DHAVE_ZSTD  -fno-omit-frame-pointer -mno-omit-leaf-frame-pointer  -fno-strict-overflow -Wsign-compare -DNDEBUG -g -O3 -Wall    -std=c11 -Wextra -Wno-unused-parameter -Wno-missing-field-initializers -Wstrict-prototypes -Werror=implicit-function-declaration -fvisibility=hidden  -I../../Include/internal -I../../Include/internal/mimalloc -IObjects -IInclude -IPython -I. -I../../Include    -fPIC -c ../../Modules/_remote_debugging/subprocess.c -o Modules/_remote_debugging/subprocess.o
gcc -DHAVE_ZSTD  -fno-omit-frame-pointer -mno-omit-leaf-frame-pointer  -fno-strict-overflow -Wsign-compare -DNDEBUG -g -O3 -Wall    -std=c11 -Wextra -Wno-unused-parameter -Wno-missing-field-initializers -Wstrict-prototypes -Werror=implicit-function-declaration -fvisibility=hidden  -I../../Include/internal -I../../Include/internal/mimalloc -IObjects -IInclude -IPython -I. -I../../Include    -fPIC -c ../../Modules/_remote_debugging/interpreters.c -o Modules/_remote_debugging/interpreters.o
gcc  -fno-omit-frame-pointer -mno-omit-leaf-frame-pointer  -fno-strict-overflow -Wsign-compare -DNDEBUG -g -O3 -Wall    -std=c11 -Wextra -Wno-unused-parameter -Wno-missing-field-initializers -Wstrict-prototypes -Werror=implicit-function-declaration -fvisibility=hidden  -I../../Include/internal -I../../Include/internal/mimalloc -IObjects -IInclude -IPython -I. -I../../Include    -fPIC -c ../../Modules/_struct.c -o Modules/_struct.o
gcc  -fno-omit-frame-pointer -mno-omit-leaf-frame-pointer  -fno-strict-overflow -Wsign-compare -DNDEBUG -g -O3 -Wall    -std=c11 -Wextra -Wno-unused-parameter -Wno-missing-field-initializers -Wstrict-prototypes -Werror=implicit-function-declaration -fvisibility=hidden  -I../../Include/internal -I../../Include/internal/mimalloc -IObjects -IInclude -IPython -I. -I../../Include    -fPIC -c ../../Modules/_interpretersmodule.c -o Modules/_interpretersmodule.o
gcc  -fno-omit-frame-pointer -mno-omit-leaf-frame-pointer  -fno-strict-overflow -Wsign-compare -DNDEBUG -g -O3 -Wall    -std=c11 -Wextra -Wno-unused-parameter -Wno-missing-field-initializers -Wstrict-prototypes -Werror=implicit-function-declaration -fvisibility=hidden  -I../../Include/internal -I../../Include/internal/mimalloc -IObjects -IInclude -IPython -I. -I../../Include    -fPIC -c ../../Modules/_interpchannelsmodule.c -o Modules/_interpchannelsmodule.o
gcc  -fno-omit-frame-pointer -mno-omit-leaf-frame-pointer  -fno-strict-overflow -Wsign-compare -DNDEBUG -g -O3 -Wall    -std=c11 -Wextra -Wno-unused-parameter -Wno-missing-field-initializers -Wstrict-prototypes -Werror=implicit-function-declaration -fvisibility=hidden  -I../../Include/internal -I../../Include/internal/mimalloc -IObjects -IInclude -IPython -I. -I../../Include    -fPIC -c ../../Modules/_interpqueuesmodule.c -o Modules/_interpqueuesmodule.o
gcc  -fno-omit-frame-pointer -mno-omit-leaf-frame-pointer  -fno-strict-overflow -Wsign-compare -DNDEBUG -g -O3 -Wall    -std=c11 -Wextra -Wno-unused-parameter -Wno-missing-field-initializers -Wstrict-prototypes -Werror=implicit-function-declaration -fvisibility=hidden  -I../../Include/internal -I../../Include/internal/mimalloc -IObjects -IInclude -IPython -I. -I../../Include    -fPIC -c ../../Modules/_zoneinfo.c -o Modules/_zoneinfo.o
gcc  -fno-omit-frame-pointer -mno-omit-leaf-frame-pointer  -fno-strict-overflow -Wsign-compare -DNDEBUG -g -O3 -Wall    -std=c11 -Wextra -Wno-unused-parameter -Wno-missing-field-initializers -Wstrict-prototypes -Werror=implicit-function-declaration -fvisibility=hidden  -I../../Include/internal -I../../Include/internal/mimalloc -IObjects -IInclude -IPython -I. -I../../Include    -fPIC -c ../../Modules/mathmodule.c -o Modules/mathmodule.o
gcc  -fno-omit-frame-pointer -mno-omit-leaf-frame-pointer  -fno-strict-overflow -Wsign-compare -DNDEBUG -g -O3 -Wall    -std=c11 -Wextra -Wno-unused-parameter -Wno-missing-field-initializers -Wstrict-prototypes -Werror=implicit-function-declaration -fvisibility=hidden  -I../../Include/internal -I../../Include/internal/mimalloc -IObjects -IInclude -IPython -I. -I../../Include    -fPIC -c ../../Modules/cmathmodule.c -o Modules/cmathmodule.o
gcc  -fno-omit-frame-pointer -mno-omit-leaf-frame-pointer  -fno-strict-overflow -Wsign-compare -DNDEBUG -g -O3 -Wall    -std=c11 -Wextra -Wno-unused-parameter -Wno-missing-field-initializers -Wstrict-prototypes -Werror=implicit-function-declaration -fvisibility=hidden  -I../../Include/internal -I../../Include/internal/mimalloc -IObjects -IInclude -IPython -I. -I../../Include    -fPIC -c ../../Modules/_statisticsmodule.c -o Modules/_statisticsmodule.o
gcc -DUSE_ZLIB_CRC32  -fno-omit-frame-pointer -mno-omit-leaf-frame-pointer  -fno-strict-overflow -Wsign-compare -DNDEBUG -g -O3 -Wall    -std=c11 -Wextra -Wno-unused-parameter -Wno-missing-field-initializers -Wstrict-prototypes -Werror=implicit-function-declaration -fvisibility=hidden  -I../../Include/internal -I../../Include/internal/mimalloc -IObjects -IInclude -IPython -I. -I../../Include    -fPIC -c ../../Modules/binascii.c -o Modules/binascii.o
gcc  -fno-omit-frame-pointer -mno-omit-leaf-frame-pointer  -fno-strict-overflow -Wsign-compare -DNDEBUG -g -O3 -Wall    -std=c11 -Wextra -Wno-unused-parameter -Wno-missing-field-initializers -Wstrict-prototypes -Werror=implicit-function-declaration -fvisibility=hidden  -I../../Include/internal -I../../Include/internal/mimalloc -IObjects -IInclude -IPython -I. -I../../Include    -fPIC -c ../../Modules/_bz2module.c -o Modules/_bz2module.o
gcc  -fno-omit-frame-pointer -mno-omit-leaf-frame-pointer  -fno-strict-overflow -Wsign-compare -DNDEBUG -g -O3 -Wall    -std=c11 -Wextra -Wno-unused-parameter -Wno-missing-field-initializers -Wstrict-prototypes -Werror=implicit-function-declaration -fvisibility=hidden  -I../../Include/internal -I../../Include/internal/mimalloc -IObjects -IInclude -IPython -I. -I../../Include    -fPIC -c ../../Modules/_lzmamodule.c -o Modules/_lzmamodule.o
gcc  -fno-omit-frame-pointer -mno-omit-leaf-frame-pointer  -fno-strict-overflow -Wsign-compare -DNDEBUG -g -O3 -Wall    -std=c11 -Wextra -Wno-unused-parameter -Wno-missing-field-initializers -Wstrict-prototypes -Werror=implicit-function-declaration -fvisibility=hidden  -I../../Include/internal -I../../Include/internal/mimalloc -IObjects -IInclude -IPython -I. -I../../Include    -fPIC -c ../../Modules/_zstd/_zstdmodule.c -o Modules/_zstd/_zstdmodule.o
gcc  -fno-omit-frame-pointer -mno-omit-leaf-frame-pointer  -fno-strict-overflow -Wsign-compare -DNDEBUG -g -O3 -Wall    -std=c11 -Wextra -Wno-unused-parameter -Wno-missing-field-initializers -Wstrict-prototypes -Werror=implicit-function-declaration -fvisibility=hidden  -I../../Include/internal -I../../Include/internal/mimalloc -IObjects -IInclude -IPython -I. -I../../Include    -fPIC -c ../../Modules/_zstd/zstddict.c -o Modules/_zstd/zstddict.o
gcc  -fno-omit-frame-pointer -mno-omit-leaf-frame-pointer  -fno-strict-overflow -Wsign-compare -DNDEBUG -g -O3 -Wall    -std=c11 -Wextra -Wno-unused-parameter -Wno-missing-field-initializers -Wstrict-prototypes -Werror=implicit-function-declaration -fvisibility=hidden  -I../../Include/internal -I../../Include/internal/mimalloc -IObjects -IInclude -IPython -I. -I../../Include    -fPIC -c ../../Modules/_zstd/compressor.c -o Modules/_zstd/compressor.o
gcc  -fno-omit-frame-pointer -mno-omit-leaf-frame-pointer  -fno-strict-overflow -Wsign-compare -DNDEBUG -g -O3 -Wall    -std=c11 -Wextra -Wno-unused-parameter -Wno-missing-field-initializers -Wstrict-prototypes -Werror=implicit-function-declaration -fvisibility=hidden  -I../../Include/internal -I../../Include/internal/mimalloc -IObjects -IInclude -IPython -I. -I../../Include    -fPIC -c ../../Modules/_zstd/decompressor.c -o Modules/_zstd/decompressor.o
gcc  -fno-omit-frame-pointer -mno-omit-leaf-frame-pointer  -fno-strict-overflow -Wsign-compare -DNDEBUG -g -O3 -Wall    -std=c11 -Wextra -Wno-unused-parameter -Wno-missing-field-initializers -Wstrict-prototypes -Werror=implicit-function-declaration -fvisibility=hidden  -I../../Include/internal -I../../Include/internal/mimalloc -IObjects -IInclude -IPython -I. -I../../Include    -fPIC -c ../../Modules/zlibmodule.c -o Modules/zlibmodule.o
gcc -DUSE_BERKDB -fno-omit-frame-pointer -mno-omit-leaf-frame-pointer  -fno-strict-overflow -Wsign-compare -DNDEBUG -g -O3 -Wall    -std=c11 -Wextra -Wno-unused-parameter -Wno-missing-field-initializers -Wstrict-prototypes -Werror=implicit-function-declaration -fvisibility=hidden  -I../../Include/internal -I../../Include/internal/mimalloc -IObjects -IInclude -IPython -I. -I../../Include    -fPIC -c ../../Modules/_dbmmodule.c -o Modules/_dbmmodule.o
gcc  -fno-omit-frame-pointer -mno-omit-leaf-frame-pointer  -fno-strict-overflow -Wsign-compare -DNDEBUG -g -O3 -Wall    -std=c11 -Wextra -Wno-unused-parameter -Wno-missing-field-initializers -Wstrict-prototypes -Werror=implicit-function-declaration -fvisibility=hidden  -I../../Include/internal -I../../Include/internal/mimalloc -IObjects -IInclude -IPython -I. -I../../Include    -fPIC -c ../../Modules/_gdbmmodule.c -o Modules/_gdbmmodule.o
gcc -D_DEFAULT_SOURCE  -fno-omit-frame-pointer -mno-omit-leaf-frame-pointer  -fno-strict-overflow -Wsign-compare -DNDEBUG -g -O3 -Wall    -std=c11 -Wextra -Wno-unused-parameter -Wno-missing-field-initializers -Wstrict-prototypes -Werror=implicit-function-declaration -fvisibility=hidden  -I../../Include/internal -I../../Include/internal/mimalloc -IObjects -IInclude -IPython -I. -I../../Include    -fPIC -c ../../Modules/readline.c -o Modules/readline.o
gcc -I../../Modules/_hacl -I../../Modules/_hacl/include -D_BSD_SOURCE -D_DEFAULT_SOURCE -fno-omit-frame-pointer -mno-omit-leaf-frame-pointer  -fno-strict-overflow -Wsign-compare -DNDEBUG -g -O3 -Wall    -std=c11 -Wextra -Wno-unused-parameter -Wno-missing-field-initializers -Wstrict-prototypes -Werror=implicit-function-declaration -fvisibility=hidden  -I../../Include/internal -I../../Include/internal/mimalloc -IObjects -IInclude -IPython -I. -I../../Include    -fPIC -fno-omit-frame-pointer -mno-omit-leaf-frame-pointer  -fno-strict-overflow -Wsign-compare -DNDEBUG -g -O3 -Wall    -std=c11 -Wextra -Wno-unused-parameter -Wno-missing-field-initializers -Wstrict-prototypes -Werror=implicit-function-declaration -fvisibility=hidden  -I../../Include/internal -I../../Include/internal/mimalloc -IObjects -IInclude -IPython -I. -I../../Include    -fPIC -c ../../Modules/md5module.c -o Modules/md5module.o
gcc -I../../Modules/_hacl -I../../Modules/_hacl/include -D_BSD_SOURCE -D_DEFAULT_SOURCE -fno-omit-frame-pointer -mno-omit-leaf-frame-pointer  -fno-strict-overflow -Wsign-compare -DNDEBUG -g -O3 -Wall    -std=c11 -Wextra -Wno-unused-parameter -Wno-missing-field-initializers -Wstrict-prototypes -Werror=implicit-function-declaration -fvisibility=hidden  -I../../Include/internal -I../../Include/internal/mimalloc -IObjects -IInclude -IPython -I. -I../../Include    -fPIC -fno-omit-frame-pointer -mno-omit-leaf-frame-pointer  -fno-strict-overflow -Wsign-compare -DNDEBUG -g -O3 -Wall    -std=c11 -Wextra -Wno-unused-parameter -Wno-missing-field-initializers -Wstrict-prototypes -Werror=implicit-function-declaration -fvisibility=hidden  -I../../Include/internal -I../../Include/internal/mimalloc -IObjects -IInclude -IPython -I. -I../../Include    -fPIC -c ../../Modules/sha1module.c -o Modules/sha1module.o
gcc -I../../Modules/_hacl -I../../Modules/_hacl/include -D_BSD_SOURCE -D_DEFAULT_SOURCE -fno-omit-frame-pointer -mno-omit-leaf-frame-pointer  -fno-strict-overflow -Wsign-compare -DNDEBUG -g -O3 -Wall    -std=c11 -Wextra -Wno-unused-parameter -Wno-missing-field-initializers -Wstrict-prototypes -Werror=implicit-function-declaration -fvisibility=hidden  -I../../Include/internal -I../../Include/internal/mimalloc -IObjects -IInclude -IPython -I. -I../../Include    -fPIC -fno-omit-frame-pointer -mno-omit-leaf-frame-pointer  -fno-strict-overflow -Wsign-compare -DNDEBUG -g -O3 -Wall    -std=c11 -Wextra -Wno-unused-parameter -Wno-missing-field-initializers -Wstrict-prototypes -Werror=implicit-function-declaration -fvisibility=hidden  -I../../Include/internal -I../../Include/internal/mimalloc -IObjects -IInclude -IPython -I. -I../../Include    -fPIC -c ../../Modules/sha2module.c -o Modules/sha2module.o
gcc -I../../Modules/_hacl -I../../Modules/_hacl/include -D_BSD_SOURCE -D_DEFAULT_SOURCE -fno-omit-frame-pointer -mno-omit-leaf-frame-pointer  -fno-strict-overflow -Wsign-compare -DNDEBUG -g -O3 -Wall    -std=c11 -Wextra -Wno-unused-parameter -Wno-missing-field-initializers -Wstrict-prototypes -Werror=implicit-function-declaration -fvisibility=hidden  -I../../Include/internal -I../../Include/internal/mimalloc -IObjects -IInclude -IPython -I. -I../../Include    -fPIC -fno-omit-frame-pointer -mno-omit-leaf-frame-pointer  -fno-strict-overflow -Wsign-compare -DNDEBUG -g -O3 -Wall    -std=c11 -Wextra -Wno-unused-parameter -Wno-missing-field-initializers -Wstrict-prototypes -Werror=implicit-function-declaration -fvisibility=hidden  -I../../Include/internal -I../../Include/internal/mimalloc -IObjects -IInclude -IPython -I. -I../../Include    -fPIC -c ../../Modules/sha3module.c -o Modules/sha3module.o
gcc -I../../Modules/_hacl -I../../Modules/_hacl/include -D_BSD_SOURCE -D_DEFAULT_SOURCE -fno-omit-frame-pointer -mno-omit-leaf-frame-pointer  -fno-strict-overflow -Wsign-compare -DNDEBUG -g -O3 -Wall    -std=c11 -Wextra -Wno-unused-parameter -Wno-missing-field-initializers -Wstrict-prototypes -Werror=implicit-function-declaration -fvisibility=hidden  -I../../Include/internal -I../../Include/internal/mimalloc -IObjects -IInclude -IPython -I. -I../../Include    -fPIC -fno-omit-frame-pointer -mno-omit-leaf-frame-pointer  -fno-strict-overflow -Wsign-compare -DNDEBUG -g -O3 -Wall    -std=c11 -Wextra -Wno-unused-parameter -Wno-missing-field-initializers -Wstrict-prototypes -Werror=implicit-function-declaration -fvisibility=hidden  -I../../Include/internal -I../../Include/internal/mimalloc -IObjects -IInclude -IPython -I. -I../../Include    -fPIC -c ../../Modules/blake2module.c -o Modules/blake2module.o
gcc -I../../Modules/_hacl -I../../Modules/_hacl/include -D_BSD_SOURCE -D_DEFAULT_SOURCE -fno-omit-frame-pointer -mno-omit-leaf-frame-pointer  -fno-strict-overflow -Wsign-compare -DNDEBUG -g -O3 -Wall    -std=c11 -Wextra -Wno-unused-parameter -Wno-missing-field-initializers -Wstrict-prototypes -Werror=implicit-function-declaration -fvisibility=hidden  -I../../Include/internal -I../../Include/internal/mimalloc -IObjects -IInclude -IPython -I. -I../../Include    -fPIC -fno-omit-frame-pointer -mno-omit-leaf-frame-pointer  -fno-strict-overflow -Wsign-compare -DNDEBUG -g -O3 -Wall    -std=c11 -Wextra -Wno-unused-parameter -Wno-missing-field-initializers -Wstrict-prototypes -Werror=implicit-function-declaration -fvisibility=hidden  -I../../Include/internal -I../../Include/internal/mimalloc -IObjects -IInclude -IPython -I. -I../../Include    -fPIC -c ../../Modules/hmacmodule.c -o Modules/hmacmodule.o
gcc -I../../Modules/expat -fno-omit-frame-pointer -mno-omit-leaf-frame-pointer  -fno-strict-overflow -Wsign-compare -DNDEBUG -g -O3 -Wall    -std=c11 -Wextra -Wno-unused-parameter -Wno-missing-field-initializers -Wstrict-prototypes -Werror=implicit-function-declaration -fvisibility=hidden  -I../../Include/internal -I../../Include/internal/mimalloc -IObjects -IInclude -IPython -I. -I../../Include    -fPIC -c ../../Modules/pyexpat.c -o Modules/pyexpat.o
gcc -I../../Modules/expat -fno-omit-frame-pointer -mno-omit-leaf-frame-pointer  -fno-strict-overflow -Wsign-compare -DNDEBUG -g -O3 -Wall    -std=c11 -Wextra -Wno-unused-parameter -Wno-missing-field-initializers -Wstrict-prototypes -Werror=implicit-function-declaration -fvisibility=hidden  -I../../Include/internal -I../../Include/internal/mimalloc -IObjects -IInclude -IPython -I. -I../../Include    -fPIC -c ../../Modules/_elementtree.c -o Modules/_elementtree.o
gcc  -fno-omit-frame-pointer -mno-omit-leaf-frame-pointer  -fno-strict-overflow -Wsign-compare -DNDEBUG -g -O3 -Wall    -std=c11 -Wextra -Wno-unused-parameter -Wno-missing-field-initializers -Wstrict-prototypes -Werror=implicit-function-declaration -fvisibility=hidden  -I../../Include/internal -I../../Include/internal/mimalloc -IObjects -IInclude -IPython -I. -I../../Include    -fPIC -c ../../Modules/cjkcodecs/_codecs_cn.c -o Modules/cjkcodecs/_codecs_cn.o
gcc  -fno-omit-frame-pointer -mno-omit-leaf-frame-pointer  -fno-strict-overflow -Wsign-compare -DNDEBUG -g -O3 -Wall    -std=c11 -Wextra -Wno-unused-parameter -Wno-missing-field-initializers -Wstrict-prototypes -Werror=implicit-function-declaration -fvisibility=hidden  -I../../Include/internal -I../../Include/internal/mimalloc -IObjects -IInclude -IPython -I. -I../../Include    -fPIC -c ../../Modules/cjkcodecs/_codecs_hk.c -o Modules/cjkcodecs/_codecs_hk.o
gcc  -fno-omit-frame-pointer -mno-omit-leaf-frame-pointer  -fno-strict-overflow -Wsign-compare -DNDEBUG -g -O3 -Wall    -std=c11 -Wextra -Wno-unused-parameter -Wno-missing-field-initializers -Wstrict-prototypes -Werror=implicit-function-declaration -fvisibility=hidden  -I../../Include/internal -I../../Include/internal/mimalloc -IObjects -IInclude -IPython -I. -I../../Include    -fPIC -c ../../Modules/cjkcodecs/_codecs_iso2022.c -o Modules/cjkcodecs/_codecs_iso2022.o
gcc  -fno-omit-frame-pointer -mno-omit-leaf-frame-pointer  -fno-strict-overflow -Wsign-compare -DNDEBUG -g -O3 -Wall    -std=c11 -Wextra -Wno-unused-parameter -Wno-missing-field-initializers -Wstrict-prototypes -Werror=implicit-function-declaration -fvisibility=hidden  -I../../Include/internal -I../../Include/internal/mimalloc -IObjects -IInclude -IPython -I. -I../../Include    -fPIC -c ../../Modules/cjkcodecs/_codecs_jp.c -o Modules/cjkcodecs/_codecs_jp.o
gcc  -fno-omit-frame-pointer -mno-omit-leaf-frame-pointer  -fno-strict-overflow -Wsign-compare -DNDEBUG -g -O3 -Wall    -std=c11 -Wextra -Wno-unused-parameter -Wno-missing-field-initializers -Wstrict-prototypes -Werror=implicit-function-declaration -fvisibility=hidden  -I../../Include/internal -I../../Include/internal/mimalloc -IObjects -IInclude -IPython -I. -I../../Include    -fPIC -c ../../Modules/cjkcodecs/_codecs_kr.c -o Modules/cjkcodecs/_codecs_kr.o
gcc  -fno-omit-frame-pointer -mno-omit-leaf-frame-pointer  -fno-strict-overflow -Wsign-compare -DNDEBUG -g -O3 -Wall    -std=c11 -Wextra -Wno-unused-parameter -Wno-missing-field-initializers -Wstrict-prototypes -Werror=implicit-function-declaration -fvisibility=hidden  -I../../Include/internal -I../../Include/internal/mimalloc -IObjects -IInclude -IPython -I. -I../../Include    -fPIC -c ../../Modules/cjkcodecs/_codecs_tw.c -o Modules/cjkcodecs/_codecs_tw.o
gcc  -fno-omit-frame-pointer -mno-omit-leaf-frame-pointer  -fno-strict-overflow -Wsign-compare -DNDEBUG -g -O3 -Wall    -std=c11 -Wextra -Wno-unused-parameter -Wno-missing-field-initializers -Wstrict-prototypes -Werror=implicit-function-declaration -fvisibility=hidden  -I../../Include/internal -I../../Include/internal/mimalloc -IObjects -IInclude -IPython -I. -I../../Include    -fPIC -c ../../Modules/cjkcodecs/multibytecodec.c -o Modules/cjkcodecs/multibytecodec.o
gcc  -fno-omit-frame-pointer -mno-omit-leaf-frame-pointer  -fno-strict-overflow -Wsign-compare -DNDEBUG -g -O3 -Wall    -std=c11 -Wextra -Wno-unused-parameter -Wno-missing-field-initializers -Wstrict-prototypes -Werror=implicit-function-declaration -fvisibility=hidden  -I../../Include/internal -I../../Include/internal/mimalloc -IObjects -IInclude -IPython -I. -I../../Include    -fPIC -c ../../Modules/unicodedata.c -o Modules/unicodedata.o
gcc  -fno-omit-frame-pointer -mno-omit-leaf-frame-pointer  -fno-strict-overflow -Wsign-compare -DNDEBUG -g -O3 -Wall    -std=c11 -Wextra -Wno-unused-parameter -Wno-missing-field-initializers -Wstrict-prototypes -Werror=implicit-function-declaration -fvisibility=hidden  -I../../Include/internal -I../../Include/internal/mimalloc -IObjects -IInclude -IPython -I. -I../../Include    -fPIC -c ../../Modules/fcntlmodule.c -o Modules/fcntlmodule.o
gcc  -fno-omit-frame-pointer -mno-omit-leaf-frame-pointer  -fno-strict-overflow -Wsign-compare -DNDEBUG -g -O3 -Wall    -std=c11 -Wextra -Wno-unused-parameter -Wno-missing-field-initializers -Wstrict-prototypes -Werror=implicit-function-declaration -fvisibility=hidden  -I../../Include/internal -I../../Include/internal/mimalloc -IObjects -IInclude -IPython -I. -I../../Include    -fPIC -c ../../Modules/grpmodule.c -o Modules/grpmodule.o
gcc  -fno-omit-frame-pointer -mno-omit-leaf-frame-pointer  -fno-strict-overflow -Wsign-compare -DNDEBUG -g -O3 -Wall    -std=c11 -Wextra -Wno-unused-parameter -Wno-missing-field-initializers -Wstrict-prototypes -Werror=implicit-function-declaration -fvisibility=hidden  -I../../Include/internal -I../../Include/internal/mimalloc -IObjects -IInclude -IPython -I. -I../../Include    -fPIC -c ../../Modules/mmapmodule.c -o Modules/mmapmodule.o
gcc  -fno-omit-frame-pointer -mno-omit-leaf-frame-pointer  -fno-strict-overflow -Wsign-compare -DNDEBUG -g -O3 -Wall    -std=c11 -Wextra -Wno-unused-parameter -Wno-missing-field-initializers -Wstrict-prototypes -Werror=implicit-function-declaration -fvisibility=hidden  -I../../Include/internal -I../../Include/internal/mimalloc -IObjects -IInclude -IPython -I. -I../../Include    -fPIC -c ../../Modules/_posixsubprocess.c -o Modules/_posixsubprocess.o
gcc  -fno-omit-frame-pointer -mno-omit-leaf-frame-pointer  -fno-strict-overflow -Wsign-compare -DNDEBUG -g -O3 -Wall    -std=c11 -Wextra -Wno-unused-parameter -Wno-missing-field-initializers -Wstrict-prototypes -Werror=implicit-function-declaration -fvisibility=hidden  -I../../Include/internal -I../../Include/internal/mimalloc -IObjects -IInclude -IPython -I. -I../../Include    -fPIC -c ../../Modules/resource.c -o Modules/resource.o
gcc  -fno-omit-frame-pointer -mno-omit-leaf-frame-pointer  -fno-strict-overflow -Wsign-compare -DNDEBUG -g -O3 -Wall    -std=c11 -Wextra -Wno-unused-parameter -Wno-missing-field-initializers -Wstrict-prototypes -Werror=implicit-function-declaration -fvisibility=hidden  -I../../Include/internal -I../../Include/internal/mimalloc -IObjects -IInclude -IPython -I. -I../../Include    -fPIC -c ../../Modules/selectmodule.c -o Modules/selectmodule.o
gcc  -fno-omit-frame-pointer -mno-omit-leaf-frame-pointer  -fno-strict-overflow -Wsign-compare -DNDEBUG -g -O3 -Wall    -std=c11 -Wextra -Wno-unused-parameter -Wno-missing-field-initializers -Wstrict-prototypes -Werror=implicit-function-declaration -fvisibility=hidden  -I../../Include/internal -I../../Include/internal/mimalloc -IObjects -IInclude -IPython -I. -I../../Include    -fPIC -c ../../Modules/socketmodule.c -o Modules/socketmodule.o
gcc  -fno-omit-frame-pointer -mno-omit-leaf-frame-pointer  -fno-strict-overflow -Wsign-compare -DNDEBUG -g -O3 -Wall    -std=c11 -Wextra -Wno-unused-parameter -Wno-missing-field-initializers -Wstrict-prototypes -Werror=implicit-function-declaration -fvisibility=hidden  -I../../Include/internal -I../../Include/internal/mimalloc -IObjects -IInclude -IPython -I. -I../../Include    -fPIC -c ../../Modules/syslogmodule.c -o Modules/syslogmodule.o
gcc  -fno-omit-frame-pointer -mno-omit-leaf-frame-pointer  -fno-strict-overflow -Wsign-compare -DNDEBUG -g -O3 -Wall    -std=c11 -Wextra -Wno-unused-parameter -Wno-missing-field-initializers -Wstrict-prototypes -Werror=implicit-function-declaration -fvisibility=hidden  -I../../Include/internal -I../../Include/internal/mimalloc -IObjects -IInclude -IPython -I. -I../../Include    -fPIC -c ../../Modules/termios.c -o Modules/termios.o
gcc -I../../Modules/_multiprocessing -fno-omit-frame-pointer -mno-omit-leaf-frame-pointer  -fno-strict-overflow -Wsign-compare -DNDEBUG -g -O3 -Wall    -std=c11 -Wextra -Wno-unused-parameter -Wno-missing-field-initializers -Wstrict-prototypes -Werror=implicit-function-declaration -fvisibility=hidden  -I../../Include/internal -I../../Include/internal/mimalloc -IObjects -IInclude -IPython -I. -I../../Include    -fPIC -c ../../Modules/_multiprocessing/posixshmem.c -o Modules/_multiprocessing/posixshmem.o
gcc -I../../Modules/_multiprocessing -fno-omit-frame-pointer -mno-omit-leaf-frame-pointer  -fno-strict-overflow -Wsign-compare -DNDEBUG -g -O3 -Wall    -std=c11 -Wextra -Wno-unused-parameter -Wno-missing-field-initializers -Wstrict-prototypes -Werror=implicit-function-declaration -fvisibility=hidden  -I../../Include/internal -I../../Include/internal/mimalloc -IObjects -IInclude -IPython -I. -I../../Include    -fPIC -c ../../Modules/_multiprocessing/multiprocessing.c -o Modules/_multiprocessing/multiprocessing.o
gcc -I../../Modules/_multiprocessing -fno-omit-frame-pointer -mno-omit-leaf-frame-pointer  -fno-strict-overflow -Wsign-compare -DNDEBUG -g -O3 -Wall    -std=c11 -Wextra -Wno-unused-parameter -Wno-missing-field-initializers -Wstrict-prototypes -Werror=implicit-function-declaration -fvisibility=hidden  -I../../Include/internal -I../../Include/internal/mimalloc -IObjects -IInclude -IPython -I. -I../../Include    -fPIC -c ../../Modules/_multiprocessing/semaphore.c -o Modules/_multiprocessing/semaphore.o
gcc -fno-strict-overflow  -fno-omit-frame-pointer -mno-omit-leaf-frame-pointer  -fno-strict-overflow -Wsign-compare -DNDEBUG -g -O3 -Wall    -std=c11 -Wextra -Wno-unused-parameter -Wno-missing-field-initializers -Wstrict-prototypes -Werror=implicit-function-declaration -fvisibility=hidden  -I../../Include/internal -I../../Include/internal/mimalloc -IObjects -IInclude -IPython -I. -I../../Include    -fPIC -c ../../Modules/_ctypes/_ctypes.c -o Modules/_ctypes/_ctypes.o
gcc -fno-strict-overflow  -fno-omit-frame-pointer -mno-omit-leaf-frame-pointer  -fno-strict-overflow -Wsign-compare -DNDEBUG -g -O3 -Wall    -std=c11 -Wextra -Wno-unused-parameter -Wno-missing-field-initializers -Wstrict-prototypes -Werror=implicit-function-declaration -fvisibility=hidden  -I../../Include/internal -I../../Include/internal/mimalloc -IObjects -IInclude -IPython -I. -I../../Include    -fPIC -c ../../Modules/_ctypes/callbacks.c -o Modules/_ctypes/callbacks.o
gcc -fno-strict-overflow  -fno-omit-frame-pointer -mno-omit-leaf-frame-pointer  -fno-strict-overflow -Wsign-compare -DNDEBUG -g -O3 -Wall    -std=c11 -Wextra -Wno-unused-parameter -Wno-missing-field-initializers -Wstrict-prototypes -Werror=implicit-function-declaration -fvisibility=hidden  -I../../Include/internal -I../../Include/internal/mimalloc -IObjects -IInclude -IPython -I. -I../../Include    -fPIC -c ../../Modules/_ctypes/callproc.c -o Modules/_ctypes/callproc.o
gcc -fno-strict-overflow  -fno-omit-frame-pointer -mno-omit-leaf-frame-pointer  -fno-strict-overflow -Wsign-compare -DNDEBUG -g -O3 -Wall    -std=c11 -Wextra -Wno-unused-parameter -Wno-missing-field-initializers -Wstrict-prototypes -Werror=implicit-function-declaration -fvisibility=hidden  -I../../Include/internal -I../../Include/internal/mimalloc -IObjects -IInclude -IPython -I. -I../../Include    -fPIC -c ../../Modules/_ctypes/stgdict.c -o Modules/_ctypes/stgdict.o
gcc -fno-strict-overflow  -fno-omit-frame-pointer -mno-omit-leaf-frame-pointer  -fno-strict-overflow -Wsign-compare -DNDEBUG -g -O3 -Wall    -std=c11 -Wextra -Wno-unused-parameter -Wno-missing-field-initializers -Wstrict-prototypes -Werror=implicit-function-declaration -fvisibility=hidden  -I../../Include/internal -I../../Include/internal/mimalloc -IObjects -IInclude -IPython -I. -I../../Include    -fPIC -c ../../Modules/_ctypes/cfield.c -o Modules/_ctypes/cfield.o
gcc -D_DEFAULT_SOURCE  -fno-omit-frame-pointer -mno-omit-leaf-frame-pointer  -fno-strict-overflow -Wsign-compare -DNDEBUG -g -O3 -Wall    -std=c11 -Wextra -Wno-unused-parameter -Wno-missing-field-initializers -Wstrict-prototypes -Werror=implicit-function-declaration -fvisibility=hidden  -I../../Include/internal -I../../Include/internal/mimalloc -IObjects -IInclude -IPython -I. -I../../Include    -fPIC -c ../../Modules/_cursesmodule.c -o Modules/_cursesmodule.o
gcc -D_DEFAULT_SOURCE  -D_DEFAULT_SOURCE  -fno-omit-frame-pointer -mno-omit-leaf-frame-pointer  -fno-strict-overflow -Wsign-compare -DNDEBUG -g -O3 -Wall    -std=c11 -Wextra -Wno-unused-parameter -Wno-missing-field-initializers -Wstrict-prototypes -Werror=implicit-function-declaration -fvisibility=hidden  -I../../Include/internal -I../../Include/internal/mimalloc -IObjects -IInclude -IPython -I. -I../../Include    -fPIC -c ../../Modules/_curses_panel.c -o Modules/_curses_panel.o
gcc -I../../Modules/_sqlite -fno-omit-frame-pointer -mno-omit-leaf-frame-pointer  -fno-strict-overflow -Wsign-compare -DNDEBUG -g -O3 -Wall    -std=c11 -Wextra -Wno-unused-parameter -Wno-missing-field-initializers -Wstrict-prototypes -Werror=implicit-function-declaration -fvisibility=hidden  -I../../Include/internal -I../../Include/internal/mimalloc -IObjects -IInclude -IPython -I. -I../../Include    -fPIC -c ../../Modules/_sqlite/blob.c -o Modules/_sqlite/blob.o
gcc -I../../Modules/_sqlite -fno-omit-frame-pointer -mno-omit-leaf-frame-pointer  -fno-strict-overflow -Wsign-compare -DNDEBUG -g -O3 -Wall    -std=c11 -Wextra -Wno-unused-parameter -Wno-missing-field-initializers -Wstrict-prototypes -Werror=implicit-function-declaration -fvisibility=hidden  -I../../Include/internal -I../../Include/internal/mimalloc -IObjects -IInclude -IPython -I. -I../../Include    -fPIC -c ../../Modules/_sqlite/connection.c -o Modules/_sqlite/connection.o
gcc -I../../Modules/_sqlite -fno-omit-frame-pointer -mno-omit-leaf-frame-pointer  -fno-strict-overflow -Wsign-compare -DNDEBUG -g -O3 -Wall    -std=c11 -Wextra -Wno-unused-parameter -Wno-missing-field-initializers -Wstrict-prototypes -Werror=implicit-function-declaration -fvisibility=hidden  -I../../Include/internal -I../../Include/internal/mimalloc -IObjects -IInclude -IPython -I. -I../../Include    -fPIC -c ../../Modules/_sqlite/cursor.c -o Modules/_sqlite/cursor.o
gcc -I../../Modules/_sqlite -fno-omit-frame-pointer -mno-omit-leaf-frame-pointer  -fno-strict-overflow -Wsign-compare -DNDEBUG -g -O3 -Wall    -std=c11 -Wextra -Wno-unused-parameter -Wno-missing-field-initializers -Wstrict-prototypes -Werror=implicit-function-declaration -fvisibility=hidden  -I../../Include/internal -I../../Include/internal/mimalloc -IObjects -IInclude -IPython -I. -I../../Include    -fPIC -c ../../Modules/_sqlite/microprotocols.c -o Modules/_sqlite/microprotocols.o
gcc -I../../Modules/_sqlite -fno-omit-frame-pointer -mno-omit-leaf-frame-pointer  -fno-strict-overflow -Wsign-compare -DNDEBUG -g -O3 -Wall    -std=c11 -Wextra -Wno-unused-parameter -Wno-missing-field-initializers -Wstrict-prototypes -Werror=implicit-function-declaration -fvisibility=hidden  -I../../Include/internal -I../../Include/internal/mimalloc -IObjects -IInclude -IPython -I. -I../../Include    -fPIC -c ../../Modules/_sqlite/module.c -o Modules/_sqlite/module.o
gcc -I../../Modules/_sqlite -fno-omit-frame-pointer -mno-omit-leaf-frame-pointer  -fno-strict-overflow -Wsign-compare -DNDEBUG -g -O3 -Wall    -std=c11 -Wextra -Wno-unused-parameter -Wno-missing-field-initializers -Wstrict-prototypes -Werror=implicit-function-declaration -fvisibility=hidden  -I../../Include/internal -I../../Include/internal/mimalloc -IObjects -IInclude -IPython -I. -I../../Include    -fPIC -c ../../Modules/_sqlite/prepare_protocol.c -o Modules/_sqlite/prepare_protocol.o
gcc -I../../Modules/_sqlite -fno-omit-frame-pointer -mno-omit-leaf-frame-pointer  -fno-strict-overflow -Wsign-compare -DNDEBUG -g -O3 -Wall    -std=c11 -Wextra -Wno-unused-parameter -Wno-missing-field-initializers -Wstrict-prototypes -Werror=implicit-function-declaration -fvisibility=hidden  -I../../Include/internal -I../../Include/internal/mimalloc -IObjects -IInclude -IPython -I. -I../../Include    -fPIC -c ../../Modules/_sqlite/row.c -o Modules/_sqlite/row.o
gcc -I../../Modules/_sqlite -fno-omit-frame-pointer -mno-omit-leaf-frame-pointer  -fno-strict-overflow -Wsign-compare -DNDEBUG -g -O3 -Wall    -std=c11 -Wextra -Wno-unused-parameter -Wno-missing-field-initializers -Wstrict-prototypes -Werror=implicit-function-declaration -fvisibility=hidden  -I../../Include/internal -I../../Include/internal/mimalloc -IObjects -IInclude -IPython -I. -I../../Include    -fPIC -c ../../Modules/_sqlite/statement.c -o Modules/_sqlite/statement.o
gcc -I../../Modules/_sqlite -fno-omit-frame-pointer -mno-omit-leaf-frame-pointer  -fno-strict-overflow -Wsign-compare -DNDEBUG -g -O3 -Wall    -std=c11 -Wextra -Wno-unused-parameter -Wno-missing-field-initializers -Wstrict-prototypes -Werror=implicit-function-declaration -fvisibility=hidden  -I../../Include/internal -I../../Include/internal/mimalloc -IObjects -IInclude -IPython -I. -I../../Include    -fPIC -c ../../Modules/_sqlite/util.c -o Modules/_sqlite/util.o
gcc  -fno-omit-frame-pointer -mno-omit-leaf-frame-pointer  -fno-strict-overflow -Wsign-compare -DNDEBUG -g -O3 -Wall    -std=c11 -Wextra -Wno-unused-parameter -Wno-missing-field-initializers -Wstrict-prototypes -Werror=implicit-function-declaration -fvisibility=hidden  -I../../Include/internal -I../../Include/internal/mimalloc -IObjects -IInclude -IPython -I. -I../../Include    -fPIC -c ../../Modules/_ssl.c -o Modules/_ssl.o
gcc  -fno-omit-frame-pointer -mno-omit-leaf-frame-pointer  -fno-strict-overflow -Wsign-compare -DNDEBUG -g -O3 -Wall    -std=c11 -Wextra -Wno-unused-parameter -Wno-missing-field-initializers -Wstrict-prototypes -Werror=implicit-function-declaration -fvisibility=hidden  -I../../Include/internal -I../../Include/internal/mimalloc -IObjects -IInclude -IPython -I. -I../../Include    -fPIC -c ../../Modules/_hashopenssl.c -o Modules/_hashopenssl.o
gcc -I/usr/include/uuid  -fno-omit-frame-pointer -mno-omit-leaf-frame-pointer  -fno-strict-overflow -Wsign-compare -DNDEBUG -g -O3 -Wall    -std=c11 -Wextra -Wno-unused-parameter -Wno-missing-field-initializers -Wstrict-prototypes -Werror=implicit-function-declaration -fvisibility=hidden  -I../../Include/internal -I../../Include/internal/mimalloc -IObjects -IInclude -IPython -I. -I../../Include    -fPIC -c ../../Modules/_uuidmodule.c -o Modules/_uuidmodule.o
gcc -I/usr/include/tcl8.6  -Wno-strict-prototypes -DWITH_APPINIT=1 -fno-omit-frame-pointer -mno-omit-leaf-frame-pointer  -fno-strict-overflow -Wsign-compare -DNDEBUG -g -O3 -Wall    -std=c11 -Wextra -Wno-unused-parameter -Wno-missing-field-initializers -Wstrict-prototypes -Werror=implicit-function-declaration -fvisibility=hidden  -I../../Include/internal -I../../Include/internal/mimalloc -IObjects -IInclude -IPython -I. -I../../Include    -fPIC -c ../../Modules/_tkinter.c -o Modules/_tkinter.o
gcc -I/usr/include/tcl8.6  -Wno-strict-prototypes -DWITH_APPINIT=1 -fno-omit-frame-pointer -mno-omit-leaf-frame-pointer  -fno-strict-overflow -Wsign-compare -DNDEBUG -g -O3 -Wall    -std=c11 -Wextra -Wno-unused-parameter -Wno-missing-field-initializers -Wstrict-prototypes -Werror=implicit-function-declaration -fvisibility=hidden  -I../../Include/internal -I../../Include/internal/mimalloc -IObjects -IInclude -IPython -I. -I../../Include    -fPIC -c ../../Modules/tkappinit.c -o Modules/tkappinit.o
gcc  -fno-omit-frame-pointer -mno-omit-leaf-frame-pointer  -fno-strict-overflow -Wsign-compare -DNDEBUG -g -O3 -Wall    -std=c11 -Wextra -Wno-unused-parameter -Wno-missing-field-initializers -Wstrict-prototypes -Werror=implicit-function-declaration -fvisibility=hidden  -I../../Include/internal -I../../Include/internal/mimalloc -IObjects -IInclude -IPython -I. -I../../Include    -fPIC -c ../../Modules/xxsubtype.c -o Modules/xxsubtype.o
gcc  -fno-omit-frame-pointer -mno-omit-leaf-frame-pointer  -fno-strict-overflow -Wsign-compare -DNDEBUG -g -O3 -Wall    -std=c11 -Wextra -Wno-unused-parameter -Wno-missing-field-initializers -Wstrict-prototypes -Werror=implicit-function-declaration -fvisibility=hidden  -I../../Include/internal -I../../Include/internal/mimalloc -IObjects -IInclude -IPython -I. -I../../Include    -fPIC -c ../../Modules/_xxtestfuzz/_xxtestfuzz.c -o Modules/_xxtestfuzz/_xxtestfuzz.o
gcc  -fno-omit-frame-pointer -mno-omit-leaf-frame-pointer  -fno-strict-overflow -Wsign-compare -DNDEBUG -g -O3 -Wall    -std=c11 -Wextra -Wno-unused-parameter -Wno-missing-field-initializers -Wstrict-prototypes -Werror=implicit-function-declaration -fvisibility=hidden  -I../../Include/internal -I../../Include/internal/mimalloc -IObjects -IInclude -IPython -I. -I../../Include    -fPIC -c ../../Modules/_xxtestfuzz/fuzzer.c -o Modules/_xxtestfuzz/fuzzer.o
gcc  -fno-omit-frame-pointer -mno-omit-leaf-frame-pointer  -fno-strict-overflow -Wsign-compare -DNDEBUG -g -O3 -Wall    -std=c11 -Wextra -Wno-unused-parameter -Wno-missing-field-initializers -Wstrict-prototypes -Werror=implicit-function-declaration -fvisibility=hidden  -I../../Include/internal -I../../Include/internal/mimalloc -IObjects -IInclude -IPython -I. -I../../Include    -fPIC -c ../../Modules/_testbuffer.c -o Modules/_testbuffer.o
gcc  -fno-omit-frame-pointer -mno-omit-leaf-frame-pointer  -fno-strict-overflow -Wsign-compare -DNDEBUG -g -O3 -Wall    -std=c11 -Wextra -Wno-unused-parameter -Wno-missing-field-initializers -Wstrict-prototypes -Werror=implicit-function-declaration -fvisibility=hidden  -I../../Include/internal -I../../Include/internal/mimalloc -IObjects -IInclude -IPython -I. -I../../Include    -fPIC -c ../../Modules/_testinternalcapi.c -o Modules/_testinternalcapi.o
gcc  -fno-omit-frame-pointer -mno-omit-leaf-frame-pointer  -fno-strict-overflow -Wsign-compare -DNDEBUG -g -O3 -Wall    -std=c11 -Wextra -Wno-unused-parameter -Wno-missing-field-initializers -Wstrict-prototypes -Werror=implicit-function-declaration -fvisibility=hidden  -I../../Include/internal -I../../Include/internal/mimalloc -IObjects -IInclude -IPython -I. -I../../Include    -fPIC -c ../../Modules/_testinternalcapi/test_lock.c -o Modules/_testinternalcapi/test_lock.o
gcc  -fno-omit-frame-pointer -mno-omit-leaf-frame-pointer  -fno-strict-overflow -Wsign-compare -DNDEBUG -g -O3 -Wall    -std=c11 -Wextra -Wno-unused-parameter -Wno-missing-field-initializers -Wstrict-prototypes -Werror=implicit-function-declaration -fvisibility=hidden  -I../../Include/internal -I../../Include/internal/mimalloc -IObjects -IInclude -IPython -I. -I../../Include    -fPIC -c ../../Modules/_testinternalcapi/pytime.c -o Modules/_testinternalcapi/pytime.o
gcc  -fno-omit-frame-pointer -mno-omit-leaf-frame-pointer  -fno-strict-overflow -Wsign-compare -DNDEBUG -g -O3 -Wall    -std=c11 -Wextra -Wno-unused-parameter -Wno-missing-field-initializers -Wstrict-prototypes -Werror=implicit-function-declaration -fvisibility=hidden  -I../../Include/internal -I../../Include/internal/mimalloc -IObjects -IInclude -IPython -I. -I../../Include    -fPIC -c ../../Modules/_testinternalcapi/set.c -o Modules/_testinternalcapi/set.o
gcc  -fno-omit-frame-pointer -mno-omit-leaf-frame-pointer  -fno-strict-overflow -Wsign-compare -DNDEBUG -g -O3 -Wall    -std=c11 -Wextra -Wno-unused-parameter -Wno-missing-field-initializers -Wstrict-prototypes -Werror=implicit-function-declaration -fvisibility=hidden  -I../../Include/internal -I../../Include/internal/mimalloc -IObjects -IInclude -IPython -I. -I../../Include    -fPIC -c ../../Modules/_testinternalcapi/test_critical_sections.c -o Modules/_testinternalcapi/test_critical_sections.o
gcc  -fno-omit-frame-pointer -mno-omit-leaf-frame-pointer  -fno-strict-overflow -Wsign-compare -DNDEBUG -g -O3 -Wall    -std=c11 -Wextra -Wno-unused-parameter -Wno-missing-field-initializers -Wstrict-prototypes -Werror=implicit-function-declaration -fvisibility=hidden  -I../../Include/internal -I../../Include/internal/mimalloc -IObjects -IInclude -IPython -I. -I../../Include    -fPIC -c ../../Modules/_testinternalcapi/complex.c -o Modules/_testinternalcapi/complex.o
gcc  -fno-omit-frame-pointer -mno-omit-leaf-frame-pointer  -fno-strict-overflow -Wsign-compare -DNDEBUG -g -O3 -Wall    -std=c11 -Wextra -Wno-unused-parameter -Wno-missing-field-initializers -Wstrict-prototypes -Werror=implicit-function-declaration -fvisibility=hidden  -I../../Include/internal -I../../Include/internal/mimalloc -IObjects -IInclude -IPython -I. -I../../Include    -fPIC -c ../../Modules/_testinternalcapi/interpreter.c -o Modules/_testinternalcapi/interpreter.o
gcc  -fno-omit-frame-pointer -mno-omit-leaf-frame-pointer  -fno-strict-overflow -Wsign-compare -DNDEBUG -g -O3 -Wall    -std=c11 -Wextra -Wno-unused-parameter -Wno-missing-field-initializers -Wstrict-prototypes -Werror=implicit-function-declaration -fvisibility=hidden  -I../../Include/internal -I../../Include/internal/mimalloc -IObjects -IInclude -IPython -I. -I../../Include    -fPIC -c ../../Modules/_testinternalcapi/tokenizer.c -o Modules/_testinternalcapi/tokenizer.o
gcc  -fno-omit-frame-pointer -mno-omit-leaf-frame-pointer  -fno-strict-overflow -Wsign-compare -DNDEBUG -g -O3 -Wall    -std=c11 -Wextra -Wno-unused-parameter -Wno-missing-field-initializers -Wstrict-prototypes -Werror=implicit-function-declaration -fvisibility=hidden  -I../../Include/internal -I../../Include/internal/mimalloc -IObjects -IInclude -IPython -I. -I../../Include    -fPIC -c ../../Modules/_testinternalcapi/tuple.c -o Modules/_testinternalcapi/tuple.o
gcc  -fno-omit-frame-pointer -mno-omit-leaf-frame-pointer  -fno-strict-overflow -Wsign-compare -DNDEBUG -g -O3 -Wall    -std=c11 -Wextra -Wno-unused-parameter -Wno-missing-field-initializers -Wstrict-prototypes -Werror=implicit-function-declaration -fvisibility=hidden  -I../../Include/internal -I../../Include/internal/mimalloc -IObjects -IInclude -IPython -I. -I../../Include    -fPIC -c ../../Modules/_testinternalcapi/typecache.c -o Modules/_testinternalcapi/typecache.o
gcc  -fno-omit-frame-pointer -mno-omit-leaf-frame-pointer  -fno-strict-overflow -Wsign-compare -DNDEBUG -g -O3 -Wall    -std=c11 -Wextra -Wno-unused-parameter -Wno-missing-field-initializers -Wstrict-prototypes -Werror=implicit-function-declaration -fvisibility=hidden  -I../../Include/internal -I../../Include/internal/mimalloc -IObjects -IInclude -IPython -I. -I../../Include    -fPIC -c ../../Modules/_testcapimodule.c -o Modules/_testcapimodule.o
gcc  -fno-omit-frame-pointer -mno-omit-leaf-frame-pointer  -fno-strict-overflow -Wsign-compare -DNDEBUG -g -O3 -Wall    -std=c11 -Wextra -Wno-unused-parameter -Wno-missing-field-initializers -Wstrict-prototypes -Werror=implicit-function-declaration -fvisibility=hidden  -I../../Include/internal -I../../Include/internal/mimalloc -IObjects -IInclude -IPython -I. -I../../Include    -fPIC -c ../../Modules/_testcapi/vectorcall.c -o Modules/_testcapi/vectorcall.o
gcc  -fno-omit-frame-pointer -mno-omit-leaf-frame-pointer  -fno-strict-overflow -Wsign-compare -DNDEBUG -g -O3 -Wall    -std=c11 -Wextra -Wno-unused-parameter -Wno-missing-field-initializers -Wstrict-prototypes -Werror=implicit-function-declaration -fvisibility=hidden  -I../../Include/internal -I../../Include/internal/mimalloc -IObjects -IInclude -IPython -I. -I../../Include    -fPIC -c ../../Modules/_testcapi/heaptype.c -o Modules/_testcapi/heaptype.o
gcc  -fno-omit-frame-pointer -mno-omit-leaf-frame-pointer  -fno-strict-overflow -Wsign-compare -DNDEBUG -g -O3 -Wall    -std=c11 -Wextra -Wno-unused-parameter -Wno-missing-field-initializers -Wstrict-prototypes -Werror=implicit-function-declaration -fvisibility=hidden  -I../../Include/internal -I../../Include/internal/mimalloc -IObjects -IInclude -IPython -I. -I../../Include    -fPIC -c ../../Modules/_testcapi/abstract.c -o Modules/_testcapi/abstract.o
gcc  -fno-omit-frame-pointer -mno-omit-leaf-frame-pointer  -fno-strict-overflow -Wsign-compare -DNDEBUG -g -O3 -Wall    -std=c11 -Wextra -Wno-unused-parameter -Wno-missing-field-initializers -Wstrict-prototypes -Werror=implicit-function-declaration -fvisibility=hidden  -I../../Include/internal -I../../Include/internal/mimalloc -IObjects -IInclude -IPython -I. -I../../Include    -fPIC -c ../../Modules/_testcapi/unicode.c -o Modules/_testcapi/unicode.o
gcc  -fno-omit-frame-pointer -mno-omit-leaf-frame-pointer  -fno-strict-overflow -Wsign-compare -DNDEBUG -g -O3 -Wall    -std=c11 -Wextra -Wno-unused-parameter -Wno-missing-field-initializers -Wstrict-prototypes -Werror=implicit-function-declaration -fvisibility=hidden  -I../../Include/internal -I../../Include/internal/mimalloc -IObjects -IInclude -IPython -I. -I../../Include    -fPIC -c ../../Modules/_testcapi/dict.c -o Modules/_testcapi/dict.o
gcc  -fno-omit-frame-pointer -mno-omit-leaf-frame-pointer  -fno-strict-overflow -Wsign-compare -DNDEBUG -g -O3 -Wall    -std=c11 -Wextra -Wno-unused-parameter -Wno-missing-field-initializers -Wstrict-prototypes -Werror=implicit-function-declaration -fvisibility=hidden  -I../../Include/internal -I../../Include/internal/mimalloc -IObjects -IInclude -IPython -I. -I../../Include    -fPIC -c ../../Modules/_testcapi/set.c -o Modules/_testcapi/set.o
gcc  -fno-omit-frame-pointer -mno-omit-leaf-frame-pointer  -fno-strict-overflow -Wsign-compare -DNDEBUG -g -O3 -Wall    -std=c11 -Wextra -Wno-unused-parameter -Wno-missing-field-initializers -Wstrict-prototypes -Werror=implicit-function-declaration -fvisibility=hidden  -I../../Include/internal -I../../Include/internal/mimalloc -IObjects -IInclude -IPython -I. -I../../Include    -fPIC -c ../../Modules/_testcapi/list.c -o Modules/_testcapi/list.o
gcc  -fno-omit-frame-pointer -mno-omit-leaf-frame-pointer  -fno-strict-overflow -Wsign-compare -DNDEBUG -g -O3 -Wall    -std=c11 -Wextra -Wno-unused-parameter -Wno-missing-field-initializers -Wstrict-prototypes -Werror=implicit-function-declaration -fvisibility=hidden  -I../../Include/internal -I../../Include/internal/mimalloc -IObjects -IInclude -IPython -I. -I../../Include    -fPIC -c ../../Modules/_testcapi/tuple.c -o Modules/_testcapi/tuple.o
gcc  -fno-omit-frame-pointer -mno-omit-leaf-frame-pointer  -fno-strict-overflow -Wsign-compare -DNDEBUG -g -O3 -Wall    -std=c11 -Wextra -Wno-unused-parameter -Wno-missing-field-initializers -Wstrict-prototypes -Werror=implicit-function-declaration -fvisibility=hidden  -I../../Include/internal -I../../Include/internal/mimalloc -IObjects -IInclude -IPython -I. -I../../Include    -fPIC -c ../../Modules/_testcapi/getargs.c -o Modules/_testcapi/getargs.o
gcc  -fno-omit-frame-pointer -mno-omit-leaf-frame-pointer  -fno-strict-overflow -Wsign-compare -DNDEBUG -g -O3 -Wall    -std=c11 -Wextra -Wno-unused-parameter -Wno-missing-field-initializers -Wstrict-prototypes -Werror=implicit-function-declaration -fvisibility=hidden  -I../../Include/internal -I../../Include/internal/mimalloc -IObjects -IInclude -IPython -I. -I../../Include    -fPIC -c ../../Modules/_testcapi/datetime.c -o Modules/_testcapi/datetime.o
gcc  -fno-omit-frame-pointer -mno-omit-leaf-frame-pointer  -fno-strict-overflow -Wsign-compare -DNDEBUG -g -O3 -Wall    -std=c11 -Wextra -Wno-unused-parameter -Wno-missing-field-initializers -Wstrict-prototypes -Werror=implicit-function-declaration -fvisibility=hidden  -I../../Include/internal -I../../Include/internal/mimalloc -IObjects -IInclude -IPython -I. -I../../Include    -fPIC -c ../../Modules/_testcapi/docstring.c -o Modules/_testcapi/docstring.o
gcc  -fno-omit-frame-pointer -mno-omit-leaf-frame-pointer  -fno-strict-overflow -Wsign-compare -DNDEBUG -g -O3 -Wall    -std=c11 -Wextra -Wno-unused-parameter -Wno-missing-field-initializers -Wstrict-prototypes -Werror=implicit-function-declaration -fvisibility=hidden  -I../../Include/internal -I../../Include/internal/mimalloc -IObjects -IInclude -IPython -I. -I../../Include    -fPIC -c ../../Modules/_testcapi/mem.c -o Modules/_testcapi/mem.o
gcc  -fno-omit-frame-pointer -mno-omit-leaf-frame-pointer  -fno-strict-overflow -Wsign-compare -DNDEBUG -g -O3 -Wall    -std=c11 -Wextra -Wno-unused-parameter -Wno-missing-field-initializers -Wstrict-prototypes -Werror=implicit-function-declaration -fvisibility=hidden  -I../../Include/internal -I../../Include/internal/mimalloc -IObjects -IInclude -IPython -I. -I../../Include    -fPIC -c ../../Modules/_testcapi/watchers.c -o Modules/_testcapi/watchers.o
gcc  -fno-omit-frame-pointer -mno-omit-leaf-frame-pointer  -fno-strict-overflow -Wsign-compare -DNDEBUG -g -O3 -Wall    -std=c11 -Wextra -Wno-unused-parameter -Wno-missing-field-initializers -Wstrict-prototypes -Werror=implicit-function-declaration -fvisibility=hidden  -I../../Include/internal -I../../Include/internal/mimalloc -IObjects -IInclude -IPython -I. -I../../Include    -fPIC -c ../../Modules/_testcapi/long.c -o Modules/_testcapi/long.o
gcc  -fno-omit-frame-pointer -mno-omit-leaf-frame-pointer  -fno-strict-overflow -Wsign-compare -DNDEBUG -g -O3 -Wall    -std=c11 -Wextra -Wno-unused-parameter -Wno-missing-field-initializers -Wstrict-prototypes -Werror=implicit-function-declaration -fvisibility=hidden  -I../../Include/internal -I../../Include/internal/mimalloc -IObjects -IInclude -IPython -I. -I../../Include    -fPIC -c ../../Modules/_testcapi/float.c -o Modules/_testcapi/float.o
gcc  -fno-omit-frame-pointer -mno-omit-leaf-frame-pointer  -fno-strict-overflow -Wsign-compare -DNDEBUG -g -O3 -Wall    -std=c11 -Wextra -Wno-unused-parameter -Wno-missing-field-initializers -Wstrict-prototypes -Werror=implicit-function-declaration -fvisibility=hidden  -I../../Include/internal -I../../Include/internal/mimalloc -IObjects -IInclude -IPython -I. -I../../Include    -fPIC -c ../../Modules/_testcapi/complex.c -o Modules/_testcapi/complex.o
gcc  -fno-omit-frame-pointer -mno-omit-leaf-frame-pointer  -fno-strict-overflow -Wsign-compare -DNDEBUG -g -O3 -Wall    -std=c11 -Wextra -Wno-unused-parameter -Wno-missing-field-initializers -Wstrict-prototypes -Werror=implicit-function-declaration -fvisibility=hidden  -I../../Include/internal -I../../Include/internal/mimalloc -IObjects -IInclude -IPython -I. -I../../Include    -fPIC -c ../../Modules/_testcapi/numbers.c -o Modules/_testcapi/numbers.o
gcc  -fno-omit-frame-pointer -mno-omit-leaf-frame-pointer  -fno-strict-overflow -Wsign-compare -DNDEBUG -g -O3 -Wall    -std=c11 -Wextra -Wno-unused-parameter -Wno-missing-field-initializers -Wstrict-prototypes -Werror=implicit-function-declaration -fvisibility=hidden  -I../../Include/internal -I../../Include/internal/mimalloc -IObjects -IInclude -IPython -I. -I../../Include    -fPIC -c ../../Modules/_testcapi/structmember.c -o Modules/_testcapi/structmember.o
gcc  -fno-omit-frame-pointer -mno-omit-leaf-frame-pointer  -fno-strict-overflow -Wsign-compare -DNDEBUG -g -O3 -Wall    -std=c11 -Wextra -Wno-unused-parameter -Wno-missing-field-initializers -Wstrict-prototypes -Werror=implicit-function-declaration -fvisibility=hidden  -I../../Include/internal -I../../Include/internal/mimalloc -IObjects -IInclude -IPython -I. -I../../Include    -fPIC -c ../../Modules/_testcapi/exceptions.c -o Modules/_testcapi/exceptions.o
gcc  -fno-omit-frame-pointer -mno-omit-leaf-frame-pointer  -fno-strict-overflow -Wsign-compare -DNDEBUG -g -O3 -Wall    -std=c11 -Wextra -Wno-unused-parameter -Wno-missing-field-initializers -Wstrict-prototypes -Werror=implicit-function-declaration -fvisibility=hidden  -I../../Include/internal -I../../Include/internal/mimalloc -IObjects -IInclude -IPython -I. -I../../Include    -fPIC -c ../../Modules/_testcapi/code.c -o Modules/_testcapi/code.o
gcc  -fno-omit-frame-pointer -mno-omit-leaf-frame-pointer  -fno-strict-overflow -Wsign-compare -DNDEBUG -g -O3 -Wall    -std=c11 -Wextra -Wno-unused-parameter -Wno-missing-field-initializers -Wstrict-prototypes -Werror=implicit-function-declaration -fvisibility=hidden  -I../../Include/internal -I../../Include/internal/mimalloc -IObjects -IInclude -IPython -I. -I../../Include    -fPIC -c ../../Modules/_testcapi/buffer.c -o Modules/_testcapi/buffer.o
gcc  -fno-omit-frame-pointer -mno-omit-leaf-frame-pointer  -fno-strict-overflow -Wsign-compare -DNDEBUG -g -O3 -Wall    -std=c11 -Wextra -Wno-unused-parameter -Wno-missing-field-initializers -Wstrict-prototypes -Werror=implicit-function-declaration -fvisibility=hidden  -I../../Include/internal -I../../Include/internal/mimalloc -IObjects -IInclude -IPython -I. -I../../Include    -fPIC -c ../../Modules/_testcapi/pyatomic.c -o Modules/_testcapi/pyatomic.o
gcc  -fno-omit-frame-pointer -mno-omit-leaf-frame-pointer  -fno-strict-overflow -Wsign-compare -DNDEBUG -g -O3 -Wall    -std=c11 -Wextra -Wno-unused-parameter -Wno-missing-field-initializers -Wstrict-prototypes -Werror=implicit-function-declaration -fvisibility=hidden  -I../../Include/internal -I../../Include/internal/mimalloc -IObjects -IInclude -IPython -I. -I../../Include    -fPIC -c ../../Modules/_testcapi/run.c -o Modules/_testcapi/run.o
gcc  -fno-omit-frame-pointer -mno-omit-leaf-frame-pointer  -fno-strict-overflow -Wsign-compare -DNDEBUG -g -O3 -Wall    -std=c11 -Wextra -Wno-unused-parameter -Wno-missing-field-initializers -Wstrict-prototypes -Werror=implicit-function-declaration -fvisibility=hidden  -I../../Include/internal -I../../Include/internal/mimalloc -IObjects -IInclude -IPython -I. -I../../Include    -fPIC -c ../../Modules/_testcapi/file.c -o Modules/_testcapi/file.o
gcc  -fno-omit-frame-pointer -mno-omit-leaf-frame-pointer  -fno-strict-overflow -Wsign-compare -DNDEBUG -g -O3 -Wall    -std=c11 -Wextra -Wno-unused-parameter -Wno-missing-field-initializers -Wstrict-prototypes -Werror=implicit-function-declaration -fvisibility=hidden  -I../../Include/internal -I../../Include/internal/mimalloc -IObjects -IInclude -IPython -I. -I../../Include    -fPIC -c ../../Modules/_testcapi/codec.c -o Modules/_testcapi/codec.o
gcc  -fno-omit-frame-pointer -mno-omit-leaf-frame-pointer  -fno-strict-overflow -Wsign-compare -DNDEBUG -g -O3 -Wall    -std=c11 -Wextra -Wno-unused-parameter -Wno-missing-field-initializers -Wstrict-prototypes -Werror=implicit-function-declaration -fvisibility=hidden  -I../../Include/internal -I../../Include/internal/mimalloc -IObjects -IInclude -IPython -I. -I../../Include    -fPIC -c ../../Modules/_testcapi/immortal.c -o Modules/_testcapi/immortal.o
gcc  -fno-omit-frame-pointer -mno-omit-leaf-frame-pointer  -fno-strict-overflow -Wsign-compare -DNDEBUG -g -O3 -Wall    -std=c11 -Wextra -Wno-unused-parameter -Wno-missing-field-initializers -Wstrict-prototypes -Werror=implicit-function-declaration -fvisibility=hidden  -I../../Include/internal -I../../Include/internal/mimalloc -IObjects -IInclude -IPython -I. -I../../Include    -fPIC -c ../../Modules/_testcapi/gc.c -o Modules/_testcapi/gc.o
gcc  -fno-omit-frame-pointer -mno-omit-leaf-frame-pointer  -fno-strict-overflow -Wsign-compare -DNDEBUG -g -O3 -Wall    -std=c11 -Wextra -Wno-unused-parameter -Wno-missing-field-initializers -Wstrict-prototypes -Werror=implicit-function-declaration -fvisibility=hidden  -I../../Include/internal -I../../Include/internal/mimalloc -IObjects -IInclude -IPython -I. -I../../Include    -fPIC -c ../../Modules/_testcapi/hash.c -o Modules/_testcapi/hash.o
gcc  -fno-omit-frame-pointer -mno-omit-leaf-frame-pointer  -fno-strict-overflow -Wsign-compare -DNDEBUG -g -O3 -Wall    -std=c11 -Wextra -Wno-unused-parameter -Wno-missing-field-initializers -Wstrict-prototypes -Werror=implicit-function-declaration -fvisibility=hidden  -I../../Include/internal -I../../Include/internal/mimalloc -IObjects -IInclude -IPython -I. -I../../Include    -fPIC -c ../../Modules/_testcapi/time.c -o Modules/_testcapi/time.o
gcc  -fno-omit-frame-pointer -mno-omit-leaf-frame-pointer  -fno-strict-overflow -Wsign-compare -DNDEBUG -g -O3 -Wall    -std=c11 -Wextra -Wno-unused-parameter -Wno-missing-field-initializers -Wstrict-prototypes -Werror=implicit-function-declaration -fvisibility=hidden  -I../../Include/internal -I../../Include/internal/mimalloc -IObjects -IInclude -IPython -I. -I../../Include    -fPIC -c ../../Modules/_testcapi/bytes.c -o Modules/_testcapi/bytes.o
gcc  -fno-omit-frame-pointer -mno-omit-leaf-frame-pointer  -fno-strict-overflow -Wsign-compare -DNDEBUG -g -O3 -Wall    -std=c11 -Wextra -Wno-unused-parameter -Wno-missing-field-initializers -Wstrict-prototypes -Werror=implicit-function-declaration -fvisibility=hidden  -I../../Include/internal -I../../Include/internal/mimalloc -IObjects -IInclude -IPython -I. -I../../Include    -fPIC -c ../../Modules/_testcapi/object.c -o Modules/_testcapi/object.o
gcc  -fno-omit-frame-pointer -mno-omit-leaf-frame-pointer  -fno-strict-overflow -Wsign-compare -DNDEBUG -g -O3 -Wall    -std=c11 -Wextra -Wno-unused-parameter -Wno-missing-field-initializers -Wstrict-prototypes -Werror=implicit-function-declaration -fvisibility=hidden  -I../../Include/internal -I../../Include/internal/mimalloc -IObjects -IInclude -IPython -I. -I../../Include    -fPIC -c ../../Modules/_testcapi/modsupport.c -o Modules/_testcapi/modsupport.o
gcc  -fno-omit-frame-pointer -mno-omit-leaf-frame-pointer  -fno-strict-overflow -Wsign-compare -DNDEBUG -g -O3 -Wall    -std=c11 -Wextra -Wno-unused-parameter -Wno-missing-field-initializers -Wstrict-prototypes -Werror=implicit-function-declaration -fvisibility=hidden  -I../../Include/internal -I../../Include/internal/mimalloc -IObjects -IInclude -IPython -I. -I../../Include    -fPIC -c ../../Modules/_testcapi/monitoring.c -o Modules/_testcapi/monitoring.o
gcc  -fno-omit-frame-pointer -mno-omit-leaf-frame-pointer  -fno-strict-overflow -Wsign-compare -DNDEBUG -g -O3 -Wall    -std=c11 -Wextra -Wno-unused-parameter -Wno-missing-field-initializers -Wstrict-prototypes -Werror=implicit-function-declaration -fvisibility=hidden  -I../../Include/internal -I../../Include/internal/mimalloc -IObjects -IInclude -IPython -I. -I../../Include    -fPIC -c ../../Modules/_testcapi/config.c -o Modules/_testcapi/config.o
gcc  -fno-omit-frame-pointer -mno-omit-leaf-frame-pointer  -fno-strict-overflow -Wsign-compare -DNDEBUG -g -O3 -Wall    -std=c11 -Wextra -Wno-unused-parameter -Wno-missing-field-initializers -Wstrict-prototypes -Werror=implicit-function-declaration -fvisibility=hidden  -I../../Include/internal -I../../Include/internal/mimalloc -IObjects -IInclude -IPython -I. -I../../Include    -fPIC -c ../../Modules/_testcapi/import.c -o Modules/_testcapi/import.o
gcc  -fno-omit-frame-pointer -mno-omit-leaf-frame-pointer  -fno-strict-overflow -Wsign-compare -DNDEBUG -g -O3 -Wall    -std=c11 -Wextra -Wno-unused-parameter -Wno-missing-field-initializers -Wstrict-prototypes -Werror=implicit-function-declaration -fvisibility=hidden  -I../../Include/internal -I../../Include/internal/mimalloc -IObjects -IInclude -IPython -I. -I../../Include    -fPIC -c ../../Modules/_testcapi/frame.c -o Modules/_testcapi/frame.o
gcc  -fno-omit-frame-pointer -mno-omit-leaf-frame-pointer  -fno-strict-overflow -Wsign-compare -DNDEBUG -g -O3 -Wall    -std=c11 -Wextra -Wno-unused-parameter -Wno-missing-field-initializers -Wstrict-prototypes -Werror=implicit-function-declaration -fvisibility=hidden  -I../../Include/internal -I../../Include/internal/mimalloc -IObjects -IInclude -IPython -I. -I../../Include    -fPIC -c ../../Modules/_testcapi/type.c -o Modules/_testcapi/type.o
gcc  -fno-omit-frame-pointer -mno-omit-leaf-frame-pointer  -fno-strict-overflow -Wsign-compare -DNDEBUG -g -O3 -Wall    -std=c11 -Wextra -Wno-unused-parameter -Wno-missing-field-initializers -Wstrict-prototypes -Werror=implicit-function-declaration -fvisibility=hidden  -I../../Include/internal -I../../Include/internal/mimalloc -IObjects -IInclude -IPython -I. -I../../Include    -fPIC -c ../../Modules/_testcapi/function.c -o Modules/_testcapi/function.o
gcc  -fno-omit-frame-pointer -mno-omit-leaf-frame-pointer  -fno-strict-overflow -Wsign-compare -DNDEBUG -g -O3 -Wall    -std=c11 -Wextra -Wno-unused-parameter -Wno-missing-field-initializers -Wstrict-prototypes -Werror=implicit-function-declaration -fvisibility=hidden  -I../../Include/internal -I../../Include/internal/mimalloc -IObjects -IInclude -IPython -I. -I../../Include    -fPIC -c ../../Modules/_testcapi/module.c -o Modules/_testcapi/module.o
gcc  -fno-omit-frame-pointer -mno-omit-leaf-frame-pointer  -fno-strict-overflow -Wsign-compare -DNDEBUG -g -O3 -Wall    -std=c11 -Wextra -Wno-unused-parameter -Wno-missing-field-initializers -Wstrict-prototypes -Werror=implicit-function-declaration -fvisibility=hidden  -I../../Include/internal -I../../Include/internal/mimalloc -IObjects -IInclude -IPython -I. -I../../Include    -fPIC -c ../../Modules/_testcapi/weakref.c -o Modules/_testcapi/weakref.o
gcc  -fno-omit-frame-pointer -mno-omit-leaf-frame-pointer  -fno-strict-overflow -Wsign-compare -DNDEBUG -g -O3 -Wall    -std=c11 -Wextra -Wno-unused-parameter -Wno-missing-field-initializers -Wstrict-prototypes -Werror=implicit-function-declaration -fvisibility=hidden  -I../../Include/internal -I../../Include/internal/mimalloc -IObjects -IInclude -IPython -I. -I../../Include    -fPIC -c ../../Modules/_testcapi/marshal.c -o Modules/_testcapi/marshal.o
gcc  -fno-omit-frame-pointer -mno-omit-leaf-frame-pointer  -fno-strict-overflow -Wsign-compare -DNDEBUG -g -O3 -Wall    -std=c11 -Wextra -Wno-unused-parameter -Wno-missing-field-initializers -Wstrict-prototypes -Werror=implicit-function-declaration -fvisibility=hidden  -I../../Include/internal -I../../Include/internal/mimalloc -IObjects -IInclude -IPython -I. -I../../Include    -fPIC -c ../../Modules/_testlimitedcapi.c -o Modules/_testlimitedcapi.o
gcc  -fno-omit-frame-pointer -mno-omit-leaf-frame-pointer  -fno-strict-overflow -Wsign-compare -DNDEBUG -g -O3 -Wall    -std=c11 -Wextra -Wno-unused-parameter -Wno-missing-field-initializers -Wstrict-prototypes -Werror=implicit-function-declaration -fvisibility=hidden  -I../../Include/internal -I../../Include/internal/mimalloc -IObjects -IInclude -IPython -I. -I../../Include    -fPIC -c ../../Modules/_testlimitedcapi/abstract.c -o Modules/_testlimitedcapi/abstract.o
gcc  -fno-omit-frame-pointer -mno-omit-leaf-frame-pointer  -fno-strict-overflow -Wsign-compare -DNDEBUG -g -O3 -Wall    -std=c11 -Wextra -Wno-unused-parameter -Wno-missing-field-initializers -Wstrict-prototypes -Werror=implicit-function-declaration -fvisibility=hidden  -I../../Include/internal -I../../Include/internal/mimalloc -IObjects -IInclude -IPython -I. -I../../Include    -fPIC -c ../../Modules/_testlimitedcapi/bytearray.c -o Modules/_testlimitedcapi/bytearray.o
gcc  -fno-omit-frame-pointer -mno-omit-leaf-frame-pointer  -fno-strict-overflow -Wsign-compare -DNDEBUG -g -O3 -Wall    -std=c11 -Wextra -Wno-unused-parameter -Wno-missing-field-initializers -Wstrict-prototypes -Werror=implicit-function-declaration -fvisibility=hidden  -I../../Include/internal -I../../Include/internal/mimalloc -IObjects -IInclude -IPython -I. -I../../Include    -fPIC -c ../../Modules/_testlimitedcapi/bytes.c -o Modules/_testlimitedcapi/bytes.o
gcc  -fno-omit-frame-pointer -mno-omit-leaf-frame-pointer  -fno-strict-overflow -Wsign-compare -DNDEBUG -g -O3 -Wall    -std=c11 -Wextra -Wno-unused-parameter -Wno-missing-field-initializers -Wstrict-prototypes -Werror=implicit-function-declaration -fvisibility=hidden  -I../../Include/internal -I../../Include/internal/mimalloc -IObjects -IInclude -IPython -I. -I../../Include    -fPIC -c ../../Modules/_testlimitedcapi/capsule.c -o Modules/_testlimitedcapi/capsule.o
gcc  -fno-omit-frame-pointer -mno-omit-leaf-frame-pointer  -fno-strict-overflow -Wsign-compare -DNDEBUG -g -O3 -Wall    -std=c11 -Wextra -Wno-unused-parameter -Wno-missing-field-initializers -Wstrict-prototypes -Werror=implicit-function-declaration -fvisibility=hidden  -I../../Include/internal -I../../Include/internal/mimalloc -IObjects -IInclude -IPython -I. -I../../Include    -fPIC -c ../../Modules/_testlimitedcapi/codec.c -o Modules/_testlimitedcapi/codec.o
gcc  -fno-omit-frame-pointer -mno-omit-leaf-frame-pointer  -fno-strict-overflow -Wsign-compare -DNDEBUG -g -O3 -Wall    -std=c11 -Wextra -Wno-unused-parameter -Wno-missing-field-initializers -Wstrict-prototypes -Werror=implicit-function-declaration -fvisibility=hidden  -I../../Include/internal -I../../Include/internal/mimalloc -IObjects -IInclude -IPython -I. -I../../Include    -fPIC -c ../../Modules/_testlimitedcapi/complex.c -o Modules/_testlimitedcapi/complex.o
gcc  -fno-omit-frame-pointer -mno-omit-leaf-frame-pointer  -fno-strict-overflow -Wsign-compare -DNDEBUG -g -O3 -Wall    -std=c11 -Wextra -Wno-unused-parameter -Wno-missing-field-initializers -Wstrict-prototypes -Werror=implicit-function-declaration -fvisibility=hidden  -I../../Include/internal -I../../Include/internal/mimalloc -IObjects -IInclude -IPython -I. -I../../Include    -fPIC -c ../../Modules/_testlimitedcapi/dict.c -o Modules/_testlimitedcapi/dict.o
gcc  -fno-omit-frame-pointer -mno-omit-leaf-frame-pointer  -fno-strict-overflow -Wsign-compare -DNDEBUG -g -O3 -Wall    -std=c11 -Wextra -Wno-unused-parameter -Wno-missing-field-initializers -Wstrict-prototypes -Werror=implicit-function-declaration -fvisibility=hidden  -I../../Include/internal -I../../Include/internal/mimalloc -IObjects -IInclude -IPython -I. -I../../Include    -fPIC -c ../../Modules/_testlimitedcapi/eval.c -o Modules/_testlimitedcapi/eval.o
gcc  -fno-omit-frame-pointer -mno-omit-leaf-frame-pointer  -fno-strict-overflow -Wsign-compare -DNDEBUG -g -O3 -Wall    -std=c11 -Wextra -Wno-unused-parameter -Wno-missing-field-initializers -Wstrict-prototypes -Werror=implicit-function-declaration -fvisibility=hidden  -I../../Include/internal -I../../Include/internal/mimalloc -IObjects -IInclude -IPython -I. -I../../Include    -fPIC -c ../../Modules/_testlimitedcapi/float.c -o Modules/_testlimitedcapi/float.o
gcc  -fno-omit-frame-pointer -mno-omit-leaf-frame-pointer  -fno-strict-overflow -Wsign-compare -DNDEBUG -g -O3 -Wall    -std=c11 -Wextra -Wno-unused-parameter -Wno-missing-field-initializers -Wstrict-prototypes -Werror=implicit-function-declaration -fvisibility=hidden  -I../../Include/internal -I../../Include/internal/mimalloc -IObjects -IInclude -IPython -I. -I../../Include    -fPIC -c ../../Modules/_testlimitedcapi/heaptype_relative.c -o Modules/_testlimitedcapi/heaptype_relative.o
gcc  -fno-omit-frame-pointer -mno-omit-leaf-frame-pointer  -fno-strict-overflow -Wsign-compare -DNDEBUG -g -O3 -Wall    -std=c11 -Wextra -Wno-unused-parameter -Wno-missing-field-initializers -Wstrict-prototypes -Werror=implicit-function-declaration -fvisibility=hidden  -I../../Include/internal -I../../Include/internal/mimalloc -IObjects -IInclude -IPython -I. -I../../Include    -fPIC -c ../../Modules/_testlimitedcapi/import.c -o Modules/_testlimitedcapi/import.o
gcc  -fno-omit-frame-pointer -mno-omit-leaf-frame-pointer  -fno-strict-overflow -Wsign-compare -DNDEBUG -g -O3 -Wall    -std=c11 -Wextra -Wno-unused-parameter -Wno-missing-field-initializers -Wstrict-prototypes -Werror=implicit-function-declaration -fvisibility=hidden  -I../../Include/internal -I../../Include/internal/mimalloc -IObjects -IInclude -IPython -I. -I../../Include    -fPIC -c ../../Modules/_testlimitedcapi/list.c -o Modules/_testlimitedcapi/list.o
gcc  -fno-omit-frame-pointer -mno-omit-leaf-frame-pointer  -fno-strict-overflow -Wsign-compare -DNDEBUG -g -O3 -Wall    -std=c11 -Wextra -Wno-unused-parameter -Wno-missing-field-initializers -Wstrict-prototypes -Werror=implicit-function-declaration -fvisibility=hidden  -I../../Include/internal -I../../Include/internal/mimalloc -IObjects -IInclude -IPython -I. -I../../Include    -fPIC -c ../../Modules/_testlimitedcapi/long.c -o Modules/_testlimitedcapi/long.o
gcc  -fno-omit-frame-pointer -mno-omit-leaf-frame-pointer  -fno-strict-overflow -Wsign-compare -DNDEBUG -g -O3 -Wall    -std=c11 -Wextra -Wno-unused-parameter -Wno-missing-field-initializers -Wstrict-prototypes -Werror=implicit-function-declaration -fvisibility=hidden  -I../../Include/internal -I../../Include/internal/mimalloc -IObjects -IInclude -IPython -I. -I../../Include    -fPIC -c ../../Modules/_testlimitedcapi/object.c -o Modules/_testlimitedcapi/object.o
gcc  -fno-omit-frame-pointer -mno-omit-leaf-frame-pointer  -fno-strict-overflow -Wsign-compare -DNDEBUG -g -O3 -Wall    -std=c11 -Wextra -Wno-unused-parameter -Wno-missing-field-initializers -Wstrict-prototypes -Werror=implicit-function-declaration -fvisibility=hidden  -I../../Include/internal -I../../Include/internal/mimalloc -IObjects -IInclude -IPython -I. -I../../Include    -fPIC -c ../../Modules/_testlimitedcapi/pyos.c -o Modules/_testlimitedcapi/pyos.o
gcc  -fno-omit-frame-pointer -mno-omit-leaf-frame-pointer  -fno-strict-overflow -Wsign-compare -DNDEBUG -g -O3 -Wall    -std=c11 -Wextra -Wno-unused-parameter -Wno-missing-field-initializers -Wstrict-prototypes -Werror=implicit-function-declaration -fvisibility=hidden  -I../../Include/internal -I../../Include/internal/mimalloc -IObjects -IInclude -IPython -I. -I../../Include    -fPIC -c ../../Modules/_testlimitedcapi/set.c -o Modules/_testlimitedcapi/set.o
gcc  -fno-omit-frame-pointer -mno-omit-leaf-frame-pointer  -fno-strict-overflow -Wsign-compare -DNDEBUG -g -O3 -Wall    -std=c11 -Wextra -Wno-unused-parameter -Wno-missing-field-initializers -Wstrict-prototypes -Werror=implicit-function-declaration -fvisibility=hidden  -I../../Include/internal -I../../Include/internal/mimalloc -IObjects -IInclude -IPython -I. -I../../Include    -fPIC -c ../../Modules/_testlimitedcapi/slots.c -o Modules/_testlimitedcapi/slots.o
gcc  -fno-omit-frame-pointer -mno-omit-leaf-frame-pointer  -fno-strict-overflow -Wsign-compare -DNDEBUG -g -O3 -Wall    -std=c11 -Wextra -Wno-unused-parameter -Wno-missing-field-initializers -Wstrict-prototypes -Werror=implicit-function-declaration -fvisibility=hidden  -I../../Include/internal -I../../Include/internal/mimalloc -IObjects -IInclude -IPython -I. -I../../Include    -fPIC -c ../../Modules/_testlimitedcapi/sys.c -o Modules/_testlimitedcapi/sys.o
gcc  -fno-omit-frame-pointer -mno-omit-leaf-frame-pointer  -fno-strict-overflow -Wsign-compare -DNDEBUG -g -O3 -Wall    -std=c11 -Wextra -Wno-unused-parameter -Wno-missing-field-initializers -Wstrict-prototypes -Werror=implicit-function-declaration -fvisibility=hidden  -I../../Include/internal -I../../Include/internal/mimalloc -IObjects -IInclude -IPython -I. -I../../Include    -fPIC -c ../../Modules/_testlimitedcapi/threadstate.c -o Modules/_testlimitedcapi/threadstate.o
gcc  -fno-omit-frame-pointer -mno-omit-leaf-frame-pointer  -fno-strict-overflow -Wsign-compare -DNDEBUG -g -O3 -Wall    -std=c11 -Wextra -Wno-unused-parameter -Wno-missing-field-initializers -Wstrict-prototypes -Werror=implicit-function-declaration -fvisibility=hidden  -I../../Include/internal -I../../Include/internal/mimalloc -IObjects -IInclude -IPython -I. -I../../Include    -fPIC -c ../../Modules/_testlimitedcapi/tuple.c -o Modules/_testlimitedcapi/tuple.o
gcc  -fno-omit-frame-pointer -mno-omit-leaf-frame-pointer  -fno-strict-overflow -Wsign-compare -DNDEBUG -g -O3 -Wall    -std=c11 -Wextra -Wno-unused-parameter -Wno-missing-field-initializers -Wstrict-prototypes -Werror=implicit-function-declaration -fvisibility=hidden  -I../../Include/internal -I../../Include/internal/mimalloc -IObjects -IInclude -IPython -I. -I../../Include    -fPIC -c ../../Modules/_testlimitedcapi/unicode.c -o Modules/_testlimitedcapi/unicode.o
gcc  -fno-omit-frame-pointer -mno-omit-leaf-frame-pointer  -fno-strict-overflow -Wsign-compare -DNDEBUG -g -O3 -Wall    -std=c11 -Wextra -Wno-unused-parameter -Wno-missing-field-initializers -Wstrict-prototypes -Werror=implicit-function-declaration -fvisibility=hidden  -I../../Include/internal -I../../Include/internal/mimalloc -IObjects -IInclude -IPython -I. -I../../Include    -fPIC -c ../../Modules/_testlimitedcapi/vectorcall_limited.c -o Modules/_testlimitedcapi/vectorcall_limited.o
gcc  -fno-omit-frame-pointer -mno-omit-leaf-frame-pointer  -fno-strict-overflow -Wsign-compare -DNDEBUG -g -O3 -Wall    -std=c11 -Wextra -Wno-unused-parameter -Wno-missing-field-initializers -Wstrict-prototypes -Werror=implicit-function-declaration -fvisibility=hidden  -I../../Include/internal -I../../Include/internal/mimalloc -IObjects -IInclude -IPython -I. -I../../Include    -fPIC -c ../../Modules/_testlimitedcapi/version.c -o Modules/_testlimitedcapi/version.o
gcc  -fno-omit-frame-pointer -mno-omit-leaf-frame-pointer  -fno-strict-overflow -Wsign-compare -DNDEBUG -g -O3 -Wall    -std=c11 -Wextra -Wno-unused-parameter -Wno-missing-field-initializers -Wstrict-prototypes -Werror=implicit-function-declaration -fvisibility=hidden  -I../../Include/internal -I../../Include/internal/mimalloc -IObjects -IInclude -IPython -I. -I../../Include    -fPIC -c ../../Modules/_testlimitedcapi/file.c -o Modules/_testlimitedcapi/file.o
gcc  -fno-omit-frame-pointer -mno-omit-leaf-frame-pointer  -fno-strict-overflow -Wsign-compare -DNDEBUG -g -O3 -Wall    -std=c11 -Wextra -Wno-unused-parameter -Wno-missing-field-initializers -Wstrict-prototypes -Werror=implicit-function-declaration -fvisibility=hidden  -I../../Include/internal -I../../Include/internal/mimalloc -IObjects -IInclude -IPython -I. -I../../Include    -fPIC -c ../../Modules/_testlimitedcapi/weakref.c -o Modules/_testlimitedcapi/weakref.o
gcc  -fno-omit-frame-pointer -mno-omit-leaf-frame-pointer  -fno-strict-overflow -Wsign-compare -DNDEBUG -g -O3 -Wall    -std=c11 -Wextra -Wno-unused-parameter -Wno-missing-field-initializers -Wstrict-prototypes -Werror=implicit-function-declaration -fvisibility=hidden  -I../../Include/internal -I../../Include/internal/mimalloc -IObjects -IInclude -IPython -I. -I../../Include    -fPIC -c ../../Modules/_testlimitedcapi/run.c -o Modules/_testlimitedcapi/run.o
gcc  -fno-omit-frame-pointer -mno-omit-leaf-frame-pointer  -fno-strict-overflow -Wsign-compare -DNDEBUG -g -O3 -Wall    -std=c11 -Wextra -Wno-unused-parameter -Wno-missing-field-initializers -Wstrict-prototypes -Werror=implicit-function-declaration -fvisibility=hidden  -I../../Include/internal -I../../Include/internal/mimalloc -IObjects -IInclude -IPython -I. -I../../Include    -fPIC -c ../../Modules/_testlimitedcapi/type.c -o Modules/_testlimitedcapi/type.o
gcc  -fno-omit-frame-pointer -mno-omit-leaf-frame-pointer  -fno-strict-overflow -Wsign-compare -DNDEBUG -g -O3 -Wall    -std=c11 -Wextra -Wno-unused-parameter -Wno-missing-field-initializers -Wstrict-prototypes -Werror=implicit-function-declaration -fvisibility=hidden  -I../../Include/internal -I../../Include/internal/mimalloc -IObjects -IInclude -IPython -I. -I../../Include    -fPIC -c ../../Modules/_testclinic.c -o Modules/_testclinic.o
gcc  -fno-omit-frame-pointer -mno-omit-leaf-frame-pointer  -fno-strict-overflow -Wsign-compare -DNDEBUG -g -O3 -Wall    -std=c11 -Wextra -Wno-unused-parameter -Wno-missing-field-initializers -Wstrict-prototypes -Werror=implicit-function-declaration -fvisibility=hidden  -I../../Include/internal -I../../Include/internal/mimalloc -IObjects -IInclude -IPython -I. -I../../Include    -fPIC -c ../../Modules/_testclinic_limited.c -o Modules/_testclinic_limited.o
gcc  -fno-omit-frame-pointer -mno-omit-leaf-frame-pointer  -fno-strict-overflow -Wsign-compare -DNDEBUG -g -O3 -Wall    -std=c11 -Wextra -Wno-unused-parameter -Wno-missing-field-initializers -Wstrict-prototypes -Werror=implicit-function-declaration -fvisibility=hidden  -I../../Include/internal -I../../Include/internal/mimalloc -IObjects -IInclude -IPython -I. -I../../Include    -fPIC -c ../../Modules/_testimportmultiple.c -o Modules/_testimportmultiple.o
gcc  -fno-omit-frame-pointer -mno-omit-leaf-frame-pointer  -fno-strict-overflow -Wsign-compare -DNDEBUG -g -O3 -Wall    -std=c11 -Wextra -Wno-unused-parameter -Wno-missing-field-initializers -Wstrict-prototypes -Werror=implicit-function-declaration -fvisibility=hidden  -I../../Include/internal -I../../Include/internal/mimalloc -IObjects -IInclude -IPython -I. -I../../Include    -fPIC -c ../../Modules/_testmultiphase.c -o Modules/_testmultiphase.o
gcc  -fno-omit-frame-pointer -mno-omit-leaf-frame-pointer  -fno-strict-overflow -Wsign-compare -DNDEBUG -g -O3 -Wall    -std=c11 -Wextra -Wno-unused-parameter -Wno-missing-field-initializers -Wstrict-prototypes -Werror=implicit-function-declaration -fvisibility=hidden  -I../../Include/internal -I../../Include/internal/mimalloc -IObjects -IInclude -IPython -I. -I../../Include    -fPIC -c ../../Modules/_testsinglephase.c -o Modules/_testsinglephase.o
gcc  -fno-omit-frame-pointer -mno-omit-leaf-frame-pointer  -fno-strict-overflow -Wsign-compare -DNDEBUG -g -O3 -Wall    -std=c11 -Wextra -Wno-unused-parameter -Wno-missing-field-initializers -Wstrict-prototypes -Werror=implicit-function-declaration -fvisibility=hidden  -I../../Include/internal -I../../Include/internal/mimalloc -IObjects -IInclude -IPython -I. -I../../Include    -fPIC -c ../../Modules/_ctypes/_ctypes_test.c -o Modules/_ctypes/_ctypes_test.o
gcc  -fno-omit-frame-pointer -mno-omit-leaf-frame-pointer  -fno-strict-overflow -Wsign-compare -DNDEBUG -g -O3 -Wall    -std=c11 -Wextra -Wno-unused-parameter -Wno-missing-field-initializers -Wstrict-prototypes -Werror=implicit-function-declaration -fvisibility=hidden  -I../../Include/internal -I../../Include/internal/mimalloc -IObjects -IInclude -IPython -I. -I../../Include    -fPIC -c ../../Modules/xxlimited.c -o Modules/xxlimited.o
gcc  -fno-omit-frame-pointer -mno-omit-leaf-frame-pointer  -fno-strict-overflow -Wsign-compare -DNDEBUG -g -O3 -Wall    -std=c11 -Wextra -Wno-unused-parameter -Wno-missing-field-initializers -Wstrict-prototypes -Werror=implicit-function-declaration -fvisibility=hidden  -I../../Include/internal -I../../Include/internal/mimalloc -IObjects -IInclude -IPython -I. -I../../Include    -fPIC -c ../../Modules/xxlimited_35.c -o Modules/xxlimited_35.o
gcc  -fno-omit-frame-pointer -mno-omit-leaf-frame-pointer  -fno-strict-overflow -Wsign-compare -DNDEBUG -g -O3 -Wall    -std=c11 -Wextra -Wno-unused-parameter -Wno-missing-field-initializers -Wstrict-prototypes -Werror=implicit-function-declaration -fvisibility=hidden  -I../../Include/internal -I../../Include/internal/mimalloc -IObjects -IInclude -IPython -I. -I../../Include    -fPIC -c ../../Modules/xxlimited_3_13.c -o Modules/xxlimited_3_13.o
sed -e "s,@EXENAME@,/usr/local/bin/python3.16," < ../../Misc/python-config.in >python-config.py
LC_ALL=C sed -e 's,\$(\([A-Za-z0-9_]*\)),\$\{\1\},g' < Misc/python-config.sh >python-config
gcc -c -fno-omit-frame-pointer -mno-omit-leaf-frame-pointer  -fno-strict-overflow -Wsign-compare -DNDEBUG -g -O3 -Wall    -std=c11 -Wextra -Wno-unused-parameter -Wno-missing-field-initializers -Wstrict-prototypes -Werror=implicit-function-declaration -fvisibility=hidden  -I../../Include/internal -I../../Include/internal/mimalloc -IObjects -IInclude -IPython -I. -I../../Include    -DPy_BUILD_CORE \
      -DGITVERSION="\"`LC_ALL=C git --git-dir ../../.git rev-parse --short HEAD`\"" \
      -DGITTAG="\"`LC_ALL=C git --git-dir ../../.git describe --all --always --dirty`\"" \
      -DGITBRANCH="\"`LC_ALL=C git --git-dir ../../.git name-rev --name-only HEAD`\"" \
      -o Modules/getbuildinfo.o ../../Modules/getbuildinfo.c
gcc -shared      Modules/arraymodule.o   -o Modules/array.cpython-316-x86_64-linux-gnu.so
gcc -shared      Modules/_bisectmodule.o   -o Modules/_bisect.cpython-316-x86_64-linux-gnu.so
gcc -shared      Modules/_csv.o   -o Modules/_csv.cpython-316-x86_64-linux-gnu.so
gcc -shared      Modules/_heapqmodule.o   -o Modules/_heapq.cpython-316-x86_64-linux-gnu.so
gcc -shared      Modules/_json.o   -o Modules/_json.cpython-316-x86_64-linux-gnu.so
gcc -shared      Modules/_lsprof.o Modules/rotatingtree.o   -o Modules/_lsprof.cpython-316-x86_64-linux-gnu.so
gcc -shared      Modules/mathintegermodule.o   -o Modules/_math_integer.cpython-316-x86_64-linux-gnu.so
gcc -shared      Modules/_pickle.o   -o Modules/_pickle.cpython-316-x86_64-linux-gnu.so
gcc -shared      Modules/_queuemodule.o   -o Modules/_queue.cpython-316-x86_64-linux-gnu.so
gcc -shared      Modules/_randommodule.o   -o Modules/_random.cpython-316-x86_64-linux-gnu.so
gcc -shared      Modules/_remote_debugging/module.o Modules/_remote_debugging/gc_stats.o Modules/_remote_debugging/object_reading.o Modules/_remote_debugging/code_objects.o Modules/_remote_debugging/frames.o Modules/_remote_debugging/frame_cache.o Modules/_remote_debugging/threads.o Modules/_remote_debugging/asyncio.o Modules/_remote_debugging/binary_io_writer.o Modules/_remote_debugging/binary_io_reader.o Modules/_remote_debugging/subprocess.o Modules/_remote_debugging/interpreters.o -lzstd   -o Modules/_remote_debugging.cpython-316-x86_64-linux-gnu.so
gcc -shared      Modules/_struct.o   -o Modules/_struct.cpython-316-x86_64-linux-gnu.so
gcc -shared      Modules/_interpretersmodule.o   -o Modules/_interpreters.cpython-316-x86_64-linux-gnu.so
gcc -shared      Modules/_interpchannelsmodule.o   -o Modules/_interpchannels.cpython-316-x86_64-linux-gnu.so
gcc -shared      Modules/_interpqueuesmodule.o   -o Modules/_interpqueues.cpython-316-x86_64-linux-gnu.so
gcc -shared      Modules/_zoneinfo.o   -o Modules/_zoneinfo.cpython-316-x86_64-linux-gnu.so
gcc -shared      Modules/mathmodule.o -lm  -o Modules/math.cpython-316-x86_64-linux-gnu.so
gcc -shared      Modules/cmathmodule.o -lm  -o Modules/cmath.cpython-316-x86_64-linux-gnu.so
gcc -shared      Modules/_statisticsmodule.o -lm  -o Modules/_statistics.cpython-316-x86_64-linux-gnu.so
gcc -shared      Modules/binascii.o -lz   -o Modules/binascii.cpython-316-x86_64-linux-gnu.so
gcc -shared      Modules/_bz2module.o -lbz2  -o Modules/_bz2.cpython-316-x86_64-linux-gnu.so
gcc -shared      Modules/_lzmamodule.o -llzma   -o Modules/_lzma.cpython-316-x86_64-linux-gnu.so
gcc -shared      Modules/_zstd/_zstdmodule.o Modules/_zstd/zstddict.o Modules/_zstd/compressor.o Modules/_zstd/decompressor.o -lzstd   -o Modules/_zstd.cpython-316-x86_64-linux-gnu.so
gcc -shared      Modules/zlibmodule.o -lz   -o Modules/zlib.cpython-316-x86_64-linux-gnu.so
gcc -shared      Modules/_dbmmodule.o -ldb  -o Modules/_dbm.cpython-316-x86_64-linux-gnu.so
gcc -shared      Modules/_gdbmmodule.o -lgdbm  -o Modules/_gdbm.cpython-316-x86_64-linux-gnu.so
gcc -shared      Modules/readline.o -lreadline   -o Modules/readline.cpython-316-x86_64-linux-gnu.so
gcc -shared      Modules/md5module.o Modules/_hacl/Hacl_Hash_MD5.o  -o Modules/_md5.cpython-316-x86_64-linux-gnu.so
gcc -shared      Modules/sha1module.o Modules/_hacl/Hacl_Hash_SHA1.o  -o Modules/_sha1.cpython-316-x86_64-linux-gnu.so
gcc -shared      Modules/sha2module.o Modules/_hacl/Hacl_Hash_SHA2.o  -o Modules/_sha2.cpython-316-x86_64-linux-gnu.so
gcc -shared      Modules/sha3module.o Modules/_hacl/Hacl_Hash_SHA3.o  -o Modules/_sha3.cpython-316-x86_64-linux-gnu.so
gcc -shared      Modules/blake2module.o Modules/_hacl/Hacl_Hash_Blake2s.o Modules/_hacl/Hacl_Hash_Blake2b.o Modules/_hacl/Lib_Memzero0.o Modules/_hacl/Hacl_Hash_Blake2s_Simd128.o Modules/_hacl/Hacl_Hash_Blake2b_Simd256.o  -o Modules/_blake2.cpython-316-x86_64-linux-gnu.so
gcc -shared      Modules/hmacmodule.o Modules/_hacl/Hacl_HMAC.o Modules/_hacl/Hacl_Streaming_HMAC.o Modules/_hacl/Hacl_Hash_MD5.o Modules/_hacl/Hacl_Hash_SHA1.o Modules/_hacl/Hacl_Hash_SHA2.o Modules/_hacl/Hacl_Hash_SHA3.o Modules/_hacl/Hacl_Hash_Blake2s.o Modules/_hacl/Hacl_Hash_Blake2b.o Modules/_hacl/Lib_Memzero0.o Modules/_hacl/Hacl_Hash_Blake2s_Simd128.o Modules/_hacl/Hacl_Hash_Blake2b_Simd256.o  -o Modules/_hmac.cpython-316-x86_64-linux-gnu.so
gcc -shared      Modules/pyexpat.o -lm Modules/expat/libexpat.a  -o Modules/pyexpat.cpython-316-x86_64-linux-gnu.so
gcc -shared      Modules/_elementtree.o   -o Modules/_elementtree.cpython-316-x86_64-linux-gnu.so
gcc -shared      Modules/cjkcodecs/_codecs_cn.o   -o Modules/_codecs_cn.cpython-316-x86_64-linux-gnu.so
gcc -shared      Modules/cjkcodecs/_codecs_hk.o   -o Modules/_codecs_hk.cpython-316-x86_64-linux-gnu.so
gcc -shared      Modules/cjkcodecs/_codecs_iso2022.o   -o Modules/_codecs_iso2022.cpython-316-x86_64-linux-gnu.so
gcc -shared      Modules/cjkcodecs/_codecs_jp.o   -o Modules/_codecs_jp.cpython-316-x86_64-linux-gnu.so
gcc -shared      Modules/cjkcodecs/_codecs_kr.o   -o Modules/_codecs_kr.cpython-316-x86_64-linux-gnu.so
gcc -shared      Modules/cjkcodecs/_codecs_tw.o   -o Modules/_codecs_tw.cpython-316-x86_64-linux-gnu.so
gcc -shared      Modules/cjkcodecs/multibytecodec.o   -o Modules/_multibytecodec.cpython-316-x86_64-linux-gnu.so
gcc -shared      Modules/unicodedata.o   -o Modules/unicodedata.cpython-316-x86_64-linux-gnu.so
gcc -shared      Modules/fcntlmodule.o   -o Modules/fcntl.cpython-316-x86_64-linux-gnu.so
gcc -shared      Modules/grpmodule.o   -o Modules/grp.cpython-316-x86_64-linux-gnu.so
gcc -shared      Modules/mmapmodule.o   -o Modules/mmap.cpython-316-x86_64-linux-gnu.so
gcc -shared      Modules/_posixsubprocess.o   -o Modules/_posixsubprocess.cpython-316-x86_64-linux-gnu.so
gcc -shared      Modules/resource.o   -o Modules/resource.cpython-316-x86_64-linux-gnu.so
gcc -shared      Modules/selectmodule.o   -o Modules/select.cpython-316-x86_64-linux-gnu.so
gcc -shared      Modules/socketmodule.o   -o Modules/_socket.cpython-316-x86_64-linux-gnu.so
gcc -shared      Modules/syslogmodule.o   -o Modules/syslog.cpython-316-x86_64-linux-gnu.so
gcc -shared      Modules/termios.o   -o Modules/termios.cpython-316-x86_64-linux-gnu.so
gcc -shared      Modules/_multiprocessing/posixshmem.o   -o Modules/_posixshmem.cpython-316-x86_64-linux-gnu.so
gcc -shared      Modules/_multiprocessing/multiprocessing.o Modules/_multiprocessing/semaphore.o   -o Modules/_multiprocessing.cpython-316-x86_64-linux-gnu.so
gcc -shared      Modules/_ctypes/_ctypes.o Modules/_ctypes/callbacks.o Modules/_ctypes/callproc.o Modules/_ctypes/stgdict.o Modules/_ctypes/cfield.o -lffi  -ldl  -o Modules/_ctypes.cpython-316-x86_64-linux-gnu.so
gcc -shared      Modules/_cursesmodule.o -lncursesw -ltinfo   -o Modules/_curses.cpython-316-x86_64-linux-gnu.so
gcc -shared      Modules/_curses_panel.o -lpanelw  -lncursesw -ltinfo   -o Modules/_curses_panel.cpython-316-x86_64-linux-gnu.so
gcc -shared      Modules/_sqlite/blob.o Modules/_sqlite/connection.o Modules/_sqlite/cursor.o Modules/_sqlite/microprotocols.o Modules/_sqlite/module.o Modules/_sqlite/prepare_protocol.o Modules/_sqlite/row.o Modules/_sqlite/statement.o Modules/_sqlite/util.o -lsqlite3   -o Modules/_sqlite3.cpython-316-x86_64-linux-gnu.so
gcc -shared      Modules/_ssl.o -lssl -lcrypto   -o Modules/_ssl.cpython-316-x86_64-linux-gnu.so
gcc -shared      Modules/_hashopenssl.o -lcrypto  -o Modules/_hashlib.cpython-316-x86_64-linux-gnu.so
gcc -shared      Modules/_uuidmodule.o -luuid   -o Modules/_uuid.cpython-316-x86_64-linux-gnu.so
gcc -shared      Modules/_tkinter.o Modules/tkappinit.o -ltk8.6 -ltkstub8.6 -ltcl8.6 -ltclstub8.6   -o Modules/_tkinter.cpython-316-x86_64-linux-gnu.so
gcc -shared      Modules/xxsubtype.o   -o Modules/xxsubtype.cpython-316-x86_64-linux-gnu.so
gcc -shared      Modules/_xxtestfuzz/_xxtestfuzz.o Modules/_xxtestfuzz/fuzzer.o   -o Modules/_xxtestfuzz.cpython-316-x86_64-linux-gnu.so
gcc -shared      Modules/_testbuffer.o   -o Modules/_testbuffer.cpython-316-x86_64-linux-gnu.so
gcc -shared      Modules/_testinternalcapi.o Modules/_testinternalcapi/test_lock.o Modules/_testinternalcapi/pytime.o Modules/_testinternalcapi/set.o Modules/_testinternalcapi/test_critical_sections.o Modules/_testinternalcapi/complex.o Modules/_testinternalcapi/interpreter.o Modules/_testinternalcapi/tokenizer.o Modules/_testinternalcapi/tuple.o Modules/_testinternalcapi/typecache.o   -o Modules/_testinternalcapi.cpython-316-x86_64-linux-gnu.so
gcc -shared      Modules/_testcapimodule.o Modules/_testcapi/vectorcall.o Modules/_testcapi/heaptype.o Modules/_testcapi/abstract.o Modules/_testcapi/unicode.o Modules/_testcapi/dict.o Modules/_testcapi/set.o Modules/_testcapi/list.o Modules/_testcapi/tuple.o Modules/_testcapi/getargs.o Modules/_testcapi/datetime.o Modules/_testcapi/docstring.o Modules/_testcapi/mem.o Modules/_testcapi/watchers.o Modules/_testcapi/long.o Modules/_testcapi/float.o Modules/_testcapi/complex.o Modules/_testcapi/numbers.o Modules/_testcapi/structmember.o Modules/_testcapi/exceptions.o Modules/_testcapi/code.o Modules/_testcapi/buffer.o Modules/_testcapi/pyatomic.o Modules/_testcapi/run.o Modules/_testcapi/file.o Modules/_testcapi/codec.o Modules/_testcapi/immortal.o Modules/_testcapi/gc.o Modules/_testcapi/hash.o Modules/_testcapi/time.o Modules/_testcapi/bytes.o Modules/_testcapi/object.o Modules/_testcapi/modsupport.o Modules/_testcapi/monitoring.o Modules/_testcapi/config.o Modules/_testcapi/import.o Modules/_testcapi/frame.o Modules/_testcapi/type.o Modules/_testcapi/function.o Modules/_testcapi/module.o Modules/_testcapi/weakref.o Modules/_testcapi/marshal.o   -o Modules/_testcapi.cpython-316-x86_64-linux-gnu.so
gcc -shared      Modules/_testlimitedcapi.o Modules/_testlimitedcapi/abstract.o Modules/_testlimitedcapi/bytearray.o Modules/_testlimitedcapi/bytes.o Modules/_testlimitedcapi/capsule.o Modules/_testlimitedcapi/codec.o Modules/_testlimitedcapi/complex.o Modules/_testlimitedcapi/dict.o Modules/_testlimitedcapi/eval.o Modules/_testlimitedcapi/float.o Modules/_testlimitedcapi/heaptype_relative.o Modules/_testlimitedcapi/import.o Modules/_testlimitedcapi/list.o Modules/_testlimitedcapi/long.o Modules/_testlimitedcapi/object.o Modules/_testlimitedcapi/pyos.o Modules/_testlimitedcapi/set.o Modules/_testlimitedcapi/slots.o Modules/_testlimitedcapi/sys.o Modules/_testlimitedcapi/threadstate.o Modules/_testlimitedcapi/tuple.o Modules/_testlimitedcapi/unicode.o Modules/_testlimitedcapi/vectorcall_limited.o Modules/_testlimitedcapi/version.o Modules/_testlimitedcapi/file.o Modules/_testlimitedcapi/weakref.o Modules/_testlimitedcapi/run.o Modules/_testlimitedcapi/type.o   -o Modules/_testlimitedcapi.cpython-316-x86_64-linux-gnu.so
gcc -shared      Modules/_testclinic.o   -o Modules/_testclinic.cpython-316-x86_64-linux-gnu.so
gcc -shared      Modules/_testclinic_limited.o   -o Modules/_testclinic_limited.cpython-316-x86_64-linux-gnu.so
gcc -shared      Modules/_testimportmultiple.o   -o Modules/_testimportmultiple.cpython-316-x86_64-linux-gnu.so
gcc -shared      Modules/_testmultiphase.o   -o Modules/_testmultiphase.cpython-316-x86_64-linux-gnu.so
gcc -shared      Modules/_testsinglephase.o   -o Modules/_testsinglephase.cpython-316-x86_64-linux-gnu.so
gcc -shared      Modules/xxlimited.o   -o Modules/xxlimited.cpython-316-x86_64-linux-gnu.so
gcc -shared      Modules/xxlimited_35.o   -o Modules/xxlimited_35.cpython-316-x86_64-linux-gnu.so
gcc -shared      Modules/xxlimited_3_13.o   -o Modules/xxlimited_3_13.cpython-316-x86_64-linux-gnu.so
gcc     -o Programs/_freeze_module Programs/_freeze_module.o Modules/getpath_noop.o Modules/getbuildinfo.o Parser/token.o  Parser/pegen.o Parser/pegen_errors.o Parser/action_helpers.o Parser/parser.o Parser/string_parser.o Parser/peg_api.o Parser/lexer/lexer.o Parser/lexer/number.o Parser/lexer/state.o Parser/lexer/string.o Parser/tokenizer/cursor.o Parser/tokenizer/decoder.o Parser/tokenizer/api.o Parser/tokenizer/reader.o Parser/tokenizer/source.o Parser/tokenizer/helpers.o Parser/myreadline.o Objects/abstract.o Objects/boolobject.o Objects/bytes_methods.o Objects/bytearrayobject.o Objects/bytesobject.o Objects/call.o Objects/capsule.o Objects/cellobject.o Objects/classobject.o Objects/codeobject.o Objects/complexobject.o Objects/descrobject.o Objects/enumobject.o Objects/exceptions.o Objects/genericaliasobject.o Objects/genobject.o Objects/fileobject.o Objects/floatobject.o Objects/frameobject.o Objects/funcobject.o Objects/interpolationobject.o Objects/iterobject.o Objects/lazyimportobject.o Objects/listobject.o Objects/longobject.o Objects/dictobject.o Objects/odictobject.o Objects/memoryobject.o Objects/methodobject.o Objects/moduleobject.o Objects/namespaceobject.o Objects/object.o Objects/obmalloc.o Objects/picklebufobject.o Objects/rangeobject.o Objects/sentinelobject.o Objects/setobject.o Objects/sliceobject.o Objects/structseq.o Objects/templateobject.o Objects/tupleobject.o Objects/typeobject.o Objects/typevarobject.o Objects/unicode_format.o Objects/unicode_formatter.o Objects/unicode_writer.o Objects/unicodectype.o Objects/unicodeobject.o Objects/unionobject.o Objects/weakrefobject.o Python/asm_trampoline_x86_64.o Python/_contextvars.o Python/_warnings.o Python/Python-ast.o Python/Python-tokenize.o Python/asdl.o Python/assemble.o Python/ast.o Python/ast_preprocess.o Python/ast_unparse.o Python/bltinmodule.o Python/brc.o Python/ceval.o Python/codecs.o Python/codegen.o Python/compile.o Python/context.o Python/critical_section.o Python/crossinterp.o Python/dynamic_annotations.o Python/errors.o Python/flowgraph.o Python/frame.o Python/frozenmain.o Python/future.o Python/gc.o Python/gc_free_threading.o Python/gc_gil.o Python/getargs.o Python/getcompiler.o Python/getcopyright.o Python/getplatform.o Python/getversion.o Python/ceval_gil.o Python/hamt.o Python/hashtable.o Python/import.o Python/importdl.o Python/index_pool.o Python/initconfig.o Python/interpconfig.o Python/instrumentation.o Python/instruction_sequence.o Python/intrinsics.o Python/jit.o Python/jit_publish.o  Python/legacy_tracing.o Python/lock.o Python/marshal.o Python/modsupport.o Python/mysnprintf.o Python/mystrtoul.o Python/object_stack.o Python/optimizer.o Python/optimizer_analysis.o Python/optimizer_symbols.o Python/parking_lot.o Python/pathconfig.o Python/preconfig.o Python/pyarena.o Python/pyctype.o Python/pyfpe.o Python/pyhash.o Python/pylifecycle.o Python/pymath.o Python/pystate.o Python/pystats.o Python/pythonrun.o Python/pytime.o Python/qsbr.o Python/bootstrap_hash.o Python/specialize.o Python/slots.o Python/slots_generated.o Python/stackrefs.o Python/structmember.o Python/symtable.o Python/sysmodule.o Python/thread.o Python/traceback.o Python/tracemalloc.o Python/typecache.o Python/uniqueid.o Python/getopt.o Python/pystrcmp.o Python/pystrtod.o Python/pystrhex.o Python/dtoa.o Python/fileutils.o Python/suggestions.o Python/perf_trampoline.o Python/perf_jit_trampoline.o Python/jit_unwind.o Python/remote_debugging.o Python/dynload_shlib.o     Modules/config.o Modules/main.o Modules/gcmodule.o Modules/_asynciomodule.o  Modules/atexitmodule.o  Modules/faulthandler.o  Modules/posixmodule.o  Modules/signalmodule.o  Modules/_tracemalloc.o  Modules/_suggestions.o  Modules/_datetimemodule.o  Modules/_codecsmodule.o  Modules/_collectionsmodule.o  Modules/errnomodule.o  Modules/_io/_iomodule.o Modules/_io/iobase.o Modules/_io/fileio.o Modules/_io/bytesio.o Modules/_io/bufferedio.o Modules/_io/textio.o Modules/_io/stringio.o  Modules/itertoolsmodule.o  Modules/_sre/sre.o  Modules/_sysconfig.o  Modules/_threadmodule.o  Modules/timemodule.o  Modules/_typesmodule.o  Modules/_typingmodule.o  Modules/_weakref.o  Modules/_abc.o  Modules/_functoolsmodule.o  Modules/_localemodule.o  Modules/_opcode.o  Modules/_operator.o  Modules/_stat.o  Modules/symtablemodule.o  Modules/pwdmodule.o -ldl         -lm                      -lm 
gcc -shared      Modules/_ctypes/_ctypes_test.o -lm  -o Modules/_ctypes_test.cpython-316-x86_64-linux-gnu.so
./Programs/_freeze_module getpath ../../Modules/getpath.py Python/frozen_modules/getpath.h
./Programs/_freeze_module importlib._bootstrap ../../Lib/importlib/_bootstrap.py Python/frozen_modules/importlib._bootstrap.h
./Programs/_freeze_module importlib._bootstrap_external ../../Lib/importlib/_bootstrap_external.py Python/frozen_modules/importlib._bootstrap_external.h
./Programs/_freeze_module zipimport ../../Lib/zipimport.py Python/frozen_modules/zipimport.h
./Programs/_freeze_module builtins ../../Lib/_pybuiltins.py Python/frozen_modules/builtins.h
gcc -c -fno-omit-frame-pointer -mno-omit-leaf-frame-pointer  -fno-strict-overflow -Wsign-compare -DNDEBUG -g -O3 -Wall    -std=c11 -Wextra -Wno-unused-parameter -Wno-missing-field-initializers -Wstrict-prototypes -Werror=implicit-function-declaration -fvisibility=hidden  -I../../Include/internal -I../../Include/internal/mimalloc -IObjects -IInclude -IPython -I. -I../../Include    -DPy_BUILD_CORE -DPYTHONPATH='""' \
	-DPREFIX='"/usr/local"' \
	-DEXEC_PREFIX='"/usr/local"' \
	-DVERSION='"3.16"' \
	-DVPATH='"../.."' \
	-DPLATLIBDIR='"lib"' \
	-DPYTHONFRAMEWORK='""' \
	-o Modules/getpath.o ../../Modules/getpath.c
gcc -c -fno-omit-frame-pointer -mno-omit-leaf-frame-pointer  -fno-strict-overflow -Wsign-compare -DNDEBUG -g -O3 -Wall    -std=c11 -Wextra -Wno-unused-parameter -Wno-missing-field-initializers -Wstrict-prototypes -Werror=implicit-function-declaration -fvisibility=hidden  -I../../Include/internal -I../../Include/internal/mimalloc -IObjects -IInclude -IPython -I. -I../../Include    -DPy_BUILD_CORE -o Programs/_bootstrap_python.o ../../Programs/_bootstrap_python.c
gcc     -o _bootstrap_python Modules/getbuildinfo.o Parser/token.o  Parser/pegen.o Parser/pegen_errors.o Parser/action_helpers.o Parser/parser.o Parser/string_parser.o Parser/peg_api.o Parser/lexer/lexer.o Parser/lexer/number.o Parser/lexer/state.o Parser/lexer/string.o Parser/tokenizer/cursor.o Parser/tokenizer/decoder.o Parser/tokenizer/api.o Parser/tokenizer/reader.o Parser/tokenizer/source.o Parser/tokenizer/helpers.o Parser/myreadline.o Objects/abstract.o Objects/boolobject.o Objects/bytes_methods.o Objects/bytearrayobject.o Objects/bytesobject.o Objects/call.o Objects/capsule.o Objects/cellobject.o Objects/classobject.o Objects/codeobject.o Objects/complexobject.o Objects/descrobject.o Objects/enumobject.o Objects/exceptions.o Objects/genericaliasobject.o Objects/genobject.o Objects/fileobject.o Objects/floatobject.o Objects/frameobject.o Objects/funcobject.o Objects/interpolationobject.o Objects/iterobject.o Objects/lazyimportobject.o Objects/listobject.o Objects/longobject.o Objects/dictobject.o Objects/odictobject.o Objects/memoryobject.o Objects/methodobject.o Objects/moduleobject.o Objects/namespaceobject.o Objects/object.o Objects/obmalloc.o Objects/picklebufobject.o Objects/rangeobject.o Objects/sentinelobject.o Objects/setobject.o Objects/sliceobject.o Objects/structseq.o Objects/templateobject.o Objects/tupleobject.o Objects/typeobject.o Objects/typevarobject.o Objects/unicode_format.o Objects/unicode_formatter.o Objects/unicode_writer.o Objects/unicodectype.o Objects/unicodeobject.o Objects/unionobject.o Objects/weakrefobject.o Python/asm_trampoline_x86_64.o Python/_contextvars.o Python/_warnings.o Python/Python-ast.o Python/Python-tokenize.o Python/asdl.o Python/assemble.o Python/ast.o Python/ast_preprocess.o Python/ast_unparse.o Python/bltinmodule.o Python/brc.o Python/ceval.o Python/codecs.o Python/codegen.o Python/compile.o Python/context.o Python/critical_section.o Python/crossinterp.o Python/dynamic_annotations.o Python/errors.o Python/flowgraph.o Python/frame.o Python/frozenmain.o Python/future.o Python/gc.o Python/gc_free_threading.o Python/gc_gil.o Python/getargs.o Python/getcompiler.o Python/getcopyright.o Python/getplatform.o Python/getversion.o Python/ceval_gil.o Python/hamt.o Python/hashtable.o Python/import.o Python/importdl.o Python/index_pool.o Python/initconfig.o Python/interpconfig.o Python/instrumentation.o Python/instruction_sequence.o Python/intrinsics.o Python/jit.o Python/jit_publish.o  Python/legacy_tracing.o Python/lock.o Python/marshal.o Python/modsupport.o Python/mysnprintf.o Python/mystrtoul.o Python/object_stack.o Python/optimizer.o Python/optimizer_analysis.o Python/optimizer_symbols.o Python/parking_lot.o Python/pathconfig.o Python/preconfig.o Python/pyarena.o Python/pyctype.o Python/pyfpe.o Python/pyhash.o Python/pylifecycle.o Python/pymath.o Python/pystate.o Python/pystats.o Python/pythonrun.o Python/pytime.o Python/qsbr.o Python/bootstrap_hash.o Python/specialize.o Python/slots.o Python/slots_generated.o Python/stackrefs.o Python/structmember.o Python/symtable.o Python/sysmodule.o Python/thread.o Python/traceback.o Python/tracemalloc.o Python/typecache.o Python/uniqueid.o Python/getopt.o Python/pystrcmp.o Python/pystrtod.o Python/pystrhex.o Python/dtoa.o Python/fileutils.o Python/suggestions.o Python/perf_trampoline.o Python/perf_jit_trampoline.o Python/jit_unwind.o Python/remote_debugging.o Python/dynload_shlib.o     Modules/config.o Modules/main.o Modules/gcmodule.o Modules/_asynciomodule.o  Modules/atexitmodule.o  Modules/faulthandler.o  Modules/posixmodule.o  Modules/signalmodule.o  Modules/_tracemalloc.o  Modules/_suggestions.o  Modules/_datetimemodule.o  Modules/_codecsmodule.o  Modules/_collectionsmodule.o  Modules/errnomodule.o  Modules/_io/_iomodule.o Modules/_io/iobase.o Modules/_io/fileio.o Modules/_io/bytesio.o Modules/_io/bufferedio.o Modules/_io/textio.o Modules/_io/stringio.o  Modules/itertoolsmodule.o  Modules/_sre/sre.o  Modules/_sysconfig.o  Modules/_threadmodule.o  Modules/timemodule.o  Modules/_typesmodule.o  Modules/_typingmodule.o  Modules/_weakref.o  Modules/_abc.o  Modules/_functoolsmodule.o  Modules/_localemodule.o  Modules/_opcode.o  Modules/_operator.o  Modules/_stat.o  Modules/symtablemodule.o  Modules/pwdmodule.o \
	Programs/_bootstrap_python.o Modules/getpath.o -ldl         -lm                      -lm 
# Dummy pybuilddir.txt  is needed for _bootstrap_python to be runnable
./_bootstrap_python ../../Programs/_freeze_module.py abc ../../Lib/abc.py Python/frozen_modules/abc.h
./_bootstrap_python ../../Programs/_freeze_module.py codecs ../../Lib/codecs.py Python/frozen_modules/codecs.h
./_bootstrap_python ../../Programs/_freeze_module.py io ../../Lib/io.py Python/frozen_modules/io.h
./_bootstrap_python ../../Programs/_freeze_module.py _collections_abc ../../Lib/_collections_abc.py Python/frozen_modules/_collections_abc.h
./_bootstrap_python ../../Programs/_freeze_module.py _sitebuiltins ../../Lib/_sitebuiltins.py Python/frozen_modules/_sitebuiltins.h
./_bootstrap_python ../../Programs/_freeze_module.py genericpath ../../Lib/genericpath.py Python/frozen_modules/genericpath.h
./_bootstrap_python ../../Programs/_freeze_module.py ntpath ../../Lib/ntpath.py Python/frozen_modules/ntpath.h
./_bootstrap_python ../../Programs/_freeze_module.py posixpath ../../Lib/posixpath.py Python/frozen_modules/posixpath.h
./_bootstrap_python ../../Programs/_freeze_module.py os ../../Lib/os.py Python/frozen_modules/os.h
./_bootstrap_python ../../Programs/_freeze_module.py site ../../Lib/site.py Python/frozen_modules/site.h
./_bootstrap_python ../../Programs/_freeze_module.py stat ../../Lib/stat.py Python/frozen_modules/stat.h
./_bootstrap_python ../../Programs/_freeze_module.py linecache ../../Lib/linecache.py Python/frozen_modules/linecache.h
./_bootstrap_python ../../Programs/_freeze_module.py importlib.util ../../Lib/importlib/util.py Python/frozen_modules/importlib.util.h
./_bootstrap_python ../../Programs/_freeze_module.py importlib.machinery ../../Lib/importlib/machinery.py Python/frozen_modules/importlib.machinery.h
./_bootstrap_python ../../Programs/_freeze_module.py runpy ../../Lib/runpy.py Python/frozen_modules/runpy.h
./_bootstrap_python ../../Programs/_freeze_module.py __hello__ ../../Lib/__hello__.py Python/frozen_modules/__hello__.h
./_bootstrap_python ../../Programs/_freeze_module.py __phello__ ../../Lib/__phello__/__init__.py Python/frozen_modules/__phello__.h
./_bootstrap_python ../../Programs/_freeze_module.py __phello__.ham ../../Lib/__phello__/ham/__init__.py Python/frozen_modules/__phello__.ham.h
./_bootstrap_python ../../Programs/_freeze_module.py __phello__.ham.eggs ../../Lib/__phello__/ham/eggs.py Python/frozen_modules/__phello__.ham.eggs.h
./_bootstrap_python ../../Programs/_freeze_module.py __phello__.spam ../../Lib/__phello__/spam.py Python/frozen_modules/__phello__.spam.h
./_bootstrap_python ../../Programs/_freeze_module.py frozen_only ../../Tools/freeze/flag.py Python/frozen_modules/frozen_only.h
gcc -c -fno-omit-frame-pointer -mno-omit-leaf-frame-pointer  -fno-strict-overflow -Wsign-compare -DNDEBUG -g -O3 -Wall    -std=c11 -Wextra -Wno-unused-parameter -Wno-missing-field-initializers -Wstrict-prototypes -Werror=implicit-function-declaration -fvisibility=hidden  -I../../Include/internal -I../../Include/internal/mimalloc -IObjects -IInclude -IPython -I. -I../../Include    -DPy_BUILD_CORE -o Python/frozen.o ../../Python/frozen.c
rm -f libpython3.16.a
ar rcs libpython3.16.a Modules/getbuildinfo.o Parser/token.o  Parser/pegen.o Parser/pegen_errors.o Parser/action_helpers.o Parser/parser.o Parser/string_parser.o Parser/peg_api.o Parser/lexer/lexer.o Parser/lexer/number.o Parser/lexer/state.o Parser/lexer/string.o Parser/tokenizer/cursor.o Parser/tokenizer/decoder.o Parser/tokenizer/api.o Parser/tokenizer/reader.o Parser/tokenizer/source.o Parser/tokenizer/helpers.o Parser/myreadline.o Objects/abstract.o Objects/boolobject.o Objects/bytes_methods.o Objects/bytearrayobject.o Objects/bytesobject.o Objects/call.o Objects/capsule.o Objects/cellobject.o Objects/classobject.o Objects/codeobject.o Objects/complexobject.o Objects/descrobject.o Objects/enumobject.o Objects/exceptions.o Objects/genericaliasobject.o Objects/genobject.o Objects/fileobject.o Objects/floatobject.o Objects/frameobject.o Objects/funcobject.o Objects/interpolationobject.o Objects/iterobject.o Objects/lazyimportobject.o Objects/listobject.o Objects/longobject.o Objects/dictobject.o Objects/odictobject.o Objects/memoryobject.o Objects/methodobject.o Objects/moduleobject.o Objects/namespaceobject.o Objects/object.o Objects/obmalloc.o Objects/picklebufobject.o Objects/rangeobject.o Objects/sentinelobject.o Objects/setobject.o Objects/sliceobject.o Objects/structseq.o Objects/templateobject.o Objects/tupleobject.o Objects/typeobject.o Objects/typevarobject.o Objects/unicode_format.o Objects/unicode_formatter.o Objects/unicode_writer.o Objects/unicodectype.o Objects/unicodeobject.o Objects/unionobject.o Objects/weakrefobject.o Python/asm_trampoline_x86_64.o Python/_contextvars.o Python/_warnings.o Python/Python-ast.o Python/Python-tokenize.o Python/asdl.o Python/assemble.o Python/ast.o Python/ast_preprocess.o Python/ast_unparse.o Python/bltinmodule.o Python/brc.o Python/ceval.o Python/codecs.o Python/codegen.o Python/compile.o Python/context.o Python/critical_section.o Python/crossinterp.o Python/dynamic_annotations.o Python/errors.o Python/flowgraph.o Python/frame.o Python/frozenmain.o Python/future.o Python/gc.o Python/gc_free_threading.o Python/gc_gil.o Python/getargs.o Python/getcompiler.o Python/getcopyright.o Python/getplatform.o Python/getversion.o Python/ceval_gil.o Python/hamt.o Python/hashtable.o Python/import.o Python/importdl.o Python/index_pool.o Python/initconfig.o Python/interpconfig.o Python/instrumentation.o Python/instruction_sequence.o Python/intrinsics.o Python/jit.o Python/jit_publish.o  Python/legacy_tracing.o Python/lock.o Python/marshal.o Python/modsupport.o Python/mysnprintf.o Python/mystrtoul.o Python/object_stack.o Python/optimizer.o Python/optimizer_analysis.o Python/optimizer_symbols.o Python/parking_lot.o Python/pathconfig.o Python/preconfig.o Python/pyarena.o Python/pyctype.o Python/pyfpe.o Python/pyhash.o Python/pylifecycle.o Python/pymath.o Python/pystate.o Python/pystats.o Python/pythonrun.o Python/pytime.o Python/qsbr.o Python/bootstrap_hash.o Python/specialize.o Python/slots.o Python/slots_generated.o Python/stackrefs.o Python/structmember.o Python/symtable.o Python/sysmodule.o Python/thread.o Python/traceback.o Python/tracemalloc.o Python/typecache.o Python/uniqueid.o Python/getopt.o Python/pystrcmp.o Python/pystrtod.o Python/pystrhex.o Python/dtoa.o Python/fileutils.o Python/suggestions.o Python/perf_trampoline.o Python/perf_jit_trampoline.o Python/jit_unwind.o Python/remote_debugging.o Python/dynload_shlib.o     Modules/config.o Modules/main.o Modules/gcmodule.o Modules/_asynciomodule.o  Modules/atexitmodule.o  Modules/faulthandler.o  Modules/posixmodule.o  Modules/signalmodule.o  Modules/_tracemalloc.o  Modules/_suggestions.o  Modules/_datetimemodule.o  Modules/_codecsmodule.o  Modules/_collectionsmodule.o  Modules/errnomodule.o  Modules/_io/_iomodule.o Modules/_io/iobase.o Modules/_io/fileio.o Modules/_io/bytesio.o Modules/_io/bufferedio.o Modules/_io/textio.o Modules/_io/stringio.o  Modules/itertoolsmodule.o  Modules/_sre/sre.o  Modules/_sysconfig.o  Modules/_threadmodule.o  Modules/timemodule.o  Modules/_typesmodule.o  Modules/_typingmodule.o  Modules/_weakref.o  Modules/_abc.o  Modules/_functoolsmodule.o  Modules/_localemodule.o  Modules/_opcode.o  Modules/_operator.o  Modules/_stat.o  Modules/symtablemodule.o  Modules/pwdmodule.o Modules/getpath.o Python/frozen.o
gcc      -Xlinker -export-dynamic -o python Programs/python.o Modules/getbuildinfo.o Parser/token.o  Parser/pegen.o Parser/pegen_errors.o Parser/action_helpers.o Parser/parser.o Parser/string_parser.o Parser/peg_api.o Parser/lexer/lexer.o Parser/lexer/number.o Parser/lexer/state.o Parser/lexer/string.o Parser/tokenizer/cursor.o Parser/tokenizer/decoder.o Parser/tokenizer/api.o Parser/tokenizer/reader.o Parser/tokenizer/source.o Parser/tokenizer/helpers.o Parser/myreadline.o Objects/abstract.o Objects/boolobject.o Objects/bytes_methods.o Objects/bytearrayobject.o Objects/bytesobject.o Objects/call.o Objects/capsule.o Objects/cellobject.o Objects/classobject.o Objects/codeobject.o Objects/complexobject.o Objects/descrobject.o Objects/enumobject.o Objects/exceptions.o Objects/genericaliasobject.o Objects/genobject.o Objects/fileobject.o Objects/floatobject.o Objects/frameobject.o Objects/funcobject.o Objects/interpolationobject.o Objects/iterobject.o Objects/lazyimportobject.o Objects/listobject.o Objects/longobject.o Objects/dictobject.o Objects/odictobject.o Objects/memoryobject.o Objects/methodobject.o Objects/moduleobject.o Objects/namespaceobject.o Objects/object.o Objects/obmalloc.o Objects/picklebufobject.o Objects/rangeobject.o Objects/sentinelobject.o Objects/setobject.o Objects/sliceobject.o Objects/structseq.o Objects/templateobject.o Objects/tupleobject.o Objects/typeobject.o Objects/typevarobject.o Objects/unicode_format.o Objects/unicode_formatter.o Objects/unicode_writer.o Objects/unicodectype.o Objects/unicodeobject.o Objects/unionobject.o Objects/weakrefobject.o Python/asm_trampoline_x86_64.o Python/_contextvars.o Python/_warnings.o Python/Python-ast.o Python/Python-tokenize.o Python/asdl.o Python/assemble.o Python/ast.o Python/ast_preprocess.o Python/ast_unparse.o Python/bltinmodule.o Python/brc.o Python/ceval.o Python/codecs.o Python/codegen.o Python/compile.o Python/context.o Python/critical_section.o Python/crossinterp.o Python/dynamic_annotations.o Python/errors.o Python/flowgraph.o Python/frame.o Python/frozenmain.o Python/future.o Python/gc.o Python/gc_free_threading.o Python/gc_gil.o Python/getargs.o Python/getcompiler.o Python/getcopyright.o Python/getplatform.o Python/getversion.o Python/ceval_gil.o Python/hamt.o Python/hashtable.o Python/import.o Python/importdl.o Python/index_pool.o Python/initconfig.o Python/interpconfig.o Python/instrumentation.o Python/instruction_sequence.o Python/intrinsics.o Python/jit.o Python/jit_publish.o  Python/legacy_tracing.o Python/lock.o Python/marshal.o Python/modsupport.o Python/mysnprintf.o Python/mystrtoul.o Python/object_stack.o Python/optimizer.o Python/optimizer_analysis.o Python/optimizer_symbols.o Python/parking_lot.o Python/pathconfig.o Python/preconfig.o Python/pyarena.o Python/pyctype.o Python/pyfpe.o Python/pyhash.o Python/pylifecycle.o Python/pymath.o Python/pystate.o Python/pystats.o Python/pythonrun.o Python/pytime.o Python/qsbr.o Python/bootstrap_hash.o Python/specialize.o Python/slots.o Python/slots_generated.o Python/stackrefs.o Python/structmember.o Python/symtable.o Python/sysmodule.o Python/thread.o Python/traceback.o Python/tracemalloc.o Python/typecache.o Python/uniqueid.o Python/getopt.o Python/pystrcmp.o Python/pystrtod.o Python/pystrhex.o Python/dtoa.o Python/fileutils.o Python/suggestions.o Python/perf_trampoline.o Python/perf_jit_trampoline.o Python/jit_unwind.o Python/remote_debugging.o Python/dynload_shlib.o     Modules/config.o Modules/main.o Modules/gcmodule.o Modules/_asynciomodule.o  Modules/atexitmodule.o  Modules/faulthandler.o  Modules/posixmodule.o  Modules/signalmodule.o  Modules/_tracemalloc.o  Modules/_suggestions.o  Modules/_datetimemodule.o  Modules/_codecsmodule.o  Modules/_collectionsmodule.o  Modules/errnomodule.o  Modules/_io/_iomodule.o Modules/_io/iobase.o Modules/_io/fileio.o Modules/_io/bytesio.o Modules/_io/bufferedio.o Modules/_io/textio.o Modules/_io/stringio.o  Modules/itertoolsmodule.o  Modules/_sre/sre.o  Modules/_sysconfig.o  Modules/_threadmodule.o  Modules/timemodule.o  Modules/_typesmodule.o  Modules/_typingmodule.o  Modules/_weakref.o  Modules/_abc.o  Modules/_functoolsmodule.o  Modules/_localemodule.o  Modules/_opcode.o  Modules/_operator.o  Modules/_stat.o  Modules/symtablemodule.o  Modules/pwdmodule.o Modules/getpath.o Python/frozen.o -ldl         -lm                      -lm 
gcc      -Xlinker -export-dynamic -o Programs/_testembed Programs/_testembed.o Modules/getbuildinfo.o Parser/token.o  Parser/pegen.o Parser/pegen_errors.o Parser/action_helpers.o Parser/parser.o Parser/string_parser.o Parser/peg_api.o Parser/lexer/lexer.o Parser/lexer/number.o Parser/lexer/state.o Parser/lexer/string.o Parser/tokenizer/cursor.o Parser/tokenizer/decoder.o Parser/tokenizer/api.o Parser/tokenizer/reader.o Parser/tokenizer/source.o Parser/tokenizer/helpers.o Parser/myreadline.o Objects/abstract.o Objects/boolobject.o Objects/bytes_methods.o Objects/bytearrayobject.o Objects/bytesobject.o Objects/call.o Objects/capsule.o Objects/cellobject.o Objects/classobject.o Objects/codeobject.o Objects/complexobject.o Objects/descrobject.o Objects/enumobject.o Objects/exceptions.o Objects/genericaliasobject.o Objects/genobject.o Objects/fileobject.o Objects/floatobject.o Objects/frameobject.o Objects/funcobject.o Objects/interpolationobject.o Objects/iterobject.o Objects/lazyimportobject.o Objects/listobject.o Objects/longobject.o Objects/dictobject.o Objects/odictobject.o Objects/memoryobject.o Objects/methodobject.o Objects/moduleobject.o Objects/namespaceobject.o Objects/object.o Objects/obmalloc.o Objects/picklebufobject.o Objects/rangeobject.o Objects/sentinelobject.o Objects/setobject.o Objects/sliceobject.o Objects/structseq.o Objects/templateobject.o Objects/tupleobject.o Objects/typeobject.o Objects/typevarobject.o Objects/unicode_format.o Objects/unicode_formatter.o Objects/unicode_writer.o Objects/unicodectype.o Objects/unicodeobject.o Objects/unionobject.o Objects/weakrefobject.o Python/asm_trampoline_x86_64.o Python/_contextvars.o Python/_warnings.o Python/Python-ast.o Python/Python-tokenize.o Python/asdl.o Python/assemble.o Python/ast.o Python/ast_preprocess.o Python/ast_unparse.o Python/bltinmodule.o Python/brc.o Python/ceval.o Python/codecs.o Python/codegen.o Python/compile.o Python/context.o Python/critical_section.o Python/crossinterp.o Python/dynamic_annotations.o Python/errors.o Python/flowgraph.o Python/frame.o Python/frozenmain.o Python/future.o Python/gc.o Python/gc_free_threading.o Python/gc_gil.o Python/getargs.o Python/getcompiler.o Python/getcopyright.o Python/getplatform.o Python/getversion.o Python/ceval_gil.o Python/hamt.o Python/hashtable.o Python/import.o Python/importdl.o Python/index_pool.o Python/initconfig.o Python/interpconfig.o Python/instrumentation.o Python/instruction_sequence.o Python/intrinsics.o Python/jit.o Python/jit_publish.o  Python/legacy_tracing.o Python/lock.o Python/marshal.o Python/modsupport.o Python/mysnprintf.o Python/mystrtoul.o Python/object_stack.o Python/optimizer.o Python/optimizer_analysis.o Python/optimizer_symbols.o Python/parking_lot.o Python/pathconfig.o Python/preconfig.o Python/pyarena.o Python/pyctype.o Python/pyfpe.o Python/pyhash.o Python/pylifecycle.o Python/pymath.o Python/pystate.o Python/pystats.o Python/pythonrun.o Python/pytime.o Python/qsbr.o Python/bootstrap_hash.o Python/specialize.o Python/slots.o Python/slots_generated.o Python/stackrefs.o Python/structmember.o Python/symtable.o Python/sysmodule.o Python/thread.o Python/traceback.o Python/tracemalloc.o Python/typecache.o Python/uniqueid.o Python/getopt.o Python/pystrcmp.o Python/pystrtod.o Python/pystrhex.o Python/dtoa.o Python/fileutils.o Python/suggestions.o Python/perf_trampoline.o Python/perf_jit_trampoline.o Python/jit_unwind.o Python/remote_debugging.o Python/dynload_shlib.o     Modules/config.o Modules/main.o Modules/gcmodule.o Modules/_asynciomodule.o  Modules/atexitmodule.o  Modules/faulthandler.o  Modules/posixmodule.o  Modules/signalmodule.o  Modules/_tracemalloc.o  Modules/_suggestions.o  Modules/_datetimemodule.o  Modules/_codecsmodule.o  Modules/_collectionsmodule.o  Modules/errnomodule.o  Modules/_io/_iomodule.o Modules/_io/iobase.o Modules/_io/fileio.o Modules/_io/bytesio.o Modules/_io/bufferedio.o Modules/_io/textio.o Modules/_io/stringio.o  Modules/itertoolsmodule.o  Modules/_sre/sre.o  Modules/_sysconfig.o  Modules/_threadmodule.o  Modules/timemodule.o  Modules/_typesmodule.o  Modules/_typingmodule.o  Modules/_weakref.o  Modules/_abc.o  Modules/_functoolsmodule.o  Modules/_localemodule.o  Modules/_opcode.o  Modules/_operator.o  Modules/_stat.o  Modules/symtablemodule.o  Modules/pwdmodule.o Modules/getpath.o Python/frozen.o -ldl         -lm                      -lm 
./python -E -S -X pathconfig_warnings=0 -m sysconfig --generate-posix-vars ;\
if test $? -ne 0 ; then \
	echo "generate-posix-vars failed" ; \
	rm -f ./pybuilddir.txt ; \
	exit 1 ; \
fi
Written build/lib.linux-x86_64-3.16/_sysconfigdata__linux_x86_64-linux-gnu.py
Written build/lib.linux-x86_64-3.16/_sysconfig_vars__linux_x86_64-linux-gnu.json
./python -E -c 'import sys ; from sysconfig import get_platform ; print("%s-%d.%d" % (get_platform(), *sys.version_info[:2]))' >platform
./python -E ../../Tools/build/generate-build-details.py `cat pybuilddir.txt`/build-details.json
The necessary bits to build these optional modules were not found:
_decimal                                                       
To find the necessary bits, look in configure.ac and config.log.

Checked 116 modules (37 built-in, 77 shared, 1 n/a on linux-x86_64, 0 disabled, 1 missing, 0 failed on import)
The necessary bits to build these optional modules were not found:
_decimal                                                       
To find the necessary bits, look in configure.ac and config.log.

Checked 116 modules (37 built-in, 77 shared, 1 n/a on linux-x86_64, 0 disabled, 1 missing, 0 failed on import)
./python -E ../../Tools/build/generate-build-details.py `cat pybuilddir.txt`/build-details.json
./python -m test.pythoninfo
Python build information
########################

CC.version: gcc (Ubuntu 13.3.0-6ubuntu2~24.04.1) 13.3.0
_testcapi.LONG_MAX: 9223372036854775807
_testcapi.PY_SSIZE_T_MAX: 9223372036854775807
_testcapi.SIZEOF_TIME_T: 8
_testcapi.SIZEOF_WCHAR_T: 4
_testinternalcapi.SIZEOF_PYGC_HEAD: 16
_testinternalcapi.SIZEOF_PYOBJECT: 16
build.Py_DEBUG: No (sys.gettotalrefcount() missing)
build.Py_TRACE_REFS: No (sys.getobjects() missing)
build.WITH_DOC_STRINGS: Yes
build.WITH_DTRACE: No
build.WITH_MIMALLOC: Yes
build.WITH_PYMALLOC: Yes
build.WITH_VALGRIND: No
builtins.float.double_format: IEEE, little-endian
builtins.float.float_format: IEEE, little-endian
bz2.bzlib_version: 1.0.8, 13-Jul-2019
config[_config_init]: 2
config[_init_main]: True
config[_install_importlib]: True
config[_is_python_build]: True
config[argv]: ('-m',)
config[base_exec_prefix]: '/usr/local'
config[base_executable]: '/workspaces/MyPython/cpython/cross-build/build/python'
config[base_prefix]: '/usr/local'
config[buffered_stdio]: True
config[bytes_warning]: 0
config[check_hash_pycs_mode]: 'default'
config[code_debug_ranges]: True
config[configure_c_stdio]: True
config[context_aware_warnings]: 0
config[cpu_count]: -1
config[dev_mode]: False
config[dump_refs]: False
config[dump_refs_file]: None
config[exec_prefix]: '/usr/local'
config[executable]: '/workspaces/MyPython/cpython/cross-build/build/python'
config[faulthandler]: False
config[filesystem_encoding]: 'utf-8'
config[filesystem_errors]: 'surrogateescape'
config[hash_seed]: 0
config[home]: None
config[import_time]: 0
config[inspect]: False
config[install_signal_handlers]: True
config[int_max_str_digits]: 4300
config[interactive]: False
config[isolated]: False
config[lazy_imports]: -1
config[malloc_stats]: False
config[module_search_paths]: ('/usr/local/lib/python316.zip', '/workspaces/MyPython/cpython/Lib', '/workspaces/MyPython/cpython/cross-build/build/build/lib.linux-x86_64-3.16')
config[module_search_paths_set]: True
config[optimization_level]: 0
config[orig_argv]: ('./python', '-m', 'test.pythoninfo')
config[parse_argv]: True
config[parser_debug]: False
config[pathconfig_warnings]: True
config[perf_profiling]: 0
config[platlibdir]: 'lib'
config[prefix]: '/usr/local'
config[program_name]: './python'
config[pycache_prefix]: None
config[pymalloc_hugepages]: False
config[pythonpath_env]: None
config[quiet]: False
config[remote_debug]: True
config[run_command]: None
config[run_filename]: None
config[run_module]: 'test.pythoninfo'
config[safe_path]: False
config[show_ref_count]: False
config[site_import]: True
config[skip_source_first_line]: False
config[stdio_encoding]: 'utf-8'
config[stdio_errors]: 'strict'
config[stdlib_dir]: '/workspaces/MyPython/cpython/Lib'
config[sys_path_0]: '/workspaces/MyPython/cpython/cross-build/build'
config[thread_inherit_context]: 0
config[tracemalloc]: 0
config[use_environment]: True
config[use_frozen_modules]: True
config[use_hash_seed]: False
config[user_site_directory]: True
config[verbose]: 0
config[warn_default_encoding]: False
config[warnoptions]: ()
config[write_bytecode]: True
config[xoptions]: {}
curses.ncurses_version: curses.ncurses_version(major=6, minor=4, patch=20240113)
datetime.datetime.now: 2026-09-21 06:07:38.137368
expat.EXPAT_VERSION: expat_2.8.4
fips.openssl_fips_mode: 0
gdb_version: GNU gdb (Ubuntu 15.1-1ubuntu1~24.04.1) 15.1
gdbm.GDBM_VERSION: 1.23.0
global_config[Py_BytesWarningFlag]: 0
global_config[Py_DebugFlag]: 0
global_config[Py_DontWriteBytecodeFlag]: 0
global_config[Py_FileSystemDefaultEncodeErrors]: 'surrogateescape'
global_config[Py_FileSystemDefaultEncoding]: 'utf-8'
global_config[Py_FrozenFlag]: 0
global_config[Py_HasFileSystemDefaultEncoding]: 0
global_config[Py_HashRandomizationFlag]: 1
global_config[Py_IgnoreEnvironmentFlag]: 0
global_config[Py_InspectFlag]: 0
global_config[Py_InteractiveFlag]: 0
global_config[Py_IsolatedFlag]: 0
global_config[Py_NoSiteFlag]: 0
global_config[Py_NoUserSiteDirectory]: 0
global_config[Py_OptimizeFlag]: 0
global_config[Py_QuietFlag]: 0
global_config[Py_UTF8Mode]: 1
global_config[Py_UnbufferedStdioFlag]: 0
global_config[Py_VerboseFlag]: 0
global_config[_Py_HasFileSystemDefaultEncodeErrors]: 0
importlib.extension_suffixes: ['.cpython-316-x86_64-linux-gnu.so', '.abi3-x86_64-linux-gnu.so', '.abi3.so', '.abi3t-x86_64-linux-gnu.so', '.abi3t.so', '.so']
libregrtests.build_info: release
locale.getencoding: UTF-8
lzma.LZMA_VERSION: 5.4.5
lzma.lzma_version: 5.4.5
os.cpu_count: 2
os.environ[HOME]: /home/codespace
os.environ[LANG]: C.UTF-8
os.environ[PATH]: /home/codespace/nvm/current/bin:/vscode/bin/linux-x64/7debcd0e2acdea1c52de81bf9ee1620444407dda/bin/remote-cli:/home/codespace/.local/bin:/usr/local/rubies/current/bin:/home/codespace/.dotnet:/home/codespace/nvm/current/bin:/home/codespace/.php/current/bin:/home/codespace/.python/current/bin:/home/codespace/java/current/bin:/home/codespace/.ruby/current/bin:/home/codespace/.local/bin:/usr/local/python/current/bin:/usr/local/py-utils/bin:/usr/local/jupyter:/usr/local/oryx:/usr/local/go/bin:/go/bin:/usr/local/sdkman/bin:/usr/local/sdkman/candidates/java/current/bin:/usr/local/sdkman/candidates/gradle/current/bin:/usr/local/sdkman/candidates/maven/current/bin:/usr/local/sdkman/candidates/ant/current/bin:/usr/local/share/rbenv/shims:/usr/local/share/rbenv/bin:/usr/local/rubies/current/bin:/usr/local/php/current/bin:/opt/conda/bin:/usr/local/share/nvm/versions/node/v24.21.0/bin:/usr/local/hugo/bin:/usr/local/sbin:/usr/local/bin:/usr/sbin:/usr/bin:/sbin:/bin:/usr/share/dotnet:/home/codespace/.dotnet/tools
os.environ[PYTHONIOENCODING]: UTF-8
os.environ[PYTHON_PATH]: /usr/local/python/current
os.environ[PYTHON_ROOT]: /home/codespace/.python
os.environ[SHELL]: /bin/bash
os.environ[TERM]: xterm-256color
os.getcwd: /workspaces/MyPython/cpython/cross-build/build
os.getegid: 1000
os.geteuid: 1000
os.getgid: 1000
os.getgrouplist: 1000, 996, 995, 994, 993, 992, 991, 1001, 990, 989, 988, 987, 986
os.getgroups: 986, 987, 988, 989, 990, 991, 992, 993, 994, 995, 996, 1000, 1001
os.getloadavg: (3.236328125, 2.666015625, 2.162109375)
os.getrandom: ready (initialized)
os.getresgid: (1000, 1000, 1000)
os.getresuid: (1000, 1000, 1000)
os.getuid: 1000
os.name: posix
os.process_cpu_count: 2
os.supports_bytes_environ: True
os.supports_effective_ids: ['access']
os.supports_fd: ['chdir', 'chmod', 'chown', 'execve', 'listdir', 'pathconf', 'scandir', 'stat', 'statvfs', 'statx', 'truncate', 'utime']
os.supports_follow_symlinks: ['access', 'chown', 'link', 'stat', 'statx', 'utime']
os.umask: 0o022
os.uname: posix.uname_result(sysname='Linux', nodename='codespaces-be2fb6', release='6.8.0-1064-azure', version='#72~22.04.1-Ubuntu SMP Wed Jul 22 23:39:45 UTC 2026', machine='x86_64')
platform.architecture: 64bit ELF
platform.freedesktop_os_release[ID]: ubuntu
platform.freedesktop_os_release[NAME]: Ubuntu
platform.freedesktop_os_release[VERSION]: 24.04.5 LTS (Noble Numbat)
platform.freedesktop_os_release[VERSION_CODENAME]: noble
platform.freedesktop_os_release[VERSION_ID]: 24.04
platform.libc_ver: glibc 2.39
platform.platform: Linux-6.8.0-1064-azure-x86_64-with-glibc2.39
platform.python_implementation: CPython
pre_config[_config_init]: 2
pre_config[allocator]: 0
pre_config[coerce_c_locale]: 0
pre_config[coerce_c_locale_warn]: 0
pre_config[configure_locale]: 1
pre_config[dev_mode]: 0
pre_config[isolated]: 0
pre_config[parse_argv]: 1
pre_config[use_environment]: 1
pre_config[utf8_mode]: 1
pwd.getpwuid(1000): pwd.struct_passwd(pw_name='codespace', pw_passwd='x', pw_uid=1000, pw_gid=1000, pw_gecos='', pw_dir='/home/codespace', pw_shell='/bin/bash')
pymem.allocator: pymalloc
readline._READLINE_LIBRARY_VERSION: 8.2
readline._READLINE_RUNTIME_VERSION: 0x802
readline._READLINE_VERSION: 0x802
resource.RLIMIT_AS: (18446744073709551615, 18446744073709551615)
resource.RLIMIT_CORE: (18446744073709551615, 18446744073709551615)
resource.RLIMIT_CPU: (18446744073709551615, 18446744073709551615)
resource.RLIMIT_DATA: (18446744073709551615, 18446744073709551615)
resource.RLIMIT_FSIZE: (18446744073709551615, 18446744073709551615)
resource.RLIMIT_MEMLOCK: (8388608, 8388608)
resource.RLIMIT_MSGQUEUE: (819200, 819200)
resource.RLIMIT_NICE: (0, 0)
resource.RLIMIT_NOFILE: (524288, 524288)
resource.RLIMIT_NPROC: (18446744073709551615, 18446744073709551615)
resource.RLIMIT_OFILE: (524288, 524288)
resource.RLIMIT_RSS: (18446744073709551615, 18446744073709551615)
resource.RLIMIT_RTPRIO: (0, 0)
resource.RLIMIT_RTTIME: (18446744073709551615, 18446744073709551615)
resource.RLIMIT_SIGPENDING: (31741, 31741)
resource.RLIMIT_STACK: (8388608, 18446744073709551615)
resource.pagesize: 4096
socket.hostname: codespaces-be2fb6
sqlite3.sqlite_version: 3.45.1
ssl.HAS_SNI: True
ssl.OPENSSL_VERSION: OpenSSL 3.0.13 30 Jan 2024
ssl.OPENSSL_VERSION_INFO: (3, 0, 0, 13, 0)
ssl.OP_ALL: 0x80000050
ssl.OP_NO_TLSv1_1: 0x10000000
ssl.SSLContext.maximum_version: -1
ssl.SSLContext.minimum_version: 771
ssl.SSLContext.options: 2186412112
ssl.SSLContext.protocol: 16
ssl.SSLContext.verify_mode: 2
ssl.default_https_context.maximum_version: -1
ssl.default_https_context.minimum_version: 771
ssl.default_https_context.options: 2186412112
ssl.default_https_context.protocol: 16
ssl.default_https_context.verify_mode: 2
ssl.stdlib_context.maximum_version: -1
ssl.stdlib_context.minimum_version: 771
ssl.stdlib_context.options: 2186412112
ssl.stdlib_context.protocol: 16
ssl.stdlib_context.verify_mode: 0
subprocess._USE_POSIX_SPAWN: True
support.MS_WINDOWS: False
support._is_gui_available: False
support.built_with_c_assertions: False
support.check_sanitizer(address=True): False
support.check_sanitizer(memory=True): False
support.check_sanitizer(ub=True): False
support.has_fork_support: True
support.has_socket_support: True
support.has_strftime_extensions: True
support.has_subprocess_support: True
support.is_android: False
support.is_emscripten: False
support.is_jython: False
support.is_wasi: False
support.is_wasm32: False
support.python_is_optimized: True
support_os_helper.can_chmod: True
support_os_helper.can_dac_override: False
support_os_helper.can_symlink: True
support_os_helper.can_xattr: False
support_socket_helper.IPV6_ENABLED: True
support_socket_helper.has_gethostname: True
support_socket_helper.tcp_blackhole: False
support_threading_helper.can_start_thread: True
sys._is_gil_enabled: True
sys.api_version: 1013
sys.builtin_module_names: ('_abc', '_ast', '_asyncio', '_codecs', '_collections', '_contextvars', '_datetime', '_functools', '_imp', '_io', '_locale', '_opcode', '_operator', '_signal', '_sre', '_stat', '_string', '_suggestions', '_symtable', '_sysconfig', '_thread', '_tokenize', '_tracemalloc', '_types', '_typing', '_warnings', '_weakref', 'atexit', 'builtins', 'errno', 'faulthandler', 'gc', 'itertools', 'marshal', 'posix', 'pwd', 'sys', 'time')
sys.byteorder: little
sys.dont_write_bytecode: False
sys.executable: /workspaces/MyPython/cpython/cross-build/build/python
sys.filesystem_encoding: utf-8/surrogateescape
sys.flags: sys.flags(debug=0, inspect=0, interactive=0, optimize=0, dont_write_bytecode=0, no_user_site=0, no_site=0, ignore_environment=0, verbose=0, bytes_warning=0, quiet=0, hash_randomization=1, isolated=0, dev_mode=False, utf8_mode=1, warn_default_encoding=0, safe_path=False, int_max_str_digits=4300)
sys.float_info: sys.float_info(max=1.7976931348623157e+308, max_exp=1024, max_10_exp=308, min=2.2250738585072014e-308, min_exp=-1021, min_10_exp=-307, dig=15, mant_dig=53, epsilon=2.220446049250313e-16, radix=2, rounds=1)
sys.float_repr_style: short
sys.getrecursionlimit: 1000
sys.hash_info: sys.hash_info(width=64, modulus=2305843009213693951, inf=314159, nan=0, imag=1000003, algorithm='siphash13', hash_bits=64, seed_bits=128, cutoff=0)
sys.hexversion: 51380384
sys.implementation: namespace(name='cpython', cache_tag='cpython-316', version=sys.version_info(major=3, minor=16, micro=0, releaselevel='alpha', serial=0), hexversion=51380384, _multiarch='x86_64-linux-gnu', supports_isolated_interpreters=True)
sys.int_info: sys.int_info(bits_per_digit=30, sizeof_digit=4, default_max_str_digits=4300, str_digits_check_threshold=640)
sys.is_remote_debug_enabled: True
sys.maxsize: 9223372036854775807
sys.maxunicode: 1114111
sys.path: ['/workspaces/MyPython/cpython/cross-build/build', '/usr/local/lib/python316.zip', '/workspaces/MyPython/cpython/Lib', '/workspaces/MyPython/cpython/cross-build/build/build/lib.linux-x86_64-3.16']
sys.platform: linux
sys.platlibdir: lib
sys.prefix: /usr/local
sys.stderr.encoding: utf-8/backslashreplace
sys.stdin.encoding: utf-8/strict
sys.stdout.encoding: utf-8/strict
sys.thread_info: sys.thread_info(name='pthread', lock='pymutex', version='NPTL 2.39')
sys.version: 3.16.0a0 (heads/main-dirty:f8bbe69, Sep 21 2026, 06:07:16) [GCC 13.3.0]
sys.version_info: sys.version_info(major=3, minor=16, micro=0, releaselevel='alpha', serial=0)
sysconfig.is_python_build: True
sysconfig[ALT_SOABI]: 0
sysconfig[CCSHARED]: -fPIC
sysconfig[CC]: gcc
sysconfig[CFLAGS]: -fno-omit-frame-pointer -mno-omit-leaf-frame-pointer -fno-strict-overflow -Wsign-compare -DNDEBUG -g -O3 -Wall
sysconfig[HOST_GNU_TYPE]: x86_64-pc-linux-gnu
sysconfig[MACHDEP]: linux
sysconfig[MULTIARCH]: x86_64-linux-gnu
sysconfig[OPT]: -DNDEBUG -g -O3 -Wall
sysconfig[PGO_PROF_USE_FLAG]: -fprofile-use -fprofile-correction
sysconfig[PY_CFLAGS]: -fno-omit-frame-pointer -mno-omit-leaf-frame-pointer -fno-strict-overflow -Wsign-compare -DNDEBUG -g -O3 -Wall
sysconfig[PY_CFLAGS_NODIST]: -std=c11 -Wextra -Wno-unused-parameter -Wno-missing-field-initializers -Wstrict-prototypes -Werror=implicit-function-declaration -fvisibility=hidden -I../../Include/internal -I../../Include/internal/mimalloc
sysconfig[PY_STDMODULE_CFLAGS]: -fno-omit-frame-pointer -mno-omit-leaf-frame-pointer -fno-strict-overflow -Wsign-compare -DNDEBUG -g -O3 -Wall -std=c11 -Wextra -Wno-unused-parameter -Wno-missing-field-initializers -Wstrict-prototypes -Werror=implicit-function-declaration -fvisibility=hidden -I../../Include/internal -I../../Include/internal/mimalloc -IObjects -IInclude -IPython -I. -I../../Include
sysconfig[Py_DEBUG]: 0
sysconfig[Py_ENABLE_SHARED]: 0
sysconfig[Py_GIL_DISABLED]: 0
sysconfig[Py_REMOTE_DEBUG]: 1
sysconfig[SHELL]: /bin/sh -e
sysconfig[SOABI]: cpython-316-x86_64-linux-gnu
sysconfig[SOABI_PLATFORM]: x86_64-linux-gnu
sysconfig[TEST_MODULES]: yes
sysconfig[abs_builddir]: /workspaces/MyPython/cpython/cross-build/build
sysconfig[abs_srcdir]: /workspaces/MyPython/cpython/cross-build/build/../..
sysconfig[prefix]: /usr/local
sysconfig[srcdir]: /workspaces/MyPython/cpython
system.boot_id: 1e807119-ca81-4f60-8125-d7eaa7446f31
system.machine_id: 5751af62308d4c2ca154806e16703617
system.uptime: 0:14:22
system.virt: docker
tempfile.gettempdir: /tmp
test_socket.HAVE_SOCKET_ALG: True
test_socket.HAVE_SOCKET_BLUETOOTH: False
test_socket.HAVE_SOCKET_BLUETOOTH_L2CAP: False
test_socket.HAVE_SOCKET_CAN: True
test_socket.HAVE_SOCKET_CAN_ISOTP: True
test_socket.HAVE_SOCKET_CAN_J1939: True
test_socket.HAVE_SOCKET_HYPERV: False
test_socket.HAVE_SOCKET_QIPCRTR: False
test_socket.HAVE_SOCKET_RDS: False
test_socket.HAVE_SOCKET_UDPLITE: True
test_socket.HAVE_SOCKET_VSOCK: False
time.altzone: 0
time.daylight: 0
time.get_clock_info(monotonic): namespace(implementation='clock_gettime(CLOCK_MONOTONIC)', monotonic=True, adjustable=False, resolution=1e-09)
time.get_clock_info(perf_counter): namespace(implementation='clock_gettime(CLOCK_MONOTONIC)', monotonic=True, adjustable=False, resolution=1e-09)
time.get_clock_info(process_time): namespace(implementation='clock_gettime(CLOCK_PROCESS_CPUTIME_ID)', monotonic=True, adjustable=False, resolution=1e-09)
time.get_clock_info(thread_time): namespace(implementation='clock_gettime(CLOCK_THREAD_CPUTIME_ID)', monotonic=True, adjustable=False, resolution=1e-09)
time.get_clock_info(time): namespace(implementation='clock_gettime(CLOCK_REALTIME)', monotonic=False, adjustable=True, resolution=1e-09)
time.time: 1789970860.5368679
time.timezone: 0
time.tzname: ('UTC', 'UTC')
tkinter.TCL_VERSION: 8.6
tkinter.TK_VERSION: 8.6
tkinter.info_patchlevel: 8.6.14
zlib.ZLIB_VERSION: 1.3
zlib.zlib_version: 1.3
zstd.ZSTD_VERSION: 1.5.5
zstd.zstd_version: 1.5.5
emconfigure: ./configure --host=wasm32-unknown-linux --prefix=/workspaces/MyPython/cpython/cross-build/emsdk/6.0.9/prefix --enable-static --disable-shared --disable-dependency-tracking --disable-builddir --disable-multi-os-directory --disable-raw-api --disable-docs in directory /workspaces/MyPython/cpython/cross-build/wasm32-emscripten/build/libffi-3.4.6
checking build system type... x86_64-pc-linux-gnu
checking host system type... wasm32-unknown-linux-gnu
checking target system type... wasm32-unknown-linux-gnu
checking for gsed... sed
checking for a BSD-compatible install... /usr/bin/install -c
checking whether build environment is sane... yes
checking for wasm32-unknown-linux-strip... no
checking for strip... strip
checking for a race-free mkdir -p... /usr/bin/mkdir -p
checking for gawk... no
checking for mawk... mawk
checking whether make sets $(MAKE)... yes
checking whether make supports nested variables... yes
checking for wasm32-unknown-linux-gcc... /workspaces/MyPython/cpython/cross-build/emsdk/6.0.9/emsdk/upstream/emscripten/emcc
checking whether the C compiler works... yes
checking for C compiler default output file name... a.out
checking for suffix of executables... 
checking whether we are cross compiling... no
checking for suffix of object files... o
checking whether the compiler supports GNU C... yes
checking whether /workspaces/MyPython/cpython/cross-build/emsdk/6.0.9/emsdk/upstream/emscripten/emcc accepts -g... yes
checking for /workspaces/MyPython/cpython/cross-build/emsdk/6.0.9/emsdk/upstream/emscripten/emcc option to enable C11 features... none needed
checking whether /workspaces/MyPython/cpython/cross-build/emsdk/6.0.9/emsdk/upstream/emscripten/emcc understands -c and -o together... yes
checking whether make supports the include directive... yes (GNU style)
checking dependency style of /workspaces/MyPython/cpython/cross-build/emsdk/6.0.9/emsdk/upstream/emscripten/emcc... none
checking whether the compiler supports GNU C++... yes
checking whether /workspaces/MyPython/cpython/cross-build/emsdk/6.0.9/emsdk/upstream/emscripten/em++ accepts -g... yes
checking for /workspaces/MyPython/cpython/cross-build/emsdk/6.0.9/emsdk/upstream/emscripten/em++ option to enable C++11 features... none needed
checking dependency style of /workspaces/MyPython/cpython/cross-build/emsdk/6.0.9/emsdk/upstream/emscripten/em++... none
checking dependency style of /workspaces/MyPython/cpython/cross-build/emsdk/6.0.9/emsdk/upstream/emscripten/emcc... none
checking for grep that handles long lines and -e... /usr/bin/grep
checking for egrep... /usr/bin/grep -E
checking how to print strings... printf
checking for a sed that does not truncate output... /usr/bin/sed
checking for fgrep... /usr/bin/grep -F
checking for ld used by /workspaces/MyPython/cpython/cross-build/emsdk/6.0.9/emsdk/upstream/emscripten/emcc... /workspaces/MyPython/cpython/cross-build/emsdk/6.0.9/emsdk/upstream/emscripten/emcc
checking if the linker (/workspaces/MyPython/cpython/cross-build/emsdk/6.0.9/emsdk/upstream/emscripten/emcc) is GNU ld... yes
checking for BSD- or MS-compatible name lister (nm)... /workspaces/MyPython/cpython/cross-build/emsdk/6.0.9/emsdk/upstream/bin/llvm-nm
checking the name lister (/workspaces/MyPython/cpython/cross-build/emsdk/6.0.9/emsdk/upstream/bin/llvm-nm) interface... BSD nm
checking whether ln -s works... yes
checking the maximum length of command line arguments... 1572864
checking how to convert x86_64-pc-linux-gnu file names to wasm32-unknown-linux-gnu format... func_convert_file_noop
checking how to convert x86_64-pc-linux-gnu file names to toolchain format... func_convert_file_noop
checking for /workspaces/MyPython/cpython/cross-build/emsdk/6.0.9/emsdk/upstream/emscripten/emcc option to reload object files... -r
checking for wasm32-unknown-linux-file... no
checking for file... file
checking for wasm32-unknown-linux-objdump... no
checking for objdump... objdump
checking how to recognize dependent libraries... pass_all
checking for wasm32-unknown-linux-dlltool... no
checking for dlltool... no
checking how to associate runtime and link libraries... printf %s\n
checking for wasm32-unknown-linux-ar... /workspaces/MyPython/cpython/cross-build/emsdk/6.0.9/emsdk/upstream/emscripten/emar
checking for archiver @FILE support... @
checking for wasm32-unknown-linux-strip... strip
checking for wasm32-unknown-linux-ranlib... /workspaces/MyPython/cpython/cross-build/emsdk/6.0.9/emsdk/upstream/emscripten/emranlib
checking command to parse /workspaces/MyPython/cpython/cross-build/emsdk/6.0.9/emsdk/upstream/bin/llvm-nm output from /workspaces/MyPython/cpython/cross-build/emsdk/6.0.9/emsdk/upstream/emscripten/emcc object... ok
checking for sysroot... no
checking for a working dd... /usr/bin/dd
checking how to truncate binary pipes... /usr/bin/dd bs=4096 count=1
checking for wasm32-unknown-linux-mt... no
checking for mt... no
checking if : is a manifest tool... no
checking for stdio.h... yes
checking for stdlib.h... yes
checking for string.h... yes
checking for inttypes.h... yes
checking for stdint.h... yes
checking for strings.h... yes
checking for sys/stat.h... yes
checking for sys/types.h... yes
checking for unistd.h... yes
checking for dlfcn.h... yes
checking for objdir... .libs
checking if /workspaces/MyPython/cpython/cross-build/emsdk/6.0.9/emsdk/upstream/emscripten/emcc supports -fno-rtti -fno-exceptions... yes
checking for /workspaces/MyPython/cpython/cross-build/emsdk/6.0.9/emsdk/upstream/emscripten/emcc option to produce PIC... -fPIC -DPIC
checking if /workspaces/MyPython/cpython/cross-build/emsdk/6.0.9/emsdk/upstream/emscripten/emcc PIC flag -fPIC -DPIC works... yes
checking if /workspaces/MyPython/cpython/cross-build/emsdk/6.0.9/emsdk/upstream/emscripten/emcc static flag -static works... yes
checking if /workspaces/MyPython/cpython/cross-build/emsdk/6.0.9/emsdk/upstream/emscripten/emcc supports -c -o file.o... yes
checking if /workspaces/MyPython/cpython/cross-build/emsdk/6.0.9/emsdk/upstream/emscripten/emcc supports -c -o file.o... (cached) yes
checking whether the /workspaces/MyPython/cpython/cross-build/emsdk/6.0.9/emsdk/upstream/emscripten/emcc linker (/workspaces/MyPython/cpython/cross-build/emsdk/6.0.9/emsdk/upstream/emscripten/emcc) supports shared libraries... emcc (Emscripten gcc/clang-like replacement + linker emulating GNU ld) 6.0.9 (4e4223852a0835923411059a3929907d7df1232e)
clang version 24.0.0git (https:/github.com/llvm/llvm-project 510126255f89d693717c1ce7105b593f995f07c1)
Target: wasm32-unknown-emscripten
Thread model: posix
InstalledDir: /workspaces/MyPython/cpython/cross-build/emsdk/6.0.9/emsdk/upstream/bin
yes
checking dynamic linker characteristics... GNU/Linux ld.so
checking how to hardcode library paths into programs... immediate
checking whether stripping libraries is possible... yes
checking if libtool supports shared libraries... yes
checking whether to build shared libraries... no
checking whether to build static libraries... yes
checking how to run the C++ preprocessor... /workspaces/MyPython/cpython/cross-build/emsdk/6.0.9/emsdk/upstream/emscripten/em++ -E
checking for ld used by /workspaces/MyPython/cpython/cross-build/emsdk/6.0.9/emsdk/upstream/emscripten/em++... /workspaces/MyPython/cpython/cross-build/emsdk/6.0.9/emsdk/upstream/emscripten/emcc
checking if the linker (/workspaces/MyPython/cpython/cross-build/emsdk/6.0.9/emsdk/upstream/emscripten/emcc) is GNU ld... yes
checking whether the /workspaces/MyPython/cpython/cross-build/emsdk/6.0.9/emsdk/upstream/emscripten/em++ linker (/workspaces/MyPython/cpython/cross-build/emsdk/6.0.9/emsdk/upstream/emscripten/emcc) supports shared libraries... yes
checking for /workspaces/MyPython/cpython/cross-build/emsdk/6.0.9/emsdk/upstream/emscripten/em++ option to produce PIC... -fPIC -DPIC
checking if /workspaces/MyPython/cpython/cross-build/emsdk/6.0.9/emsdk/upstream/emscripten/em++ PIC flag -fPIC -DPIC works... yes
checking if /workspaces/MyPython/cpython/cross-build/emsdk/6.0.9/emsdk/upstream/emscripten/em++ static flag -static works... yes
checking if /workspaces/MyPython/cpython/cross-build/emsdk/6.0.9/emsdk/upstream/emscripten/em++ supports -c -o file.o... yes
checking if /workspaces/MyPython/cpython/cross-build/emsdk/6.0.9/emsdk/upstream/emscripten/em++ supports -c -o file.o... (cached) yes
checking whether the /workspaces/MyPython/cpython/cross-build/emsdk/6.0.9/emsdk/upstream/emscripten/em++ linker (/workspaces/MyPython/cpython/cross-build/emsdk/6.0.9/emsdk/upstream/emscripten/emcc) supports shared libraries... yes
checking dynamic linker characteristics... (cached) GNU/Linux ld.so
checking how to hardcode library paths into programs... immediate
checking for wasm32-unknown-linux-readelf... no
checking for readelf... readelf
checking size of size_t... 4
checking for C compiler vendor... clang
checking CFLAGS for most reasonable warnings... -Wall
checking whether to enable maintainer-specific portions of Makefiles... no
checking for sys/memfd.h... no
checking for memfd_create... no
checking for egrep... (cached) /usr/bin/grep -E
checking for memcpy... yes
checking for alloca.h... yes
checking size of double... 8
checking size of long double... 16
checking whether byte ordering is bigendian... no
checking assembler .cfi pseudo-op support... yes
checking whether compiler supports pointer authentication... no
checking for _ prefix in compiled symbols... no
checking whether C compiler accepts -fno-lto... yes
checking whether .eh_frame section should be read-only... yes
checking for __attribute__((visibility("hidden")))... yes
configure: versioning on shared library symbols is no
checking that generated files are newer than configure... done
configure: creating ./config.status
config.status: creating include/Makefile
config.status: creating include/ffi.h
config.status: creating Makefile
config.status: creating testsuite/Makefile
config.status: creating man/Makefile
config.status: creating doc/Makefile
config.status: creating libffi.pc
config.status: creating fficonfig.h
config.status: executing buildir commands
config.status: skipping top_srcdir/Makefile - not created
config.status: executing depfiles commands
config.status: executing libtool commands
config.status: executing include commands
config.status: executing src commands
Making install in include
make[1]: Entering directory '/workspaces/MyPython/cpython/cross-build/wasm32-emscripten/build/libffi-3.4.6/include'
make[2]: Entering directory '/workspaces/MyPython/cpython/cross-build/wasm32-emscripten/build/libffi-3.4.6/include'
make[2]: Nothing to be done for 'install-exec-am'.
 /usr/bin/mkdir -p '/workspaces/MyPython/cpython/cross-build/emsdk/6.0.9/prefix/include'
 /usr/bin/install -c -m 644 ffi.h ffitarget.h '/workspaces/MyPython/cpython/cross-build/emsdk/6.0.9/prefix/include'
make[2]: Leaving directory '/workspaces/MyPython/cpython/cross-build/wasm32-emscripten/build/libffi-3.4.6/include'
make[1]: Leaving directory '/workspaces/MyPython/cpython/cross-build/wasm32-emscripten/build/libffi-3.4.6/include'
Making install in testsuite
make[1]: Entering directory '/workspaces/MyPython/cpython/cross-build/wasm32-emscripten/build/libffi-3.4.6/testsuite'
make[2]: Entering directory '/workspaces/MyPython/cpython/cross-build/wasm32-emscripten/build/libffi-3.4.6/testsuite'
make[2]: Nothing to be done for 'install-exec-am'.
make[2]: Nothing to be done for 'install-data-am'.
make[2]: Leaving directory '/workspaces/MyPython/cpython/cross-build/wasm32-emscripten/build/libffi-3.4.6/testsuite'
make[1]: Leaving directory '/workspaces/MyPython/cpython/cross-build/wasm32-emscripten/build/libffi-3.4.6/testsuite'
Making install in man
make[1]: Entering directory '/workspaces/MyPython/cpython/cross-build/wasm32-emscripten/build/libffi-3.4.6/man'
make[2]: Entering directory '/workspaces/MyPython/cpython/cross-build/wasm32-emscripten/build/libffi-3.4.6/man'
make[2]: Nothing to be done for 'install-exec-am'.
 /usr/bin/mkdir -p '/workspaces/MyPython/cpython/cross-build/emsdk/6.0.9/prefix/share/man/man3'
 /usr/bin/install -c -m 644 ffi.3 ffi_call.3 ffi_prep_cif.3 ffi_prep_cif_var.3 '/workspaces/MyPython/cpython/cross-build/emsdk/6.0.9/prefix/share/man/man3'
make[2]: Leaving directory '/workspaces/MyPython/cpython/cross-build/wasm32-emscripten/build/libffi-3.4.6/man'
make[1]: Leaving directory '/workspaces/MyPython/cpython/cross-build/wasm32-emscripten/build/libffi-3.4.6/man'
make[1]: Entering directory '/workspaces/MyPython/cpython/cross-build/wasm32-emscripten/build/libffi-3.4.6'
/bin/bash ./libtool  --tag=CC   --mode=compile /workspaces/MyPython/cpython/cross-build/emsdk/6.0.9/emsdk/upstream/emscripten/emcc -DHAVE_CONFIG_H -I.  -I. -I./include -Iinclude -I./src   -Wall -O2 -fPIC -DWASM_BIGINT -fexceptions -c -o src/prep_cif.lo src/prep_cif.c
libtool: compile:  /workspaces/MyPython/cpython/cross-build/emsdk/6.0.9/emsdk/upstream/emscripten/emcc -DHAVE_CONFIG_H -I. -I. -I./include -Iinclude -I./src -Wall -O2 -fPIC -DWASM_BIGINT -fexceptions -c src/prep_cif.c -o src/prep_cif.o
/bin/bash ./libtool  --tag=CC   --mode=compile /workspaces/MyPython/cpython/cross-build/emsdk/6.0.9/emsdk/upstream/emscripten/emcc -DHAVE_CONFIG_H -I.  -I. -I./include -Iinclude -I./src   -Wall -O2 -fPIC -DWASM_BIGINT -fexceptions -c -o src/types.lo src/types.c
libtool: compile:  /workspaces/MyPython/cpython/cross-build/emsdk/6.0.9/emsdk/upstream/emscripten/emcc -DHAVE_CONFIG_H -I. -I. -I./include -Iinclude -I./src -Wall -O2 -fPIC -DWASM_BIGINT -fexceptions -c src/types.c -o src/types.o
/bin/bash ./libtool  --tag=CC   --mode=compile /workspaces/MyPython/cpython/cross-build/emsdk/6.0.9/emsdk/upstream/emscripten/emcc -DHAVE_CONFIG_H -I.  -I. -I./include -Iinclude -I./src   -Wall -O2 -fPIC -DWASM_BIGINT -fexceptions -c -o src/raw_api.lo src/raw_api.c
libtool: compile:  /workspaces/MyPython/cpython/cross-build/emsdk/6.0.9/emsdk/upstream/emscripten/emcc -DHAVE_CONFIG_H -I. -I. -I./include -Iinclude -I./src -Wall -O2 -fPIC -DWASM_BIGINT -fexceptions -c src/raw_api.c -o src/raw_api.o
/bin/bash ./libtool  --tag=CC   --mode=compile /workspaces/MyPython/cpython/cross-build/emsdk/6.0.9/emsdk/upstream/emscripten/emcc -DHAVE_CONFIG_H -I.  -I. -I./include -Iinclude -I./src   -Wall -O2 -fPIC -DWASM_BIGINT -fexceptions -c -o src/java_raw_api.lo src/java_raw_api.c
libtool: compile:  /workspaces/MyPython/cpython/cross-build/emsdk/6.0.9/emsdk/upstream/emscripten/emcc -DHAVE_CONFIG_H -I. -I. -I./include -Iinclude -I./src -Wall -O2 -fPIC -DWASM_BIGINT -fexceptions -c src/java_raw_api.c -o src/java_raw_api.o
src/java_raw_api.c:328:46: warning: 'ffi_java_raw_size' is deprecated [-Wdeprecated-declarations]
  328 |   ffi_java_raw *raw = (ffi_java_raw*)alloca (ffi_java_raw_size (cif));
      |                                              ^
./include/ffi.h:315:56: note: 'ffi_java_raw_size' has been explicitly marked deprecated here
  315 | size_t ffi_java_raw_size (ffi_cif *cif) __attribute__((deprecated));
      |                                                        ^
src/java_raw_api.c:331:3: warning: 'ffi_java_ptrarray_to_raw' is deprecated [-Wdeprecated-declarations]
  331 |   ffi_java_ptrarray_to_raw (cif, avalue, raw);
      |   ^
./include/ffi.h:311:93: note: 'ffi_java_ptrarray_to_raw' has been explicitly marked deprecated here
  311 | void ffi_java_ptrarray_to_raw (ffi_cif *cif, void **args, ffi_java_raw *raw) __attribute__((deprecated));
      |                                                                                             ^
2 warnings generated.
/bin/bash ./libtool  --tag=CC   --mode=compile /workspaces/MyPython/cpython/cross-build/emsdk/6.0.9/emsdk/upstream/emscripten/emcc -DHAVE_CONFIG_H -I.  -I. -I./include -Iinclude -I./src   -Wall -O2 -fPIC -DWASM_BIGINT -fexceptions -c -o src/closures.lo src/closures.c
libtool: compile:  /workspaces/MyPython/cpython/cross-build/emsdk/6.0.9/emsdk/upstream/emscripten/emcc -DHAVE_CONFIG_H -I. -I. -I./include -Iinclude -I./src -Wall -O2 -fPIC -DWASM_BIGINT -fexceptions -c src/closures.c -o src/closures.o
/bin/bash ./libtool  --tag=CC   --mode=compile /workspaces/MyPython/cpython/cross-build/emsdk/6.0.9/emsdk/upstream/emscripten/emcc -DHAVE_CONFIG_H -I.  -I. -I./include -Iinclude -I./src   -Wall -O2 -fPIC -DWASM_BIGINT -fexceptions -c -o src/tramp.lo src/tramp.c
libtool: compile:  /workspaces/MyPython/cpython/cross-build/emsdk/6.0.9/emsdk/upstream/emscripten/emcc -DHAVE_CONFIG_H -I. -I. -I./include -Iinclude -I./src -Wall -O2 -fPIC -DWASM_BIGINT -fexceptions -c src/tramp.c -o src/tramp.o
/bin/bash ./libtool  --tag=CC   --mode=compile /workspaces/MyPython/cpython/cross-build/emsdk/6.0.9/emsdk/upstream/emscripten/emcc -DHAVE_CONFIG_H -I.  -I. -I./include -Iinclude -I./src   -Wall -O2 -fPIC -DWASM_BIGINT -fexceptions -c -o src/wasm32/ffi.lo src/wasm32/ffi.c
libtool: compile:  /workspaces/MyPython/cpython/cross-build/emsdk/6.0.9/emsdk/upstream/emscripten/emcc -DHAVE_CONFIG_H -I. -I. -I./include -Iinclude -I./src -Wall -O2 -fPIC -DWASM_BIGINT -fexceptions -c src/wasm32/ffi.c -o src/wasm32/ffi.o
/bin/bash ./libtool  --tag=CC   --mode=link /workspaces/MyPython/cpython/cross-build/emsdk/6.0.9/emsdk/upstream/emscripten/emcc  -Wall -O2 -fPIC -DWASM_BIGINT -fexceptions   -o libffi_convenience.la  src/prep_cif.lo src/types.lo src/raw_api.lo src/java_raw_api.lo src/closures.lo src/tramp.lo   src/wasm32/ffi.lo 
libtool: link: /workspaces/MyPython/cpython/cross-build/emsdk/6.0.9/emsdk/upstream/emscripten/emar cr .libs/libffi_convenience.a  src/prep_cif.o src/types.o src/raw_api.o src/java_raw_api.o src/closures.o src/tramp.o src/wasm32/ffi.o
libtool: link: /workspaces/MyPython/cpython/cross-build/emsdk/6.0.9/emsdk/upstream/emscripten/emranlib .libs/libffi_convenience.a
libtool: link: ( cd ".libs" && rm -f "libffi_convenience.la" && ln -s "../libffi_convenience.la" "libffi_convenience.la" )
/bin/bash ./libtool  --tag=CC   --mode=link /workspaces/MyPython/cpython/cross-build/emsdk/6.0.9/emsdk/upstream/emscripten/emcc  -Wall -O2 -fPIC -DWASM_BIGINT -fexceptions -no-undefined -version-info `grep -v '^#' ./libtool-version`     -o libffi.la -rpath /workspaces/MyPython/cpython/cross-build/emsdk/6.0.9/prefix/lib src/prep_cif.lo src/types.lo src/raw_api.lo src/java_raw_api.lo src/closures.lo src/tramp.lo  src/wasm32/ffi.lo 
libtool: link: /workspaces/MyPython/cpython/cross-build/emsdk/6.0.9/emsdk/upstream/emscripten/emar cr .libs/libffi.a  src/prep_cif.o src/types.o src/raw_api.o src/java_raw_api.o src/closures.o src/tramp.o src/wasm32/ffi.o
libtool: link: /workspaces/MyPython/cpython/cross-build/emsdk/6.0.9/emsdk/upstream/emscripten/emranlib .libs/libffi.a
libtool: link: ( cd ".libs" && rm -f "libffi.la" && ln -s "../libffi.la" "libffi.la" )
make[2]: Entering directory '/workspaces/MyPython/cpython/cross-build/wasm32-emscripten/build/libffi-3.4.6'
 /usr/bin/mkdir -p '/workspaces/MyPython/cpython/cross-build/emsdk/6.0.9/prefix/lib'
 /bin/bash ./libtool   --mode=install /usr/bin/install -c   libffi.la '/workspaces/MyPython/cpython/cross-build/emsdk/6.0.9/prefix/lib'
libtool: install: /usr/bin/install -c .libs/libffi.lai /workspaces/MyPython/cpython/cross-build/emsdk/6.0.9/prefix/lib/libffi.la
libtool: install: /usr/bin/install -c .libs/libffi.a /workspaces/MyPython/cpython/cross-build/emsdk/6.0.9/prefix/lib/libffi.a
libtool: install: chmod 644 /workspaces/MyPython/cpython/cross-build/emsdk/6.0.9/prefix/lib/libffi.a
libtool: install: /workspaces/MyPython/cpython/cross-build/emsdk/6.0.9/emsdk/upstream/emscripten/emranlib /workspaces/MyPython/cpython/cross-build/emsdk/6.0.9/prefix/lib/libffi.a
libtool: finish: PATH="/workspaces/MyPython/cpython/cross-build/emsdk/6.0.9/emsdk:/workspaces/MyPython/cpython/cross-build/emsdk/6.0.9/emsdk/upstream/emscripten:/home/codespace/nvm/current/bin:/vscode/bin/linux-x64/7debcd0e2acdea1c52de81bf9ee1620444407dda/bin/remote-cli:/home/codespace/.local/bin:/usr/local/rubies/current/bin:/home/codespace/.dotnet:/home/codespace/.php/current/bin:/home/codespace/.python/current/bin:/home/codespace/java/current/bin:/home/codespace/.ruby/current/bin:/usr/local/python/current/bin:/usr/local/py-utils/bin:/usr/local/jupyter:/usr/local/oryx:/usr/local/go/bin:/go/bin:/usr/local/sdkman/bin:/usr/local/sdkman/candidates/java/current/bin:/usr/local/sdkman/candidates/gradle/current/bin:/usr/local/sdkman/candidates/maven/current/bin:/usr/local/sdkman/candidates/ant/current/bin:/usr/local/share/rbenv/shims:/usr/local/share/rbenv/bin:/usr/local/php/current/bin:/opt/conda/bin:/usr/local/share/nvm/versions/node/v24.21.0/bin:/usr/local/hugo/bin:/usr/local/sbin:/usr/local/bin:/usr/sbin:/usr/bin:/sbin:/bin:/usr/share/dotnet:/home/codespace/.dotnet/tools:/sbin" ldconfig -n /workspaces/MyPython/cpython/cross-build/emsdk/6.0.9/prefix/lib
----------------------------------------------------------------------
Libraries have been installed in:
   /workspaces/MyPython/cpython/cross-build/emsdk/6.0.9/prefix/lib

If you ever happen to want to link against installed libraries
in a given directory, LIBDIR, you must either use libtool, and
specify the full pathname of the library, or use the '-LLIBDIR'
flag during linking and do at least one of the following:
   - add LIBDIR to the 'LD_LIBRARY_PATH' environment variable
     during execution
   - add LIBDIR to the 'LD_RUN_PATH' environment variable
     during linking
   - use the '-Wl,-rpath -Wl,LIBDIR' linker flag
   - have your system administrator add LIBDIR to '/etc/ld.so.conf'

See any operating system documentation about shared libraries for
more information, such as the ld(1) and ld.so(8) manual pages.
----------------------------------------------------------------------
 /usr/bin/mkdir -p '/workspaces/MyPython/cpython/cross-build/emsdk/6.0.9/prefix/lib/pkgconfig'
 /usr/bin/install -c -m 644 libffi.pc '/workspaces/MyPython/cpython/cross-build/emsdk/6.0.9/prefix/lib/pkgconfig'
make[2]: Leaving directory '/workspaces/MyPython/cpython/cross-build/wasm32-emscripten/build/libffi-3.4.6'
make[1]: Leaving directory '/workspaces/MyPython/cpython/cross-build/wasm32-emscripten/build/libffi-3.4.6'
emconfigure: /workspaces/MyPython/cpython/cross-build/wasm32-emscripten/build/mpdecimal-4.0.1/configure CFLAGS=-fPIC --prefix /workspaces/MyPython/cpython/cross-build/emsdk/6.0.9/prefix --disable-shared in directory /workspaces/MyPython/cpython/cross-build/wasm32-emscripten/build/mpdecimal-4.0.1
checking build system type... x86_64-pc-linux-gnu
checking host system type... x86_64-pc-linux-gnu
checking for --enable-cxx... yes
checking for --enable-static... yes
checking for --enable-shared... no
checking for --enable-doc... yes
checking for --enable-pc... yes
checking whether the C compiler works... yes
checking for C compiler default output file name... a.out
checking for suffix of executables... 
checking whether we are cross compiling... no
checking for suffix of object files... o
checking whether we are using the GNU C compiler... yes
checking whether /workspaces/MyPython/cpython/cross-build/emsdk/6.0.9/emsdk/upstream/emscripten/emcc accepts -g... yes
checking for /workspaces/MyPython/cpython/cross-build/emsdk/6.0.9/emsdk/upstream/emscripten/emcc option to accept ISO C89... none needed
checking whether we are using the GNU C++ compiler... yes
checking whether /workspaces/MyPython/cpython/cross-build/emsdk/6.0.9/emsdk/upstream/emscripten/em++ accepts -g... yes
checking for -O2... yes
checking for ar... /workspaces/MyPython/cpython/cross-build/emsdk/6.0.9/emsdk/upstream/emscripten/emar
checking for ranlib... /workspaces/MyPython/cpython/cross-build/emsdk/6.0.9/emsdk/upstream/emscripten/emranlib
checking how to run the C preprocessor... /workspaces/MyPython/cpython/cross-build/emsdk/6.0.9/emsdk/upstream/emscripten/emcc -E
checking for grep that handles long lines and -e... /usr/bin/grep
checking for egrep... /usr/bin/grep -E
checking for ANSI C header files... yes
checking for sys/types.h... yes
checking for sys/stat.h... yes
checking for stdlib.h... yes
checking for string.h... yes
checking for memory.h... yes
checking for strings.h... yes
checking for inttypes.h... yes
checking for stdint.h... yes
checking for unistd.h... yes
checking pthread.h usability... yes
checking pthread.h presence... yes
checking for pthread.h... yes
checking for size_t... yes
checking for int32_t... yes
checking for int64_t... yes
checking for uint32_t... yes
checking for uint64_t... yes
checking for __uint128_t... yes
checking size of size_t... 4
checking size of __uint128_t... 16
checking for x64 gcc inline assembler... no
checking for x87 gcc inline assembler... no
checking for a BSD-compatible install... /usr/bin/install -c
checking for glibc _FORTIFY_SOURCE/memmove bug... no
configure: creating ./config.status
config.status: creating Makefile
config.status: creating libmpdec/Makefile
config.status: creating libmpdec/mpdecimal.h
config.status: creating libmpdec/.pc/libmpdec.pc
config.status: creating libmpdec++/Makefile
config.status: creating libmpdec++/.pc/libmpdec++.pc
config.status: creating tests/Makefile
config.status: creating tests++/Makefile
config.status: creating config.h
cd libmpdec && make 
make[1]: Entering directory '/workspaces/MyPython/cpython/cross-build/wasm32-emscripten/build/mpdecimal-4.0.1/libmpdec'
/workspaces/MyPython/cpython/cross-build/emsdk/6.0.9/emsdk/upstream/emscripten/emcc -Wall -Wextra -Wno-unknown-pragmas -std=c99 -pedantic -DCONFIG_32 -DANSI -DNDEBUG -O2 -fPIC -c basearith.c
/workspaces/MyPython/cpython/cross-build/emsdk/6.0.9/emsdk/upstream/emscripten/emcc -Wall -Wextra -Wno-unknown-pragmas -std=c99 -pedantic -DCONFIG_32 -DANSI -DNDEBUG -O2 -fPIC -c context.c
/workspaces/MyPython/cpython/cross-build/emsdk/6.0.9/emsdk/upstream/emscripten/emcc -Wall -Wextra -Wno-unknown-pragmas -std=c99 -pedantic -DCONFIG_32 -DANSI -DNDEBUG -O2 -fPIC -c constants.c
/workspaces/MyPython/cpython/cross-build/emsdk/6.0.9/emsdk/upstream/emscripten/emcc -Wall -Wextra -Wno-unknown-pragmas -std=c99 -pedantic -DCONFIG_32 -DANSI -DNDEBUG -O2 -fPIC -c convolute.c
/workspaces/MyPython/cpython/cross-build/emsdk/6.0.9/emsdk/upstream/emscripten/emcc -Wall -Wextra -Wno-unknown-pragmas -std=c99 -pedantic -DCONFIG_32 -DANSI -DNDEBUG -O2 -fPIC -c crt.c
/workspaces/MyPython/cpython/cross-build/emsdk/6.0.9/emsdk/upstream/emscripten/emcc -Wall -Wextra -Wno-unknown-pragmas -std=c99 -pedantic -DCONFIG_32 -DANSI -DNDEBUG -O2 -fPIC -c mpdecimal.c
/workspaces/MyPython/cpython/cross-build/emsdk/6.0.9/emsdk/upstream/emscripten/emcc -Wall -Wextra -Wno-unknown-pragmas -std=c99 -pedantic -DCONFIG_32 -DANSI -DNDEBUG -O2 -fPIC -c mpsignal.c
/workspaces/MyPython/cpython/cross-build/emsdk/6.0.9/emsdk/upstream/emscripten/emcc -Wall -Wextra -Wno-unknown-pragmas -std=c99 -pedantic -DCONFIG_32 -DANSI -DNDEBUG -O2 -fPIC -c difradix2.c
/workspaces/MyPython/cpython/cross-build/emsdk/6.0.9/emsdk/upstream/emscripten/emcc -Wall -Wextra -Wno-unknown-pragmas -std=c99 -pedantic -DCONFIG_32 -DANSI -DNDEBUG -O2 -fPIC -c fnt.c
/workspaces/MyPython/cpython/cross-build/emsdk/6.0.9/emsdk/upstream/emscripten/emcc -Wall -Wextra -Wno-unknown-pragmas -std=c99 -pedantic -DCONFIG_32 -DANSI -DNDEBUG -O2 -fPIC -c fourstep.c
/workspaces/MyPython/cpython/cross-build/emsdk/6.0.9/emsdk/upstream/emscripten/emcc -Wall -Wextra -Wno-unknown-pragmas -std=c99 -pedantic -DCONFIG_32 -DANSI -DNDEBUG -O2 -fPIC -c io.c
/workspaces/MyPython/cpython/cross-build/emsdk/6.0.9/emsdk/upstream/emscripten/emcc -Wall -Wextra -Wno-unknown-pragmas -std=c99 -pedantic -DCONFIG_32 -DANSI -DNDEBUG -O2 -fPIC -c mpalloc.c
/workspaces/MyPython/cpython/cross-build/emsdk/6.0.9/emsdk/upstream/emscripten/emcc -Wall -Wextra -Wno-unknown-pragmas -std=c99 -pedantic -DCONFIG_32 -DANSI -DNDEBUG -O2 -fPIC -c numbertheory.c
/workspaces/MyPython/cpython/cross-build/emsdk/6.0.9/emsdk/upstream/emscripten/emcc -Wall -Wextra -Wno-unknown-pragmas -std=c99 -pedantic -DCONFIG_32 -DANSI -DNDEBUG -O2 -fPIC -c sixstep.c
/workspaces/MyPython/cpython/cross-build/emsdk/6.0.9/emsdk/upstream/emscripten/emcc -Wall -Wextra -Wno-unknown-pragmas -std=c99 -pedantic -DCONFIG_32 -DANSI -DNDEBUG -O2 -fPIC -c transpose.c
/workspaces/MyPython/cpython/cross-build/emsdk/6.0.9/emsdk/upstream/emscripten/emar rc libmpdec.a basearith.o context.o constants.o convolute.o crt.o mpdecimal.o mpsignal.o difradix2.o fnt.o fourstep.o io.o mpalloc.o numbertheory.o sixstep.o transpose.o
/workspaces/MyPython/cpython/cross-build/emsdk/6.0.9/emsdk/upstream/emscripten/emranlib libmpdec.a
make[1]: Leaving directory '/workspaces/MyPython/cpython/cross-build/wasm32-emscripten/build/mpdecimal-4.0.1/libmpdec'
cd libmpdec++ && make 
make[1]: Entering directory '/workspaces/MyPython/cpython/cross-build/wasm32-emscripten/build/mpdecimal-4.0.1/libmpdec++'
/workspaces/MyPython/cpython/cross-build/emsdk/6.0.9/emsdk/upstream/emscripten/em++ -pthread -I. -I../libmpdec -Wall -Wextra -Wexit-time-destructors -std=c++11 -pedantic -DNDEBUG -O3 -c decimal.cc
/workspaces/MyPython/cpython/cross-build/emsdk/6.0.9/emsdk/upstream/emscripten/emar rc libmpdec++.a decimal.o
/workspaces/MyPython/cpython/cross-build/emsdk/6.0.9/emsdk/upstream/emscripten/emranlib libmpdec++.a
make[1]: Leaving directory '/workspaces/MyPython/cpython/cross-build/wasm32-emscripten/build/mpdecimal-4.0.1/libmpdec++'
/usr/bin/install -c -d -m 755 /workspaces/MyPython/cpython/cross-build/emsdk/6.0.9/prefix/include
/usr/bin/install -c -d -m 755 /workspaces/MyPython/cpython/cross-build/emsdk/6.0.9/prefix/lib
/usr/bin/install -c -d -m 755 /workspaces/MyPython/cpython/cross-build/emsdk/6.0.9/prefix/share/doc/mpdecimal
/usr/bin/install -c -d -m 755 /workspaces/MyPython/cpython/cross-build/emsdk/6.0.9/prefix/lib/pkgconfig
/usr/bin/install -c -d -m 755 /workspaces/MyPython/cpython/cross-build/emsdk/6.0.9/prefix/share/man/man3
/usr/bin/install -c -m 644 libmpdec/mpdecimal.h /workspaces/MyPython/cpython/cross-build/emsdk/6.0.9/prefix/include
/usr/bin/install -c -m 644 libmpdec/libmpdec.a /workspaces/MyPython/cpython/cross-build/emsdk/6.0.9/prefix/lib
/usr/bin/install -c -m 644 libmpdec++/decimal.hh /workspaces/MyPython/cpython/cross-build/emsdk/6.0.9/prefix/include
/usr/bin/install -c -m 644 libmpdec++/libmpdec++.a /workspaces/MyPython/cpython/cross-build/emsdk/6.0.9/prefix/lib
/usr/bin/install -c -m 644 libmpdec/.pc/libmpdec.pc /workspaces/MyPython/cpython/cross-build/emsdk/6.0.9/prefix/lib/pkgconfig
/usr/bin/install -c -m 644 libmpdec++/.pc/libmpdec++.pc /workspaces/MyPython/cpython/cross-build/emsdk/6.0.9/prefix/lib/pkgconfig
/usr/bin/install -c -m 644 doc/COPYRIGHT.txt /workspaces/MyPython/cpython/cross-build/emsdk/6.0.9/prefix/share/doc/mpdecimal
/usr/bin/install -c -m 644 doc/mpdecimal.3 /workspaces/MyPython/cpython/cross-build/emsdk/6.0.9/prefix/share/man/man3
/usr/bin/install -c -m 644 doc/libmpdec.3 /workspaces/MyPython/cpython/cross-build/emsdk/6.0.9/prefix/share/man/man3
/usr/bin/install -c -m 644 doc/libmpdec++.3 /workspaces/MyPython/cpython/cross-build/emsdk/6.0.9/prefix/share/man/man3
emconfigure: ../../../../configure 'CFLAGS=-DPY_CALL_TRAMPOLINE -sUSE_BZIP2' PKG_CONFIG=pkg-config --host=wasm32-emscripten --build=x86_64-pc-linux-gnu --with-build-python=/workspaces/MyPython/cpython/cross-build/build/python --without-pymalloc --disable-shared --disable-ipv6 --enable-big-digits=30 --enable-wasm-dynamic-linking --prefix=/workspaces/MyPython/cpython/cross-build/emsdk/6.0.9/prefix in directory /workspaces/MyPython/cpython/cross-build/wasm32-emscripten/build/python
configure: loading site script /workspaces/MyPython/cpython/Platforms/emscripten/config.site-wasm32-emscripten
checking for git... found
checking build system type... x86_64-pc-linux-gnu
checking host system type... wasm32-unknown-emscripten
checking for --with-build-python... /workspaces/MyPython/cpython/cross-build/build/python
checking for Python interpreter freezing... /workspaces/MyPython/cpython/cross-build/build/python
checking for python3.16... (cached) /workspaces/MyPython/cpython/cross-build/build/python
checking Python for regen version... Python 3.16.0a0
checking pkg-config is at least version 0.9.0... yes
checking MACHDEP... "emscripten"
checking for --enable-universalsdk... no
checking for --with-universal-archs... no
checking for --with-app-store-compliance... not patching for app store compliance
checking for wasm32-emscripten-gcc... /workspaces/MyPython/cpython/cross-build/emsdk/6.0.9/emsdk/upstream/emscripten/emcc
checking whether the C compiler works... yes
checking for C compiler default output file name... a.out
checking for suffix of executables... 
checking whether we are cross compiling... yes
checking for suffix of object files... o
checking whether the compiler supports GNU C... yes
checking whether /workspaces/MyPython/cpython/cross-build/emsdk/6.0.9/emsdk/upstream/emscripten/emcc accepts -g... yes
checking for /workspaces/MyPython/cpython/cross-build/emsdk/6.0.9/emsdk/upstream/emscripten/emcc option to enable C11 features... none needed
checking how to run the C preprocessor... /workspaces/MyPython/cpython/cross-build/emsdk/6.0.9/emsdk/upstream/emscripten/emcc -E
checking for grep that handles long lines and -e... /usr/bin/grep
checking for a sed that does not truncate output... /usr/bin/sed
checking for egrep... /usr/bin/grep -E
checking for CC compiler name... emcc
checking for stdio.h... yes
checking for stdlib.h... yes
checking for string.h... yes
checking for inttypes.h... yes
checking for stdint.h... yes
checking for strings.h... yes
checking for sys/stat.h... yes
checking for sys/types.h... yes
checking for unistd.h... yes
checking for wchar.h... yes
checking for minix/config.h... no
checking whether it is safe to define __EXTENSIONS__... yes
checking whether _XOPEN_SOURCE should be defined... no
checking for GCC compatible compiler... yes
checking for the platform triplet based on compiler characteristics... wasm32-emscripten
checking for multiarch... wasm32-emscripten
checking for PEP 11 support tier... wasm32-unknown-emscripten/emcc has tier 3 (partially supported)
checking for -Wl,--no-as-needed... no
checking for the Android API level... not Android
checking for --enable-wasm-dynamic-linking... yes
checking for --enable-wasm-pthreads... missing
checking for --enable-emscripten-syscalls... yes
checking for --with-suffix... .mjs
checking for case-insensitive build directory... no
checking LIBRARY... libpython$(VERSION)$(ABIFLAGS).a
checking LINKCC... $(PURIFY) $(CC)
checking EXPORTSYMS... 
checking for GNU ld... yes
checking for --enable-shared... no
checking for --with-static-libpython... yes
checking for --enable-static-libpython-for-interpreter... no
checking for --enable-profiling... no
checking LDLIBRARY... libpython$(VERSION)$(ABIFLAGS).a
checking HOSTRUNNER... /home/codespace/nvm/current/bin/node
checking for wasm32-emscripten-ar... /workspaces/MyPython/cpython/cross-build/emsdk/6.0.9/emsdk/upstream/emscripten/emar
checking for a BSD-compatible install... /usr/bin/install -c
checking for a race-free mkdir -p... /usr/bin/mkdir -p
checking for --disable-gil... no
checking for --with-pydebug... no
checking for --with-trace-refs... no
checking for --enable-pystats... no
checking for --with-assertions... no
checking for --enable-optimizations... no
checking PROFILE_TASK... -m test --pgo --timeout=$(TESTTIMEOUT)
checking for --with-lto... no
checking for wasm32-emscripten-llvm-profdata... no
checking for llvm-profdata... /usr/bin/llvm-profdata
configure: WARNING: using cross tools not prefixed with host triplet
checking for --enable-bolt... no
checking BOLT_COMMON_FLAGS... checking BOLT_INSTRUMENT_FLAGS...  -update-debug-sections -skip-funcs=_PyEval_EvalFrameDefault,sre_ucs1_match/1,sre_ucs2_match/1,sre_ucs4_match/1,sre_ucs1_match.lto_priv.0/1,sre_ucs2_match.lto_priv.0/1,sre_ucs4_match.lto_priv.0/1 
checking BOLT_APPLY_FLAGS...   -update-debug-sections -skip-funcs=_PyEval_EvalFrameDefault,sre_ucs1_match/1,sre_ucs2_match/1,sre_ucs4_match/1,sre_ucs1_match.lto_priv.0/1,sre_ucs2_match.lto_priv.0/1,sre_ucs4_match.lto_priv.0/1  -reorder-blocks=ext-tsp -reorder-functions=cdsort -split-functions -icf=0 -inline-all -split-eh -reorder-functions-use-hot-size -peepholes=none -jump-tables=aggressive -inline-ap -indirect-call-promotion=all -dyno-stats -use-gnu-stack -frame-opt=hot 
checking if /workspaces/MyPython/cpython/cross-build/emsdk/6.0.9/emsdk/upstream/emscripten/emcc supports -fstrict-overflow and -fno-strict-overflow... yes
checking for --with-strict-overflow... no
checking if /workspaces/MyPython/cpython/cross-build/emsdk/6.0.9/emsdk/upstream/emscripten/emcc supports -Og optimization level... yes
checking for --enable-safety... no
checking for --enable-slower-safety... no
checking whether to build with frame pointers... yes
checking whether C compiler accepts -fno-omit-frame-pointer... yes
checking whether C compiler accepts -mno-omit-leaf-frame-pointer... yes
checking if we can add -Wextra... yes
checking whether /workspaces/MyPython/cpython/cross-build/emsdk/6.0.9/emsdk/upstream/emscripten/emcc -fno-strict-aliasing accepts and needs -fno-strict-aliasing... no
checking if we can disable /workspaces/MyPython/cpython/cross-build/emsdk/6.0.9/emsdk/upstream/emscripten/emcc unused-parameter warning... yes
checking if we can disable /workspaces/MyPython/cpython/cross-build/emsdk/6.0.9/emsdk/upstream/emscripten/emcc int-conversion warning... yes
checking if we can disable /workspaces/MyPython/cpython/cross-build/emsdk/6.0.9/emsdk/upstream/emscripten/emcc missing-field-initializers warning... yes
checking if we can enable /workspaces/MyPython/cpython/cross-build/emsdk/6.0.9/emsdk/upstream/emscripten/emcc sign-compare warning... yes
checking if we can enable /workspaces/MyPython/cpython/cross-build/emsdk/6.0.9/emsdk/upstream/emscripten/emcc unreachable-code warning... yes
checking if we can enable /workspaces/MyPython/cpython/cross-build/emsdk/6.0.9/emsdk/upstream/emscripten/emcc strict-prototypes warning... yes
checking if we can make implicit function declaration an error in /workspaces/MyPython/cpython/cross-build/emsdk/6.0.9/emsdk/upstream/emscripten/emcc -Werror=implicit-function-declaration... yes
checking if we can use visibility in /workspaces/MyPython/cpython/cross-build/emsdk/6.0.9/emsdk/upstream/emscripten/emcc -fvisibility=hidden... yes
checking for --enable-experimental-jit...  
checking whether pthreads are available without options... no
checking whether /workspaces/MyPython/cpython/cross-build/emsdk/6.0.9/emsdk/upstream/emscripten/emcc accepts -Kpthread... no
checking whether /workspaces/MyPython/cpython/cross-build/emsdk/6.0.9/emsdk/upstream/emscripten/emcc accepts -Kthread... no
checking whether /workspaces/MyPython/cpython/cross-build/emsdk/6.0.9/emsdk/upstream/emscripten/emcc accepts -pthread... no
checking whether /workspaces/MyPython/cpython/cross-build/emsdk/6.0.9/emsdk/upstream/emscripten/em++ also accepts flags for thread support... no
checking for alloca.h... yes
checking for asm/types.h... no
checking for bluetooth.h... no
checking for conio.h... no
checking for direct.h... no
checking for dlfcn.h... yes
checking for endian.h... yes
checking for errno.h... yes
checking for fcntl.h... yes
checking for grp.h... yes
checking for io.h... no
checking for langinfo.h... yes
checking for libintl.h... yes
checking for libutil.h... no
checking for linux/auxvec.h... no
checking for sys/auxv.h... no
checking for linux/fs.h... no
checking for linux/limits.h... no
checking for linux/memfd.h... no
checking for linux/netfilter_ipv4.h... no
checking for linux/random.h... no
checking for linux/soundcard.h... no
checking for linux/sched.h... no
checking for linux/tipc.h... no
checking for linux/wait.h... no
checking for netdb.h... yes
checking for net/ethernet.h... yes
checking for netinet/in.h... yes
checking for netpacket/packet.h... (cached) no
checking for poll.h... yes
checking for process.h... no
checking for pthread.h... yes
checking for pty.h... yes
checking for sched.h... yes
checking for setjmp.h... yes
checking for shadow.h... yes
checking for signal.h... yes
checking for spawn.h... yes
checking for sys/audioio.h... no
checking for sys/bsdtty.h... no
checking for sys/devpoll.h... no
checking for sys/endian.h... no
checking for sys/epoll.h... yes
checking for sys/event.h... no
checking for sys/eventfd.h... no
checking for sys/file.h... yes
checking for sys/ioctl.h... yes
checking for sys/kern_control.h... no
checking for sys/loadavg.h... no
checking for sys/lock.h... no
checking for sys/memfd.h... no
checking for sys/mkdev.h... no
checking for sys/mman.h... yes
checking for sys/modem.h... no
checking for sys/param.h... yes
checking for sys/pidfd.h... no
checking for sys/poll.h... yes
checking for sys/random.h... yes
checking for sys/resource.h... yes
checking for sys/select.h... yes
checking for sys/sendfile.h... no
checking for sys/socket.h... yes
checking for sys/soundcard.h... no
checking for sys/stat.h... (cached) yes
checking for sys/statvfs.h... yes
checking for sys/sys_domain.h... no
checking for sys/syscall.h... yes
checking for sys/sysctl.h... no
checking for sys/sysmacros.h... yes
checking for sys/termio.h... no
checking for sys/time.h... yes
checking for sys/times.h... yes
checking for sys/timerfd.h... no
checking for sys/types.h... (cached) yes
checking for sys/uio.h... yes
checking for sys/un.h... (cached) no
checking for sys/utsname.h... yes
checking for sys/wait.h... yes
checking for sys/xattr.h... yes
checking for sysexits.h... yes
checking for syslog.h... yes
checking for termios.h... yes
checking for util.h... no
checking for utime.h... yes
checking for utmp.h... yes
checking for dirent.h that defines DIR... yes
checking for library containing opendir... none required
checking for sys/mkdev.h... (cached) no
checking for sys/sysmacros.h... (cached) yes
checking for /workspaces/MyPython/cpython/cross-build/emsdk/6.0.9/emsdk/upstream/emscripten/emcc options needed to detect all undeclared functions... none needed
checking whether I_PUSH is declared... yes
checking for bluetooth/bluetooth.h... no
checking for net/if.h... yes
checking for linux/netlink.h... no
checking for netlink/netlink.h... no
checking for linux/qrtr.h... no
checking for linux/vm_sockets.h... (cached) no
checking for linux/can.h... no
checking for linux/can/bcm.h... no
checking for linux/can/isotp.h... no
checking for linux/can/j1939.h... no
checking for linux/can/raw.h... no
checking for netcan/can.h... no
checking for clock_t... yes
checking for makedev... yes
checking for le64toh... yes
checking for mode_t... yes
checking for off_t... yes
checking for pid_t... yes
checking for size_t... yes
checking for uid_t... yes
checking for gid_t... yes
checking for ssize_t... yes
checking for __uint128_t... yes
checking size of int... 4
checking size of long... 4
checking alignment of long... 4
checking size of long long... 8
checking size of void *... 4
checking size of short... 2
checking size of float... 4
checking size of double... 8
checking size of fpos_t... 16
checking size of size_t... 4
checking alignment of size_t... 4
checking size of pid_t... 4
checking size of uintptr_t... 4
checking alignment of max_align_t... 8
checking for long double... yes
checking size of long double... 16
checking size of _Bool... 1
checking size of off_t... 8
checking whether to enable large file support... yes
checking size of time_t... 8
checking for pthread_t... yes
checking size of pthread_t... 4
checking size of pthread_key_t... 4
checking whether pthread_key_t is compatible with int... yes
checking for --enable-framework... no
checking for --with-dsymutil... no
checking for dyld... no
checking for --with-address-sanitizer... no
checking for --with-memory-sanitizer... no
checking for --with-undefined-behavior-sanitizer... no
checking for --with-thread-sanitizer... no
checking the extension of shared libraries... .so
checking LDSHARED... /workspaces/MyPython/cpython/cross-build/emsdk/6.0.9/emsdk/upstream/emscripten/emcc -shared
checking BLDSHARED flags... $(CC) -shared -sSIDE_MODULE=1
checking CCSHARED... -fPIC
checking LINKFORSHARED...  -sALLOW_MEMORY_GROWTH -sINITIAL_MEMORY=20971520 -sFORCE_FILESYSTEM -lidbfs.js -lnodefs.js -lproxyfs.js -lworkerfs.js -sEXPORTED_RUNTIME_METHODS=FS,callMain,ENV,HEAPU32,TTY,ERRNO_CODES -sEXPORTED_FUNCTIONS=_main,_Py_Version,_PyGILState_GetThisThreadState,__PyEM_EMSCRIPTEN_TRAMPOLINE_OFFSET -sSTACK_SIZE=5MB -sTEXTDECODER=2 -sMAIN_MODULE -O2 -g0
checking CFLAGSFORSHARED... $(CCSHARED)
checking SHLIBS... $(LIBS)
checking perf trampoline... no
checking for sendfile in -lsendfile... no
checking for dlopen in -ldl... yes
checking for shl_load in -ldld... no
checking for iconv.h... yes
checking for execinfo.h... no
checking for link.h... yes
checking for backtrace... no
checking for dladdr1... no
checking for dlfcn.h... (cached) yes
checking for backtrace... (cached) no
checking for dladdr1... (cached) no
checking for libgcc frame registration functions... no
checking for uuid.h... no
checking for uuid >= 2.20... no
checking for uuid/uuid.h... yes
checking for uuid_generate_time in -luuid... no
checking for uuid_generate_time_safe in -luuid... no
checking for uuid/uuid.h... (cached) yes
checking for uuid_generate_time... no
checking for library containing sem_init... none required
checking for textdomain in -lintl... no
checking aligned memory access is required... yes
checking for --with-hash-algorithm... default
checking for --with-tzpath... "/usr/share/zoneinfo:/usr/lib/zoneinfo:/usr/share/lib/zoneinfo:/etc/zoneinfo"
checking for t_open in -lnsl... no
checking for socket in -lsocket... no
checking for --with-libs... no
checking for --with-system-expat... no
checking for libffi... yes
checking for ffi_prep_cif_var... yes
checking for ffi_prep_closure_loc... yes
checking for ffi_closure_alloc... yes
checking libffi has complex type support... no
checking for _Float16 support... no
checking for libmpdec >= 2.5.0... yes
checking for --with-decimal-contextvar... yes
checking for sqlite3 >= 3.15.2... yes
checking for sqlite3.h... yes
checking for sqlite3_bind_double in -lsqlite3... yes
checking for sqlite3_column_decltype in -lsqlite3... yes
checking for sqlite3_column_double in -lsqlite3... yes
checking for sqlite3_complete in -lsqlite3... yes
checking for sqlite3_progress_handler in -lsqlite3... yes
checking for sqlite3_result_double in -lsqlite3... yes
checking for sqlite3_set_authorizer in -lsqlite3... yes
checking for sqlite3_trace_v2 in -lsqlite3... yes
checking for sqlite3_value_double in -lsqlite3... yes
checking for sqlite3_load_extension in -lsqlite3... no
checking for sqlite3_serialize in -lsqlite3... yes
checking for --enable-loadable-sqlite-extensions... no
checking for gdbm.h... no
checking for ndbm.h... no
checking for ndbm presence and linker args...  ()
checking for gdbm/ndbm.h... no
checking for gdbm-ndbm.h... no
checking for db.h... no
checking for --with-dbmliborder... gdbm:ndbm:bdb
checking for _dbm module CFLAGS and LIBS...  
checking for _POSIX_THREADS in unistd.h... checking for _POSIX_THREADS defined in unistd.h... yes
yes
checking for pthread_create in -lpthread... yes
checking for usconfig in -lmpc... no
checking if PTHREAD_SCOPE_SYSTEM is supported... no
checking for pthread_sigmask... yes
checking for pthread_getcpuclockid... yes
checking if --enable-ipv6 is specified... no
checking CAN_RAW_FD_FRAMES... no
checking for CAN_RAW_JOIN_FILTERS... no
checking for --with-doc-strings... yes
checking for stdatomic.h... yes
checking for builtin __atomic_load_n and __atomic_store_n functions... yes
checking for __builtin_shufflevector... no
checking for --with-mimalloc... yes
checking for --with-pymalloc... no
checking for --with-pymalloc-hugepages... no
checking for --with-c-locale-coercion... yes
checking for --with-valgrind... no
checking for --with-dtrace... no
checking for dlopen... (cached) yes
checking for dl_iterate_phdr... no
checking DYNLOADFILE... dynload_shlib.o
checking MACHDEP_OBJS... none
checking for accept4... yes
checking for alarm... (cached) no
checking for bind_textdomain_codeset... yes
checking for chmod... yes
checking for chown... yes
checking for clearenv... yes
checking for clock... yes
checking for closefrom... no
checking for close_range... no
checking for confstr... yes
checking for copy_file_range... no
checking for ctermid... yes
checking for dladdr... yes
checking for dup... yes
checking for execv... yes
checking for explicit_bzero... yes
checking for explicit_memset... no
checking for faccessat... (cached) no
checking for fchmod... yes
checking for fchmodat... yes
checking for fchown... yes
checking for fchownat... yes
checking for fdopendir... yes
checking for fdwalk... no
checking for fexecve... yes
checking for fork... yes
checking for fork1... no
checking for fpathconf... yes
checking for fstatat... yes
checking for ftime... yes
checking for ftruncate... yes
checking for futimens... yes
checking for futimes... no
checking for futimesat... yes
checking for gai_strerror... yes
checking for getdents64... no
checking for getegid... (cached) no
checking for geteuid... (cached) no
checking for getgid... yes
checking for getgrent... yes
checking for getgrgid... yes
checking for getgrgid_r... yes
checking for getgrnam_r... yes
checking for getgrouplist... no
checking for gethostname... yes
checking for getitimer... yes
checking for getloadavg... yes
checking for getlogin... yes
checking for getlogin_r... yes
checking for getpeername... yes
checking for getpgid... yes
checking for getpid... yes
checking for getppid... yes
checking for getpriority... yes
checking for _getpty... no
checking for getpwent... yes
checking for getpwnam_r... yes
checking for getpwuid... yes
checking for getpwuid_r... yes
checking for getresgid... (cached) no
checking for getresuid... (cached) no
checking for getrusage... (cached) no
checking for getsid... yes
checking for getspent... no
checking for getspnam... no
checking for gettid... yes
checking for getuid... yes
checking for getwd... no
checking for grantpt... yes
checking for if_indextoname... yes
checking for if_nameindex... yes
checking for if_nametoindex... yes
checking for initgroups... no
checking for kill... yes
checking for killpg... yes
checking for lchown... (cached) no
checking for linkat... (cached) no
checking for lockf... yes
checking for lstat... yes
checking for lutimes... no
checking for madvise... yes
checking for mbrtowc... yes
checking for memrchr... yes
checking for mkdirat... yes
checking for mkfifo... (cached) no
checking for mkfifoat... (cached) no
checking for mknod... (cached) no
checking for mknodat... (cached) no
checking for mktime... yes
checking for mmap... yes
checking for mremap... yes
checking for nice... (cached) no
checking for openat... yes
checking for opendir... yes
checking for pathconf... yes
checking for pause... yes
checking for pidfd_open... no
checking for pidfd_getfd... no
checking for pidfd_send_signal... no
checking for pipe... yes
checking for plock... no
checking for poll... yes
checking for ppoll... yes
checking for posix_fadvise... yes
checking for posix_fallocate... (cached) no
checking for posix_openpt... yes
checking for posix_spawn... (cached) no
checking for posix_spawnp... (cached) no
checking for posix_spawn_file_actions_addclosefrom_np... no
checking for pread... yes
checking for preadv... (cached) no
checking for preadv2... (cached) no
checking for process_vm_readv... no
checking for pthread_cond_timedwait_relative_np... no
checking for pthread_condattr_setclock... yes
checking for pthread_init... no
checking for pthread_kill... yes
checking for pthread_get_name_np... no
checking for pthread_getname_np... no
checking for pthread_set_name_np... no
checking for pthread_setname_np... no
checking for pthread_getattr_np... yes
checking for ptsname... yes
checking for ptsname_r... yes
checking for pwrite... yes
checking for pwritev... (cached) no
checking for pwritev2... (cached) no
checking for readlink... yes
checking for readlinkat... yes
checking for readv... yes
checking for realpath... yes
checking for renameat... yes
checking for rtpSpawn... no
checking for sched_get_priority_max... no
checking for sched_rr_get_interval... no
checking for sched_setaffinity... no
checking for sched_setparam... no
checking for sched_setscheduler... no
checking for sem_clockwait... no
checking for sem_getvalue... no
checking for sem_open... no
checking for sem_timedwait... no
checking for sem_unlink... no
checking for sendfile... no
checking for setegid... (cached) no
checking for seteuid... (cached) no
checking for setgid... yes
checking for sethostname... no
checking for setitimer... (cached) no
checking for setlocale... yes
checking for setpgid... yes
checking for setpgrp... yes
checking for setpriority... (cached) no
checking for setregid... yes
checking for setresgid... (cached) no
checking for setresuid... (cached) no
checking for setreuid... yes
checking for setsid... yes
checking for setuid... yes
checking for setvbuf... yes
checking for shutdown... yes
checking for sigaction... (cached) no
checking for sigaltstack... yes
checking for sigfillset... yes
checking for siginterrupt... yes
checking for sigpending... yes
checking for sigrelse... no
checking for sigtimedwait... yes
checking for sigwait... yes
checking for sigwaitinfo... yes
checking for snprintf... yes
checking for splice... no
checking for strftime... yes
checking for strlcpy... yes
checking for strsignal... yes
checking for symlinkat... (cached) no
checking for sync... yes
checking for sysconf... yes
checking for sysctlbyname... no
checking for tcgetpgrp... yes
checking for tcsetpgrp... yes
checking for tempnam... yes
checking for timegm... yes
checking for times... yes
checking for tmpfile... yes
checking for tmpnam... yes
checking for tmpnam_r... no
checking for truncate... yes
checking for ttyname_r... yes
checking for umask... yes
checking for uname... yes
checking for unlinkat... yes
checking for unlockpt... yes
checking for utimensat... (cached) no
checking for utimes... yes
checking for vfork... yes
checking for wait... yes
checking for wait3... yes
checking for wait4... yes
checking for waitid... yes
checking for waitpid... yes
checking for wcscoll... yes
checking for wcsftime... yes
checking for wcsxfrm... yes
checking for wmemcmp... yes
checking for writev... yes
checking for lchmod... (cached) no
checking for dup3... yes
checking for getentropy... yes
checking for getgroups... (cached) no
checking for pipe2... (cached) no
checking for system... yes
checking whether dirfd is declared... yes
checking for chroot... yes
checking for link... (cached) no
checking for symlink... yes
checking for fchdir... yes
checking for fsync... yes
checking for fdatasync... yes
checking for --disable-epoll... no
checking for epoll_create... (cached) no
checking for epoll_create1... (cached) no
checking for kqueue... no
checking for prlimit... (cached) no
checking for _dyld_shared_cache_contains_path... no
checking for memfd_create... (cached) no
checking for eventfd... (cached) no
checking for timerfd_create... no
checking for ctermid_r... no
checking for flock declaration... yes
checking for flock... yes
checking for getpagesize... yes
checking for broken unsetenv... no
checking for true... true
checking for inet_aton in -lc... yes
checking for hstrerror in -lc... yes
checking for chflags... cross
checking for chflags... no
checking for lchflags... cross
checking for lchflags... no
checking for --with-zlib... auto
checking for zlib >= 1.2.2.1... yes
checking for --with-bzip2... auto
checking for bzip2... yes
checking for liblzma... no
checking for lzma.h... no
checking for libzstd >= 1.4.5... no
checking for library containing ZDICT_finalizeDictionary... no
checking for hstrerror... yes
checking for getservbyname... yes
checking for getservbyport... yes
checking for gethostbyname... yes
checking for gethostbyaddr... yes
checking for getprotobyname... yes
checking for inet_aton... yes
checking for inet_ntoa... yes
checking for inet_pton... yes
checking for getpeername... (cached) yes
checking for getsockname... yes
checking for accept... yes
checking for bind... yes
checking for connect... yes
checking for listen... yes
checking for recvfrom... yes
checking for sendto... yes
checking for setsockopt... yes
checking for socket... yes
checking for setgroups... (cached) no
checking whether MAXLOGNAME is declared... no
checking whether UT_NAMESIZE is declared... yes
checking whether PR_SET_VMA_ANON_NAME is declared... no
checking for openpty... (cached) no
checking for openpty in -lutil... no
checking for openpty in -lbsd... no
checking for library containing login_tty... none required
checking for forkpty... (cached) no
checking for forkpty in -lutil... no
checking for forkpty in -lbsd... no
checking for fseek64... no
checking for fseeko... yes
checking for fstatvfs... yes
checking for ftell64... no
checking for ftello... yes
checking for statvfs... yes
checking for dup2... yes
checking for getpgrp... yes
checking for setpgrp... (cached) yes
checking for setns... no
checking for unshare... no
checking for clock_gettime... yes
checking for clock_getres... yes
checking for clock_settime... yes
checking for clock_nanosleep... yes
checking for nanosleep... yes
checking for major, minor, and makedev... yes
checking for getaddrinfo... yes
checking getaddrinfo bug... (cached) no
checking for getnameinfo... yes
checking whether struct tm is in sys/time.h or time.h... time.h
checking for struct tm.tm_zone... yes
checking for struct stat.st_rdev... yes
checking for struct stat.st_blksize... yes
checking for struct stat.st_flags... no
checking for struct stat.st_gen... no
checking for struct stat.st_birthtime... no
checking for struct stat.st_blocks... yes
checking for struct passwd.pw_gecos... yes
checking for struct passwd.pw_passwd... yes
checking for siginfo_t.si_band... yes
checking for time.h that defines altzone... no
checking for addrinfo... yes
checking for sockaddr_storage... yes
checking for sockaddr_alg... no
checking for an ANSI C-conforming const... yes
checking for working signed char... yes
checking for prototypes... yes
checking for socketpair... (cached) no
checking if sockaddr has sa_len member... no
checking for gethostbyname_r... yes
checking gethostbyname_r with 6 args... yes
checking for __fpu_control... no
checking for __fpu_control in -lieee... no
checking for --with-libm=STRING... default LIBM="-lm"
checking for --with-libc=STRING... default LIBC=""
checking for x64 gcc inline assembler... no
checking whether float word ordering is bigendian... no
checking whether we can use gcc inline assembler to get and set x87 control word... no
checking whether we can use gcc inline assembler to get and set mc68881 fpcr... no
checking for x87-style double rounding... no
checking for acosh... yes
checking for asinh... yes
checking for atanh... yes
checking for erf... yes
checking for erfc... yes
checking for expm1... yes
checking for log1p... yes
checking for log2... yes
checking for acospi... no
checking for asinpi... no
checking for atanpi... no
checking for atan2pi... no
checking for cospi... no
checking for sinpi... no
checking for tanpi... no
checking whether POSIX semaphores are enabled... yes
checking for broken sem_getvalue... yes
checking whether RTLD_LAZY is declared... yes
checking whether RTLD_NOW is declared... yes
checking whether RTLD_GLOBAL is declared... yes
checking whether RTLD_LOCAL is declared... yes
checking whether RTLD_NODELETE is declared... yes
checking whether RTLD_NOLOAD is declared... yes
checking whether RTLD_DEEPBIND is declared... no
checking whether RTLD_MEMBER is declared... no
checking digit size for Python's longs... 30
checking for wchar.h... (cached) yes
checking size of wchar_t... 4
checking whether wchar_t is signed... yes
checking whether wchar_t is usable... no
checking whether byte ordering is bigendian... no
checking ABIFLAGS... 
checking SOABI... cpython-316-wasm32-emscripten
checking LDVERSION... $(VERSION)$(ABIFLAGS)
checking for --with-platlibdir... no
checking for --with-wheel-pkg-dir... no
checking whether right shift extends the sign bit... yes
checking for getc_unlocked() and friends... yes
checking for readline... no
checking for readline/readline.h... no
checking how to link readline... no
checking for broken nice()... no
checking for broken poll()... no
checking for working tzset()... no
checking for tv_nsec in struct stat... yes
checking for tv_nsec2 in struct stat... no
checking for --with-curses... auto
checking for ncursesw... no
checking for ncurses... no
checking for ncursesw/curses.h... no
checking for ncursesw/ncurses.h... no
checking for ncursesw/panel.h... no
checking for ncurses/curses.h... no
checking for ncurses/ncurses.h... no
checking for ncurses/panel.h... no
checking for curses.h... no
checking for ncurses.h... no
checking for panel.h... no
checking for library containing initscr... no
checking for library containing update_panels... no
configure: checking for device files
checking for /dev/ptmx... (cached) no
checking for /dev/ptc... (cached) no
checking for socklen_t... yes
checking for broken mbstowcs... no
checking for --with-computed-gotos... no value specified
checking whether /workspaces/MyPython/cpython/cross-build/emsdk/6.0.9/emsdk/upstream/emscripten/emcc supports computed gotos... no
checking for --with-tail-call-interp... no value specified
checking for --with-remote-debug... yes
checking for build directories... done
checking for -O2... yes
checking for glibc _FORTIFY_SOURCE/memmove bug... undefined
checking if we need to manually block large inlining in ceval.c... undefined
checking for ensurepip... no
checking if the dirent structure of a d_type field... yes
checking for the Linux getrandom() syscall... no
checking for the getrandom() function... no
checking for library containing shm_open... none required
checking for shm_open... yes
checking for shm_unlink... yes
checking for wasm32-emscripten-pkg-config... pkg-config
checking for include/openssl/ssl.h in /usr/local/ssl... no
checking for include/openssl/ssl.h in /usr/lib/ssl... no
checking for include/openssl/ssl.h in /usr/ssl... no
checking for include/openssl/ssl.h in /usr/pkg... no
checking for include/openssl/ssl.h in /usr/local... no
checking for include/openssl/ssl.h in /usr... yes
checking whether compiling and linking against OpenSSL works... no
checking for --with-openssl-rpath... 
checking whether OpenSSL provides required ssl module APIs... no
checking whether OpenSSL provides required hashlib module APIs... no
checking for --with-ssl-default-suites... python
checking for --with-builtin-hashlib-hashes... md5,sha1,sha2,sha3,blake2
checking for --disable-test-modules... yes

checking whether libatomic is needed by <pyatomic.h>... no
checking for stdlib extension module _multiprocessing... n/a
checking for stdlib extension module _posixshmem... n/a
checking for stdlib extension module fcntl... yes
checking for stdlib extension module mmap... yes
checking for stdlib extension module _socket... yes
checking for stdlib extension module grp... n/a
checking for stdlib extension module pwd... n/a
checking for stdlib extension module resource... n/a
checking for stdlib extension module _scproxy... n/a
checking for stdlib extension module syslog... n/a
checking for stdlib extension module termios... yes
checking for stdlib extension module pyexpat... yes
checking for stdlib extension module _elementtree... yes
checking whether C compiler accepts -msse -msse2 -msse3 -msse4.1 -msse4.2... no
checking whether C compiler accepts -mavx2... no
checking for HACL* library linking type... static
checking for stdlib extension module _md5... yes
checking for stdlib extension module _sha1... yes
checking for stdlib extension module _sha2... yes
checking for stdlib extension module _sha3... yes
checking for stdlib extension module _blake2... yes
checking for stdlib extension module _hmac... disabled
checking for stdlib extension module _ctypes... yes
checking for stdlib extension module _curses... n/a
checking for stdlib extension module _curses_panel... n/a
checking for stdlib extension module _decimal... yes
checking for stdlib extension module _dbm... n/a
checking for stdlib extension module _gdbm... n/a
checking for stdlib extension module readline... n/a
checking for stdlib extension module _sqlite3... yes
checking for stdlib extension module _tkinter... n/a
checking for stdlib extension module _uuid... missing
checking for stdlib extension module zlib... yes
checking for stdlib extension module _bz2... yes
checking for stdlib extension module _lzma... missing
checking for stdlib extension module _zstd... missing
checking for stdlib extension module _ssl... missing
checking for stdlib extension module _hashlib... missing
checking for stdlib extension module _testcapi... yes
checking for stdlib extension module _testclinic... yes
checking for stdlib extension module _testclinic_limited... yes
checking for stdlib extension module _testlimitedcapi... yes
checking for stdlib extension module _testinternalcapi... yes
checking for stdlib extension module _testbuffer... yes
checking for stdlib extension module _testimportmultiple... yes
checking for stdlib extension module _testmultiphase... yes
checking for stdlib extension module _testsinglephase... yes
checking for stdlib extension module xxsubtype... yes
checking for stdlib extension module _xxtestfuzz... yes
checking for stdlib extension module _ctypes_test... yes
checking for stdlib extension module xxlimited... yes
checking for stdlib extension module xxlimited_35... yes
checking for stdlib extension module xxlimited_3_13... yes
configure: creating ./config.status
config.status: creating Makefile.pre
config.status: creating Misc/python.pc
config.status: creating Misc/python-embed.pc
config.status: creating Misc/python-config.sh
config.status: creating Modules/Setup.bootstrap
config.status: creating Modules/Setup.stdlib
config.status: creating Modules/ld_so_aix
config.status: creating pyconfig.h
configure: creating Modules/Setup.local
configure: creating Makefile
configure:

If you want a release build with all stable optimizations active (PGO, etc),
please run ./configure --enable-optimizations

⎯⎯⎯⎯⎯⎯⎯⎯⎯⎯⎯⎯⎯⎯⎯⎯⎯⎯⎯⎯⎯⎯⎯⎯⎯⎯⎯⎯⎯⎯⎯⎯⎯⎯⎯⎯⎯⎯⎯⎯⎯⎯⎯⎯⎯⎯⎯⎯⎯⎯⎯⎯⎯⎯⎯⎯⎯⎯⎯⎯⎯⎯⎯⎯⎯⎯⎯⎯⎯⎯⎯⎯⎯⎯⎯⎯⎯⎯⎯⎯⎯⎯⎯⎯⎯⎯⎯⎯⎯⎯⎯⎯⎯⎯⎯⎯⎯⎯⎯⎯⎯⎯⎯⎯⎯⎯⎯⎯⎯⎯⎯⎯⎯⎯⎯⎯⎯⎯⎯⎯⎯⎯⎯⎯⎯⎯⎯⎯⎯⎯⎯⎯⎯⎯⎯⎯⎯⎯⎯
📁 /workspaces/MyPython/cpython/cross-build/build
👍 /workspaces/MyPython/cpython/Modules/Setup.local exists ...
❯ ../../configure
⎯⎯⎯⎯⎯⎯⎯⎯⎯⎯⎯⎯⎯⎯⎯⎯⎯⎯⎯⎯⎯⎯⎯⎯⎯⎯⎯⎯⎯⎯⎯⎯⎯⎯⎯⎯⎯⎯⎯⎯⎯⎯⎯⎯⎯⎯⎯⎯⎯⎯⎯⎯⎯⎯⎯⎯⎯⎯⎯⎯⎯⎯⎯⎯⎯⎯⎯⎯⎯⎯⎯⎯⎯⎯⎯⎯⎯⎯⎯⎯⎯⎯⎯⎯⎯⎯⎯⎯⎯⎯⎯⎯⎯⎯⎯⎯⎯⎯⎯⎯⎯⎯⎯⎯⎯⎯⎯⎯⎯⎯⎯⎯⎯⎯⎯⎯⎯⎯⎯⎯⎯⎯⎯⎯⎯⎯⎯⎯⎯⎯⎯⎯⎯⎯⎯⎯⎯⎯⎯
📁 /workspaces/MyPython/cpython/cross-build/build
❯ make --jobs 2 all
🎉 /workspaces/MyPython/cpython/cross-build/build/python 3.16
⎯⎯⎯⎯⎯⎯⎯⎯⎯⎯⎯⎯⎯⎯⎯⎯⎯⎯⎯⎯⎯⎯⎯⎯⎯⎯⎯⎯⎯⎯⎯⎯⎯⎯⎯⎯⎯⎯⎯⎯⎯⎯⎯⎯⎯⎯⎯⎯⎯⎯⎯⎯⎯⎯⎯⎯⎯⎯⎯⎯⎯⎯⎯⎯⎯⎯⎯⎯⎯⎯⎯⎯⎯⎯⎯⎯⎯⎯⎯⎯⎯⎯⎯⎯⎯⎯⎯⎯⎯⎯⎯⎯⎯⎯⎯⎯⎯⎯⎯⎯⎯⎯⎯⎯⎯⎯⎯⎯⎯⎯⎯⎯⎯⎯⎯⎯⎯⎯⎯⎯⎯⎯⎯⎯⎯⎯⎯⎯⎯⎯⎯⎯⎯⎯⎯⎯⎯⎯⎯
📁 /workspaces/MyPython/cpython/cross-build/build
❯ make pythoninfo
⎯⎯⎯⎯⎯⎯⎯⎯⎯⎯⎯⎯⎯⎯⎯⎯⎯⎯⎯⎯⎯⎯⎯⎯⎯⎯⎯⎯⎯⎯⎯⎯⎯⎯⎯⎯⎯⎯⎯⎯⎯⎯⎯⎯⎯⎯⎯⎯⎯⎯⎯⎯⎯⎯⎯⎯⎯⎯⎯⎯⎯⎯⎯⎯⎯⎯⎯⎯⎯⎯⎯⎯⎯⎯⎯⎯⎯⎯⎯⎯⎯⎯⎯⎯⎯⎯⎯⎯⎯⎯⎯⎯⎯⎯⎯⎯⎯⎯⎯⎯⎯⎯⎯⎯⎯⎯⎯⎯⎯⎯⎯⎯⎯⎯⎯⎯⎯⎯⎯⎯⎯⎯⎯⎯⎯⎯⎯⎯⎯⎯⎯⎯⎯⎯⎯⎯⎯⎯⎯
📁 /workspaces/MyPython/cpython/cross-build/wasm32-emscripten/build
✅ Emscripten version 6.0.9 found in /workspaces/MyPython/cpython/cross-build/emsdk
No cached build of libffi version 3.4.6 found, building
🌎 Environment changes:
  EMSDK=/workspaces/MyPython/cpython/cross-build/emsdk/6.0.9/emsdk
  EMSDK_NODE=/workspaces/MyPython/cpython/cross-build/emsdk/6.0.9/emsdk/node/24.19.0_64bit/bin/node
  PATH=/workspaces/MyPython/cpython/cross-build/emsdk/6.0.9/emsdk:/workspaces/MyPython/cpython/cross-build/emsdk/6.0.9/emsdk/upstream/emscripten:/home/codespace/nvm/current/bin:/vscode/bin/linux-x64/7debcd0e2acdea1c52de81bf9ee1620444407dda/bin/remote-cli:/home/codespace/.local/bin:/usr/local/rubies/current/bin:/home/codespace/.dotnet:/home/codespace/.php/current/bin:/home/codespace/.python/current/bin:/home/codespace/java/current/bin:/home/codespace/.ruby/current/bin:/usr/local/python/current/bin:/usr/local/py-utils/bin:/usr/local/jupyter:/usr/local/oryx:/usr/local/go/bin:/go/bin:/usr/local/sdkman/bin:/usr/local/sdkman/candidates/java/current/bin:/usr/local/sdkman/candidates/gradle/current/bin:/usr/local/sdkman/candidates/maven/current/bin:/usr/local/sdkman/candidates/ant/current/bin:/usr/local/share/rbenv/shims:/usr/local/share/rbenv/bin:/usr/local/php/current/bin:/opt/conda/bin:/usr/local/share/nvm/versions/node/v24.21.0/bin:/usr/local/hugo/bin:/usr/local/sbin:/usr/local/bin:/usr/sbin:/usr/bin:/sbin:/bin:/usr/share/dotnet:/home/codespace/.dotnet/tools
  PREFIX=/workspaces/MyPython/cpython/cross-build/emsdk/6.0.9/prefix
  PWD=/workspaces/MyPython/cpython/cross-build/wasm32-emscripten/build
  SOURCE_DATE_EPOCH=1789951984
  _=/usr/bin/env
❯ /workspaces/MyPython/cpython/Platforms/emscripten/make_libffi.sh
Succeded building libffi, wrote config to /workspaces/MyPython/cpython/cross-build/emsdk/6.0.9/prefix/libffi.json
⎯⎯⎯⎯⎯⎯⎯⎯⎯⎯⎯⎯⎯⎯⎯⎯⎯⎯⎯⎯⎯⎯⎯⎯⎯⎯⎯⎯⎯⎯⎯⎯⎯⎯⎯⎯⎯⎯⎯⎯⎯⎯⎯⎯⎯⎯⎯⎯⎯⎯⎯⎯⎯⎯⎯⎯⎯⎯⎯⎯⎯⎯⎯⎯⎯⎯⎯⎯⎯⎯⎯⎯⎯⎯⎯⎯⎯⎯⎯⎯⎯⎯⎯⎯⎯⎯⎯⎯⎯⎯⎯⎯⎯⎯⎯⎯⎯⎯⎯⎯⎯⎯⎯⎯⎯⎯⎯⎯⎯⎯⎯⎯⎯⎯⎯⎯⎯⎯⎯⎯⎯⎯⎯⎯⎯⎯⎯⎯⎯⎯⎯⎯⎯⎯⎯⎯⎯⎯⎯
📁 /workspaces/MyPython/cpython/cross-build/wasm32-emscripten/build
No cached build of mpdec version 4.0.1 found, building
🌎 Environment changes:
  EMSDK=/workspaces/MyPython/cpython/cross-build/emsdk/6.0.9/emsdk
  EMSDK_NODE=/workspaces/MyPython/cpython/cross-build/emsdk/6.0.9/emsdk/node/24.19.0_64bit/bin/node
  PATH=/workspaces/MyPython/cpython/cross-build/emsdk/6.0.9/emsdk:/workspaces/MyPython/cpython/cross-build/emsdk/6.0.9/emsdk/upstream/emscripten:/home/codespace/nvm/current/bin:/vscode/bin/linux-x64/7debcd0e2acdea1c52de81bf9ee1620444407dda/bin/remote-cli:/home/codespace/.local/bin:/usr/local/rubies/current/bin:/home/codespace/.dotnet:/home/codespace/.php/current/bin:/home/codespace/.python/current/bin:/home/codespace/java/current/bin:/home/codespace/.ruby/current/bin:/usr/local/python/current/bin:/usr/local/py-utils/bin:/usr/local/jupyter:/usr/local/oryx:/usr/local/go/bin:/go/bin:/usr/local/sdkman/bin:/usr/local/sdkman/candidates/java/current/bin:/usr/local/sdkman/candidates/gradle/current/bin:/usr/local/sdkman/candidates/maven/current/bin:/usr/local/sdkman/candidates/ant/current/bin:/usr/local/share/rbenv/shims:/usr/local/share/rbenv/bin:/usr/local/php/current/bin:/opt/conda/bin:/usr/local/share/nvm/versions/node/v24.21.0/bin:/usr/local/hugo/bin:/usr/local/sbin:/usr/local/bin:/usr/sbin:/usr/bin:/sbin:/bin:/usr/share/dotnet:/home/codespace/.dotnet/tools
  PWD=/workspaces/MyPython/cpython/cross-build/wasm32-emscripten/build
  SOURCE_DATE_EPOCH=1789951984
  _=/usr/bin/env
❯ emconfigure /workspaces/MyPython/cpython/cross-build/wasm32-emscripten/build/mpdecimal-4.0.1/configure CFLAGS=-fPIC --prefix /workspaces/MyPython/cpython/cross-build/emsdk/6.0.9/prefix --disable-shared
❯ make install
Succeded building mpdec, wrote config to /workspaces/MyPython/cpython/cross-build/emsdk/6.0.9/prefix/mpdec.json
⎯⎯⎯⎯⎯⎯⎯⎯⎯⎯⎯⎯⎯⎯⎯⎯⎯⎯⎯⎯⎯⎯⎯⎯⎯⎯⎯⎯⎯⎯⎯⎯⎯⎯⎯⎯⎯⎯⎯⎯⎯⎯⎯⎯⎯⎯⎯⎯⎯⎯⎯⎯⎯⎯⎯⎯⎯⎯⎯⎯⎯⎯⎯⎯⎯⎯⎯⎯⎯⎯⎯⎯⎯⎯⎯⎯⎯⎯⎯⎯⎯⎯⎯⎯⎯⎯⎯⎯⎯⎯⎯⎯⎯⎯⎯⎯⎯⎯⎯⎯⎯⎯⎯⎯⎯⎯⎯⎯⎯⎯⎯⎯⎯⎯⎯⎯⎯⎯⎯⎯⎯⎯⎯⎯⎯⎯⎯⎯⎯⎯⎯⎯⎯⎯⎯⎯⎯⎯⎯
📁 /workspaces/MyPython/cpython/cross-build/wasm32-emscripten/build/python
🌎 Environment changes:
  CONFIG_SITE=/workspaces/MyPython/cpython/Platforms/emscripten/config.site-wasm32-emscripten
  EMSDK=/workspaces/MyPython/cpython/cross-build/emsdk/6.0.9/emsdk
  EMSDK_NODE=/workspaces/MyPython/cpython/cross-build/emsdk/6.0.9/emsdk/node/24.19.0_64bit/bin/node
  EM_PKG_CONFIG_PATH=/workspaces/MyPython/cpython/cross-build/emsdk/6.0.9/prefix/lib/pkgconfig
  HOSTRUNNER=/home/codespace/nvm/current/bin/node
  PATH=/workspaces/MyPython/cpython/cross-build/emsdk/6.0.9/emsdk:/workspaces/MyPython/cpython/cross-build/emsdk/6.0.9/emsdk/upstream/emscripten:/home/codespace/nvm/current/bin:/vscode/bin/linux-x64/7debcd0e2acdea1c52de81bf9ee1620444407dda/bin/remote-cli:/home/codespace/.local/bin:/usr/local/rubies/current/bin:/home/codespace/.dotnet:/home/codespace/.php/current/bin:/home/codespace/.python/current/bin:/home/codespace/java/current/bin:/home/codespace/.ruby/current/bin:/usr/local/python/current/bin:/usr/local/py-utils/bin:/usr/local/jupyter:/usr/local/oryx:/usr/local/go/bin:/go/bin:/usr/local/sdkman/bin:/usr/local/sdkman/candidates/java/current/bin:/usr/local/sdkman/candidates/gradle/current/bin:/usr/local/sdkman/candidates/maven/current/bin:/usr/local/sdkman/candidates/ant/current/bin:/usr/local/share/rbenv/shims:/usr/local/share/rbenv/bin:/usr/local/php/current/bin:/opt/conda/bin:/usr/local/share/nvm/versions/node/v24.21.0/bin:/usr/local/hugo/bin:/usr/local/sbin:/usr/local/bin:/usr/sbin:/usr/bin:/sbin:/bin:/usr/share/dotnet:/home/codespace/.dotnet/tools
  PWD=/workspaces/MyPython/cpython/cross-build/wasm32-emscripten/build
  SOURCE_DATE_EPOCH=1789951984
  _=/usr/bin/env
❯ emconfigure ../../../../configure CFLAGS=-DPY_CALL_TRAMPOLINE -sUSE_BZIP2 PKG_CONFIG=pkg-config --host=wasm32-emscripten --build=x86_64-pc-linux-gnu --with-build-python=/workspaces/MyPython/cpython/cross-build/build/python --without-pymalloc --disable-shared --disable-ipv6 --enable-big-digits=30 --enable-wasm-dynamic-linking --prefix=/workspaces/MyPython/cpython/cross-build/emsdk/6.0.9/prefix
🏃‍♀️ Created /workspaces/MyPython/cpython/cross-build/wasm32-emscripten/build/python/python.sh ... 
/workspaces/MyPython/cpython/cross-build/emsdk/6.0.9/emsdk/upstream/emscripten/emcc -c -fno-omit-frame-pointer -mno-omit-leaf-frame-pointer  -fno-strict-overflow -Wsign-compare -Wunreachable-code -DNDEBUG -g -O3 -Wall -DPY_CALL_TRAMPOLINE -sUSE_BZIP2   -std=c11 -Wextra -Wno-unused-parameter -Wno-missing-field-initializers -Wstrict-prototypes -Werror=implicit-function-declaration -fvisibility=hidden  -I../../../../Include/internal -I../../../../Include/internal/mimalloc -IObjects -IInclude -IPython -I. -I../../../../Include   -fPIC -DPy_BUILD_CORE -o Programs/python.o ../../../../Programs/python.c
/workspaces/MyPython/cpython/cross-build/emsdk/6.0.9/emsdk/upstream/emscripten/emcc -c -fno-omit-frame-pointer -mno-omit-leaf-frame-pointer  -fno-strict-overflow -Wsign-compare -Wunreachable-code -DNDEBUG -g -O3 -Wall -DPY_CALL_TRAMPOLINE -sUSE_BZIP2   -std=c11 -Wextra -Wno-unused-parameter -Wno-missing-field-initializers -Wstrict-prototypes -Werror=implicit-function-declaration -fvisibility=hidden  -I../../../../Include/internal -I../../../../Include/internal/mimalloc -IObjects -IInclude -IPython -I. -I../../../../Include   -fPIC -DPy_BUILD_CORE -o Parser/token.o ../../../../Parser/token.c
/workspaces/MyPython/cpython/cross-build/emsdk/6.0.9/emsdk/upstream/emscripten/emcc -c -fno-omit-frame-pointer -mno-omit-leaf-frame-pointer  -fno-strict-overflow -Wsign-compare -Wunreachable-code -DNDEBUG -g -O3 -Wall -DPY_CALL_TRAMPOLINE -sUSE_BZIP2   -std=c11 -Wextra -Wno-unused-parameter -Wno-missing-field-initializers -Wstrict-prototypes -Werror=implicit-function-declaration -fvisibility=hidden  -I../../../../Include/internal -I../../../../Include/internal/mimalloc -IObjects -IInclude -IPython -I. -I../../../../Include   -fPIC -DPy_BUILD_CORE -o Parser/pegen.o ../../../../Parser/pegen.c
/workspaces/MyPython/cpython/cross-build/emsdk/6.0.9/emsdk/upstream/emscripten/emcc -c -fno-omit-frame-pointer -mno-omit-leaf-frame-pointer  -fno-strict-overflow -Wsign-compare -Wunreachable-code -DNDEBUG -g -O3 -Wall -DPY_CALL_TRAMPOLINE -sUSE_BZIP2   -std=c11 -Wextra -Wno-unused-parameter -Wno-missing-field-initializers -Wstrict-prototypes -Werror=implicit-function-declaration -fvisibility=hidden  -I../../../../Include/internal -I../../../../Include/internal/mimalloc -IObjects -IInclude -IPython -I. -I../../../../Include   -fPIC -DPy_BUILD_CORE -o Parser/pegen_errors.o ../../../../Parser/pegen_errors.c
/workspaces/MyPython/cpython/cross-build/emsdk/6.0.9/emsdk/upstream/emscripten/emcc -c -fno-omit-frame-pointer -mno-omit-leaf-frame-pointer  -fno-strict-overflow -Wsign-compare -Wunreachable-code -DNDEBUG -g -O3 -Wall -DPY_CALL_TRAMPOLINE -sUSE_BZIP2   -std=c11 -Wextra -Wno-unused-parameter -Wno-missing-field-initializers -Wstrict-prototypes -Werror=implicit-function-declaration -fvisibility=hidden  -I../../../../Include/internal -I../../../../Include/internal/mimalloc -IObjects -IInclude -IPython -I. -I../../../../Include   -fPIC -DPy_BUILD_CORE -o Parser/action_helpers.o ../../../../Parser/action_helpers.c
/workspaces/MyPython/cpython/cross-build/emsdk/6.0.9/emsdk/upstream/emscripten/emcc -c -fno-omit-frame-pointer -mno-omit-leaf-frame-pointer  -fno-strict-overflow -Wsign-compare -Wunreachable-code -DNDEBUG -g -O3 -Wall -DPY_CALL_TRAMPOLINE -sUSE_BZIP2   -std=c11 -Wextra -Wno-unused-parameter -Wno-missing-field-initializers -Wstrict-prototypes -Werror=implicit-function-declaration -fvisibility=hidden  -I../../../../Include/internal -I../../../../Include/internal/mimalloc -IObjects -IInclude -IPython -I. -I../../../../Include   -fPIC -DPy_BUILD_CORE -o Parser/parser.o ../../../../Parser/parser.c
/workspaces/MyPython/cpython/cross-build/emsdk/6.0.9/emsdk/upstream/emscripten/emcc -c -fno-omit-frame-pointer -mno-omit-leaf-frame-pointer  -fno-strict-overflow -Wsign-compare -Wunreachable-code -DNDEBUG -g -O3 -Wall -DPY_CALL_TRAMPOLINE -sUSE_BZIP2   -std=c11 -Wextra -Wno-unused-parameter -Wno-missing-field-initializers -Wstrict-prototypes -Werror=implicit-function-declaration -fvisibility=hidden  -I../../../../Include/internal -I../../../../Include/internal/mimalloc -IObjects -IInclude -IPython -I. -I../../../../Include   -fPIC -DPy_BUILD_CORE -o Parser/string_parser.o ../../../../Parser/string_parser.c
/workspaces/MyPython/cpython/cross-build/emsdk/6.0.9/emsdk/upstream/emscripten/emcc -c -fno-omit-frame-pointer -mno-omit-leaf-frame-pointer  -fno-strict-overflow -Wsign-compare -Wunreachable-code -DNDEBUG -g -O3 -Wall -DPY_CALL_TRAMPOLINE -sUSE_BZIP2   -std=c11 -Wextra -Wno-unused-parameter -Wno-missing-field-initializers -Wstrict-prototypes -Werror=implicit-function-declaration -fvisibility=hidden  -I../../../../Include/internal -I../../../../Include/internal/mimalloc -IObjects -IInclude -IPython -I. -I../../../../Include   -fPIC -DPy_BUILD_CORE -o Parser/peg_api.o ../../../../Parser/peg_api.c
/workspaces/MyPython/cpython/cross-build/emsdk/6.0.9/emsdk/upstream/emscripten/emcc -c -fno-omit-frame-pointer -mno-omit-leaf-frame-pointer  -fno-strict-overflow -Wsign-compare -Wunreachable-code -DNDEBUG -g -O3 -Wall -DPY_CALL_TRAMPOLINE -sUSE_BZIP2   -std=c11 -Wextra -Wno-unused-parameter -Wno-missing-field-initializers -Wstrict-prototypes -Werror=implicit-function-declaration -fvisibility=hidden  -I../../../../Include/internal -I../../../../Include/internal/mimalloc -IObjects -IInclude -IPython -I. -I../../../../Include   -fPIC -DPy_BUILD_CORE -o Parser/lexer/lexer.o ../../../../Parser/lexer/lexer.c
/workspaces/MyPython/cpython/cross-build/emsdk/6.0.9/emsdk/upstream/emscripten/emcc -c -fno-omit-frame-pointer -mno-omit-leaf-frame-pointer  -fno-strict-overflow -Wsign-compare -Wunreachable-code -DNDEBUG -g -O3 -Wall -DPY_CALL_TRAMPOLINE -sUSE_BZIP2   -std=c11 -Wextra -Wno-unused-parameter -Wno-missing-field-initializers -Wstrict-prototypes -Werror=implicit-function-declaration -fvisibility=hidden  -I../../../../Include/internal -I../../../../Include/internal/mimalloc -IObjects -IInclude -IPython -I. -I../../../../Include   -fPIC -DPy_BUILD_CORE -o Parser/lexer/number.o ../../../../Parser/lexer/number.c
/workspaces/MyPython/cpython/cross-build/emsdk/6.0.9/emsdk/upstream/emscripten/emcc -c -fno-omit-frame-pointer -mno-omit-leaf-frame-pointer  -fno-strict-overflow -Wsign-compare -Wunreachable-code -DNDEBUG -g -O3 -Wall -DPY_CALL_TRAMPOLINE -sUSE_BZIP2   -std=c11 -Wextra -Wno-unused-parameter -Wno-missing-field-initializers -Wstrict-prototypes -Werror=implicit-function-declaration -fvisibility=hidden  -I../../../../Include/internal -I../../../../Include/internal/mimalloc -IObjects -IInclude -IPython -I. -I../../../../Include   -fPIC -DPy_BUILD_CORE -o Parser/lexer/state.o ../../../../Parser/lexer/state.c
/workspaces/MyPython/cpython/cross-build/emsdk/6.0.9/emsdk/upstream/emscripten/emcc -c -fno-omit-frame-pointer -mno-omit-leaf-frame-pointer  -fno-strict-overflow -Wsign-compare -Wunreachable-code -DNDEBUG -g -O3 -Wall -DPY_CALL_TRAMPOLINE -sUSE_BZIP2   -std=c11 -Wextra -Wno-unused-parameter -Wno-missing-field-initializers -Wstrict-prototypes -Werror=implicit-function-declaration -fvisibility=hidden  -I../../../../Include/internal -I../../../../Include/internal/mimalloc -IObjects -IInclude -IPython -I. -I../../../../Include   -fPIC -DPy_BUILD_CORE -o Parser/lexer/string.o ../../../../Parser/lexer/string.c
../../../../Parser/lexer/string.c:81:20: warning: variable 'previous_end' set but not used [-Wunused-but-set-variable]
   81 |         _PyTok_Off previous_end = state->expr_span.start;
      |                    ^
1 warning generated.
/workspaces/MyPython/cpython/cross-build/emsdk/6.0.9/emsdk/upstream/emscripten/emcc -c -fno-omit-frame-pointer -mno-omit-leaf-frame-pointer  -fno-strict-overflow -Wsign-compare -Wunreachable-code -DNDEBUG -g -O3 -Wall -DPY_CALL_TRAMPOLINE -sUSE_BZIP2   -std=c11 -Wextra -Wno-unused-parameter -Wno-missing-field-initializers -Wstrict-prototypes -Werror=implicit-function-declaration -fvisibility=hidden  -I../../../../Include/internal -I../../../../Include/internal/mimalloc -IObjects -IInclude -IPython -I. -I../../../../Include   -fPIC -DPy_BUILD_CORE -o Parser/tokenizer/cursor.o ../../../../Parser/tokenizer/cursor.c
/workspaces/MyPython/cpython/cross-build/emsdk/6.0.9/emsdk/upstream/emscripten/emcc -c -fno-omit-frame-pointer -mno-omit-leaf-frame-pointer  -fno-strict-overflow -Wsign-compare -Wunreachable-code -DNDEBUG -g -O3 -Wall -DPY_CALL_TRAMPOLINE -sUSE_BZIP2   -std=c11 -Wextra -Wno-unused-parameter -Wno-missing-field-initializers -Wstrict-prototypes -Werror=implicit-function-declaration -fvisibility=hidden  -I../../../../Include/internal -I../../../../Include/internal/mimalloc -IObjects -IInclude -IPython -I. -I../../../../Include   -fPIC -DPy_BUILD_CORE -o Parser/tokenizer/decoder.o ../../../../Parser/tokenizer/decoder.c
/workspaces/MyPython/cpython/cross-build/emsdk/6.0.9/emsdk/upstream/emscripten/emcc -c -fno-omit-frame-pointer -mno-omit-leaf-frame-pointer  -fno-strict-overflow -Wsign-compare -Wunreachable-code -DNDEBUG -g -O3 -Wall -DPY_CALL_TRAMPOLINE -sUSE_BZIP2   -std=c11 -Wextra -Wno-unused-parameter -Wno-missing-field-initializers -Wstrict-prototypes -Werror=implicit-function-declaration -fvisibility=hidden  -I../../../../Include/internal -I../../../../Include/internal/mimalloc -IObjects -IInclude -IPython -I. -I../../../../Include   -fPIC -DPy_BUILD_CORE -o Parser/tokenizer/api.o ../../../../Parser/tokenizer/api.c
/workspaces/MyPython/cpython/cross-build/emsdk/6.0.9/emsdk/upstream/emscripten/emcc -c -fno-omit-frame-pointer -mno-omit-leaf-frame-pointer  -fno-strict-overflow -Wsign-compare -Wunreachable-code -DNDEBUG -g -O3 -Wall -DPY_CALL_TRAMPOLINE -sUSE_BZIP2   -std=c11 -Wextra -Wno-unused-parameter -Wno-missing-field-initializers -Wstrict-prototypes -Werror=implicit-function-declaration -fvisibility=hidden  -I../../../../Include/internal -I../../../../Include/internal/mimalloc -IObjects -IInclude -IPython -I. -I../../../../Include   -fPIC -DPy_BUILD_CORE -o Parser/tokenizer/reader.o ../../../../Parser/tokenizer/reader.c
/workspaces/MyPython/cpython/cross-build/emsdk/6.0.9/emsdk/upstream/emscripten/emcc -c -fno-omit-frame-pointer -mno-omit-leaf-frame-pointer  -fno-strict-overflow -Wsign-compare -Wunreachable-code -DNDEBUG -g -O3 -Wall -DPY_CALL_TRAMPOLINE -sUSE_BZIP2   -std=c11 -Wextra -Wno-unused-parameter -Wno-missing-field-initializers -Wstrict-prototypes -Werror=implicit-function-declaration -fvisibility=hidden  -I../../../../Include/internal -I../../../../Include/internal/mimalloc -IObjects -IInclude -IPython -I. -I../../../../Include   -fPIC -DPy_BUILD_CORE -o Parser/tokenizer/source.o ../../../../Parser/tokenizer/source.c
/workspaces/MyPython/cpython/cross-build/emsdk/6.0.9/emsdk/upstream/emscripten/emcc -c -fno-omit-frame-pointer -mno-omit-leaf-frame-pointer  -fno-strict-overflow -Wsign-compare -Wunreachable-code -DNDEBUG -g -O3 -Wall -DPY_CALL_TRAMPOLINE -sUSE_BZIP2   -std=c11 -Wextra -Wno-unused-parameter -Wno-missing-field-initializers -Wstrict-prototypes -Werror=implicit-function-declaration -fvisibility=hidden  -I../../../../Include/internal -I../../../../Include/internal/mimalloc -IObjects -IInclude -IPython -I. -I../../../../Include   -fPIC -DPy_BUILD_CORE -o Parser/tokenizer/helpers.o ../../../../Parser/tokenizer/helpers.c
/workspaces/MyPython/cpython/cross-build/emsdk/6.0.9/emsdk/upstream/emscripten/emcc -c -fno-omit-frame-pointer -mno-omit-leaf-frame-pointer  -fno-strict-overflow -Wsign-compare -Wunreachable-code -DNDEBUG -g -O3 -Wall -DPY_CALL_TRAMPOLINE -sUSE_BZIP2   -std=c11 -Wextra -Wno-unused-parameter -Wno-missing-field-initializers -Wstrict-prototypes -Werror=implicit-function-declaration -fvisibility=hidden  -I../../../../Include/internal -I../../../../Include/internal/mimalloc -IObjects -IInclude -IPython -I. -I../../../../Include   -fPIC -DPy_BUILD_CORE -o Parser/myreadline.o ../../../../Parser/myreadline.c
/workspaces/MyPython/cpython/cross-build/emsdk/6.0.9/emsdk/upstream/emscripten/emcc -c -fno-omit-frame-pointer -mno-omit-leaf-frame-pointer  -fno-strict-overflow -Wsign-compare -Wunreachable-code -DNDEBUG -g -O3 -Wall -DPY_CALL_TRAMPOLINE -sUSE_BZIP2   -std=c11 -Wextra -Wno-unused-parameter -Wno-missing-field-initializers -Wstrict-prototypes -Werror=implicit-function-declaration -fvisibility=hidden  -I../../../../Include/internal -I../../../../Include/internal/mimalloc -IObjects -IInclude -IPython -I. -I../../../../Include   -fPIC -DPy_BUILD_CORE -o Objects/abstract.o ../../../../Objects/abstract.c
/workspaces/MyPython/cpython/cross-build/emsdk/6.0.9/emsdk/upstream/emscripten/emcc -c -fno-omit-frame-pointer -mno-omit-leaf-frame-pointer  -fno-strict-overflow -Wsign-compare -Wunreachable-code -DNDEBUG -g -O3 -Wall -DPY_CALL_TRAMPOLINE -sUSE_BZIP2   -std=c11 -Wextra -Wno-unused-parameter -Wno-missing-field-initializers -Wstrict-prototypes -Werror=implicit-function-declaration -fvisibility=hidden  -I../../../../Include/internal -I../../../../Include/internal/mimalloc -IObjects -IInclude -IPython -I. -I../../../../Include   -fPIC -DPy_BUILD_CORE -o Objects/boolobject.o ../../../../Objects/boolobject.c
/workspaces/MyPython/cpython/cross-build/emsdk/6.0.9/emsdk/upstream/emscripten/emcc -c -fno-omit-frame-pointer -mno-omit-leaf-frame-pointer  -fno-strict-overflow -Wsign-compare -Wunreachable-code -DNDEBUG -g -O3 -Wall -DPY_CALL_TRAMPOLINE -sUSE_BZIP2   -std=c11 -Wextra -Wno-unused-parameter -Wno-missing-field-initializers -Wstrict-prototypes -Werror=implicit-function-declaration -fvisibility=hidden  -I../../../../Include/internal -I../../../../Include/internal/mimalloc -IObjects -IInclude -IPython -I. -I../../../../Include   -fPIC -DPy_BUILD_CORE -o Objects/bytes_methods.o ../../../../Objects/bytes_methods.c
/workspaces/MyPython/cpython/cross-build/emsdk/6.0.9/emsdk/upstream/emscripten/emcc -c -fno-omit-frame-pointer -mno-omit-leaf-frame-pointer  -fno-strict-overflow -Wsign-compare -Wunreachable-code -DNDEBUG -g -O3 -Wall -DPY_CALL_TRAMPOLINE -sUSE_BZIP2   -std=c11 -Wextra -Wno-unused-parameter -Wno-missing-field-initializers -Wstrict-prototypes -Werror=implicit-function-declaration -fvisibility=hidden  -I../../../../Include/internal -I../../../../Include/internal/mimalloc -IObjects -IInclude -IPython -I. -I../../../../Include   -fPIC -DPy_BUILD_CORE -o Objects/bytearrayobject.o ../../../../Objects/bytearrayobject.c
/workspaces/MyPython/cpython/cross-build/emsdk/6.0.9/emsdk/upstream/emscripten/emcc -c -fno-omit-frame-pointer -mno-omit-leaf-frame-pointer  -fno-strict-overflow -Wsign-compare -Wunreachable-code -DNDEBUG -g -O3 -Wall -DPY_CALL_TRAMPOLINE -sUSE_BZIP2   -std=c11 -Wextra -Wno-unused-parameter -Wno-missing-field-initializers -Wstrict-prototypes -Werror=implicit-function-declaration -fvisibility=hidden  -I../../../../Include/internal -I../../../../Include/internal/mimalloc -IObjects -IInclude -IPython -I. -I../../../../Include   -fPIC -DPy_BUILD_CORE -o Objects/bytesobject.o ../../../../Objects/bytesobject.c
/workspaces/MyPython/cpython/cross-build/emsdk/6.0.9/emsdk/upstream/emscripten/emcc -c -fno-omit-frame-pointer -mno-omit-leaf-frame-pointer  -fno-strict-overflow -Wsign-compare -Wunreachable-code -DNDEBUG -g -O3 -Wall -DPY_CALL_TRAMPOLINE -sUSE_BZIP2   -std=c11 -Wextra -Wno-unused-parameter -Wno-missing-field-initializers -Wstrict-prototypes -Werror=implicit-function-declaration -fvisibility=hidden  -I../../../../Include/internal -I../../../../Include/internal/mimalloc -IObjects -IInclude -IPython -I. -I../../../../Include   -fPIC -DPy_BUILD_CORE -o Objects/call.o ../../../../Objects/call.c
/workspaces/MyPython/cpython/cross-build/emsdk/6.0.9/emsdk/upstream/emscripten/emcc -c -fno-omit-frame-pointer -mno-omit-leaf-frame-pointer  -fno-strict-overflow -Wsign-compare -Wunreachable-code -DNDEBUG -g -O3 -Wall -DPY_CALL_TRAMPOLINE -sUSE_BZIP2   -std=c11 -Wextra -Wno-unused-parameter -Wno-missing-field-initializers -Wstrict-prototypes -Werror=implicit-function-declaration -fvisibility=hidden  -I../../../../Include/internal -I../../../../Include/internal/mimalloc -IObjects -IInclude -IPython -I. -I../../../../Include   -fPIC -DPy_BUILD_CORE -o Objects/capsule.o ../../../../Objects/capsule.c
/workspaces/MyPython/cpython/cross-build/emsdk/6.0.9/emsdk/upstream/emscripten/emcc -c -fno-omit-frame-pointer -mno-omit-leaf-frame-pointer  -fno-strict-overflow -Wsign-compare -Wunreachable-code -DNDEBUG -g -O3 -Wall -DPY_CALL_TRAMPOLINE -sUSE_BZIP2   -std=c11 -Wextra -Wno-unused-parameter -Wno-missing-field-initializers -Wstrict-prototypes -Werror=implicit-function-declaration -fvisibility=hidden  -I../../../../Include/internal -I../../../../Include/internal/mimalloc -IObjects -IInclude -IPython -I. -I../../../../Include   -fPIC -DPy_BUILD_CORE -o Objects/cellobject.o ../../../../Objects/cellobject.c
/workspaces/MyPython/cpython/cross-build/emsdk/6.0.9/emsdk/upstream/emscripten/emcc -c -fno-omit-frame-pointer -mno-omit-leaf-frame-pointer  -fno-strict-overflow -Wsign-compare -Wunreachable-code -DNDEBUG -g -O3 -Wall -DPY_CALL_TRAMPOLINE -sUSE_BZIP2   -std=c11 -Wextra -Wno-unused-parameter -Wno-missing-field-initializers -Wstrict-prototypes -Werror=implicit-function-declaration -fvisibility=hidden  -I../../../../Include/internal -I../../../../Include/internal/mimalloc -IObjects -IInclude -IPython -I. -I../../../../Include   -fPIC -DPy_BUILD_CORE -o Objects/classobject.o ../../../../Objects/classobject.c
/workspaces/MyPython/cpython/cross-build/emsdk/6.0.9/emsdk/upstream/emscripten/emcc -c -fno-omit-frame-pointer -mno-omit-leaf-frame-pointer  -fno-strict-overflow -Wsign-compare -Wunreachable-code -DNDEBUG -g -O3 -Wall -DPY_CALL_TRAMPOLINE -sUSE_BZIP2   -std=c11 -Wextra -Wno-unused-parameter -Wno-missing-field-initializers -Wstrict-prototypes -Werror=implicit-function-declaration -fvisibility=hidden  -I../../../../Include/internal -I../../../../Include/internal/mimalloc -IObjects -IInclude -IPython -I. -I../../../../Include   -fPIC -DPy_BUILD_CORE -o Objects/codeobject.o ../../../../Objects/codeobject.c
/workspaces/MyPython/cpython/cross-build/emsdk/6.0.9/emsdk/upstream/emscripten/emcc -c -fno-omit-frame-pointer -mno-omit-leaf-frame-pointer  -fno-strict-overflow -Wsign-compare -Wunreachable-code -DNDEBUG -g -O3 -Wall -DPY_CALL_TRAMPOLINE -sUSE_BZIP2   -std=c11 -Wextra -Wno-unused-parameter -Wno-missing-field-initializers -Wstrict-prototypes -Werror=implicit-function-declaration -fvisibility=hidden  -I../../../../Include/internal -I../../../../Include/internal/mimalloc -IObjects -IInclude -IPython -I. -I../../../../Include   -fPIC -DPy_BUILD_CORE -o Objects/complexobject.o ../../../../Objects/complexobject.c
/workspaces/MyPython/cpython/cross-build/emsdk/6.0.9/emsdk/upstream/emscripten/emcc -c -fno-omit-frame-pointer -mno-omit-leaf-frame-pointer  -fno-strict-overflow -Wsign-compare -Wunreachable-code -DNDEBUG -g -O3 -Wall -DPY_CALL_TRAMPOLINE -sUSE_BZIP2   -std=c11 -Wextra -Wno-unused-parameter -Wno-missing-field-initializers -Wstrict-prototypes -Werror=implicit-function-declaration -fvisibility=hidden  -I../../../../Include/internal -I../../../../Include/internal/mimalloc -IObjects -IInclude -IPython -I. -I../../../../Include   -fPIC -DPy_BUILD_CORE -o Objects/descrobject.o ../../../../Objects/descrobject.c
/workspaces/MyPython/cpython/cross-build/emsdk/6.0.9/emsdk/upstream/emscripten/emcc -c -fno-omit-frame-pointer -mno-omit-leaf-frame-pointer  -fno-strict-overflow -Wsign-compare -Wunreachable-code -DNDEBUG -g -O3 -Wall -DPY_CALL_TRAMPOLINE -sUSE_BZIP2   -std=c11 -Wextra -Wno-unused-parameter -Wno-missing-field-initializers -Wstrict-prototypes -Werror=implicit-function-declaration -fvisibility=hidden  -I../../../../Include/internal -I../../../../Include/internal/mimalloc -IObjects -IInclude -IPython -I. -I../../../../Include   -fPIC -DPy_BUILD_CORE -o Objects/enumobject.o ../../../../Objects/enumobject.c
/workspaces/MyPython/cpython/cross-build/emsdk/6.0.9/emsdk/upstream/emscripten/emcc -c -fno-omit-frame-pointer -mno-omit-leaf-frame-pointer  -fno-strict-overflow -Wsign-compare -Wunreachable-code -DNDEBUG -g -O3 -Wall -DPY_CALL_TRAMPOLINE -sUSE_BZIP2   -std=c11 -Wextra -Wno-unused-parameter -Wno-missing-field-initializers -Wstrict-prototypes -Werror=implicit-function-declaration -fvisibility=hidden  -I../../../../Include/internal -I../../../../Include/internal/mimalloc -IObjects -IInclude -IPython -I. -I../../../../Include   -fPIC -DPy_BUILD_CORE -o Objects/exceptions.o ../../../../Objects/exceptions.c
/workspaces/MyPython/cpython/cross-build/emsdk/6.0.9/emsdk/upstream/emscripten/emcc -c -fno-omit-frame-pointer -mno-omit-leaf-frame-pointer  -fno-strict-overflow -Wsign-compare -Wunreachable-code -DNDEBUG -g -O3 -Wall -DPY_CALL_TRAMPOLINE -sUSE_BZIP2   -std=c11 -Wextra -Wno-unused-parameter -Wno-missing-field-initializers -Wstrict-prototypes -Werror=implicit-function-declaration -fvisibility=hidden  -I../../../../Include/internal -I../../../../Include/internal/mimalloc -IObjects -IInclude -IPython -I. -I../../../../Include   -fPIC -DPy_BUILD_CORE -o Objects/genericaliasobject.o ../../../../Objects/genericaliasobject.c
/workspaces/MyPython/cpython/cross-build/emsdk/6.0.9/emsdk/upstream/emscripten/emcc -c -fno-omit-frame-pointer -mno-omit-leaf-frame-pointer  -fno-strict-overflow -Wsign-compare -Wunreachable-code -DNDEBUG -g -O3 -Wall -DPY_CALL_TRAMPOLINE -sUSE_BZIP2   -std=c11 -Wextra -Wno-unused-parameter -Wno-missing-field-initializers -Wstrict-prototypes -Werror=implicit-function-declaration -fvisibility=hidden  -I../../../../Include/internal -I../../../../Include/internal/mimalloc -IObjects -IInclude -IPython -I. -I../../../../Include   -fPIC -DPy_BUILD_CORE -o Objects/genobject.o ../../../../Objects/genobject.c
/workspaces/MyPython/cpython/cross-build/emsdk/6.0.9/emsdk/upstream/emscripten/emcc -c -fno-omit-frame-pointer -mno-omit-leaf-frame-pointer  -fno-strict-overflow -Wsign-compare -Wunreachable-code -DNDEBUG -g -O3 -Wall -DPY_CALL_TRAMPOLINE -sUSE_BZIP2   -std=c11 -Wextra -Wno-unused-parameter -Wno-missing-field-initializers -Wstrict-prototypes -Werror=implicit-function-declaration -fvisibility=hidden  -I../../../../Include/internal -I../../../../Include/internal/mimalloc -IObjects -IInclude -IPython -I. -I../../../../Include   -fPIC -DPy_BUILD_CORE -o Objects/fileobject.o ../../../../Objects/fileobject.c
/workspaces/MyPython/cpython/cross-build/emsdk/6.0.9/emsdk/upstream/emscripten/emcc -c -fno-omit-frame-pointer -mno-omit-leaf-frame-pointer  -fno-strict-overflow -Wsign-compare -Wunreachable-code -DNDEBUG -g -O3 -Wall -DPY_CALL_TRAMPOLINE -sUSE_BZIP2   -std=c11 -Wextra -Wno-unused-parameter -Wno-missing-field-initializers -Wstrict-prototypes -Werror=implicit-function-declaration -fvisibility=hidden  -I../../../../Include/internal -I../../../../Include/internal/mimalloc -IObjects -IInclude -IPython -I. -I../../../../Include   -fPIC -DPy_BUILD_CORE -o Objects/floatobject.o ../../../../Objects/floatobject.c
/workspaces/MyPython/cpython/cross-build/emsdk/6.0.9/emsdk/upstream/emscripten/emcc -c -fno-omit-frame-pointer -mno-omit-leaf-frame-pointer  -fno-strict-overflow -Wsign-compare -Wunreachable-code -DNDEBUG -g -O3 -Wall -DPY_CALL_TRAMPOLINE -sUSE_BZIP2   -std=c11 -Wextra -Wno-unused-parameter -Wno-missing-field-initializers -Wstrict-prototypes -Werror=implicit-function-declaration -fvisibility=hidden  -I../../../../Include/internal -I../../../../Include/internal/mimalloc -IObjects -IInclude -IPython -I. -I../../../../Include   -fPIC -DPy_BUILD_CORE -o Objects/frameobject.o ../../../../Objects/frameobject.c
/workspaces/MyPython/cpython/cross-build/emsdk/6.0.9/emsdk/upstream/emscripten/emcc -c -fno-omit-frame-pointer -mno-omit-leaf-frame-pointer  -fno-strict-overflow -Wsign-compare -Wunreachable-code -DNDEBUG -g -O3 -Wall -DPY_CALL_TRAMPOLINE -sUSE_BZIP2   -std=c11 -Wextra -Wno-unused-parameter -Wno-missing-field-initializers -Wstrict-prototypes -Werror=implicit-function-declaration -fvisibility=hidden  -I../../../../Include/internal -I../../../../Include/internal/mimalloc -IObjects -IInclude -IPython -I. -I../../../../Include   -fPIC -DPy_BUILD_CORE -o Objects/funcobject.o ../../../../Objects/funcobject.c
/workspaces/MyPython/cpython/cross-build/emsdk/6.0.9/emsdk/upstream/emscripten/emcc -c -fno-omit-frame-pointer -mno-omit-leaf-frame-pointer  -fno-strict-overflow -Wsign-compare -Wunreachable-code -DNDEBUG -g -O3 -Wall -DPY_CALL_TRAMPOLINE -sUSE_BZIP2   -std=c11 -Wextra -Wno-unused-parameter -Wno-missing-field-initializers -Wstrict-prototypes -Werror=implicit-function-declaration -fvisibility=hidden  -I../../../../Include/internal -I../../../../Include/internal/mimalloc -IObjects -IInclude -IPython -I. -I../../../../Include   -fPIC -DPy_BUILD_CORE -o Objects/interpolationobject.o ../../../../Objects/interpolationobject.c
/workspaces/MyPython/cpython/cross-build/emsdk/6.0.9/emsdk/upstream/emscripten/emcc -c -fno-omit-frame-pointer -mno-omit-leaf-frame-pointer  -fno-strict-overflow -Wsign-compare -Wunreachable-code -DNDEBUG -g -O3 -Wall -DPY_CALL_TRAMPOLINE -sUSE_BZIP2   -std=c11 -Wextra -Wno-unused-parameter -Wno-missing-field-initializers -Wstrict-prototypes -Werror=implicit-function-declaration -fvisibility=hidden  -I../../../../Include/internal -I../../../../Include/internal/mimalloc -IObjects -IInclude -IPython -I. -I../../../../Include   -fPIC -DPy_BUILD_CORE -o Objects/iterobject.o ../../../../Objects/iterobject.c
/workspaces/MyPython/cpython/cross-build/emsdk/6.0.9/emsdk/upstream/emscripten/emcc -c -fno-omit-frame-pointer -mno-omit-leaf-frame-pointer  -fno-strict-overflow -Wsign-compare -Wunreachable-code -DNDEBUG -g -O3 -Wall -DPY_CALL_TRAMPOLINE -sUSE_BZIP2   -std=c11 -Wextra -Wno-unused-parameter -Wno-missing-field-initializers -Wstrict-prototypes -Werror=implicit-function-declaration -fvisibility=hidden  -I../../../../Include/internal -I../../../../Include/internal/mimalloc -IObjects -IInclude -IPython -I. -I../../../../Include   -fPIC -DPy_BUILD_CORE -o Objects/lazyimportobject.o ../../../../Objects/lazyimportobject.c
/workspaces/MyPython/cpython/cross-build/emsdk/6.0.9/emsdk/upstream/emscripten/emcc -c -fno-omit-frame-pointer -mno-omit-leaf-frame-pointer  -fno-strict-overflow -Wsign-compare -Wunreachable-code -DNDEBUG -g -O3 -Wall -DPY_CALL_TRAMPOLINE -sUSE_BZIP2   -std=c11 -Wextra -Wno-unused-parameter -Wno-missing-field-initializers -Wstrict-prototypes -Werror=implicit-function-declaration -fvisibility=hidden  -I../../../../Include/internal -I../../../../Include/internal/mimalloc -IObjects -IInclude -IPython -I. -I../../../../Include   -fPIC -DPy_BUILD_CORE -o Objects/listobject.o ../../../../Objects/listobject.c
/workspaces/MyPython/cpython/cross-build/emsdk/6.0.9/emsdk/upstream/emscripten/emcc -c -fno-omit-frame-pointer -mno-omit-leaf-frame-pointer  -fno-strict-overflow -Wsign-compare -Wunreachable-code -DNDEBUG -g -O3 -Wall -DPY_CALL_TRAMPOLINE -sUSE_BZIP2   -std=c11 -Wextra -Wno-unused-parameter -Wno-missing-field-initializers -Wstrict-prototypes -Werror=implicit-function-declaration -fvisibility=hidden  -I../../../../Include/internal -I../../../../Include/internal/mimalloc -IObjects -IInclude -IPython -I. -I../../../../Include   -fPIC -DPy_BUILD_CORE -o Objects/longobject.o ../../../../Objects/longobject.c
/workspaces/MyPython/cpython/cross-build/emsdk/6.0.9/emsdk/upstream/emscripten/emcc -c -fno-omit-frame-pointer -mno-omit-leaf-frame-pointer  -fno-strict-overflow -Wsign-compare -Wunreachable-code -DNDEBUG -g -O3 -Wall -DPY_CALL_TRAMPOLINE -sUSE_BZIP2   -std=c11 -Wextra -Wno-unused-parameter -Wno-missing-field-initializers -Wstrict-prototypes -Werror=implicit-function-declaration -fvisibility=hidden  -I../../../../Include/internal -I../../../../Include/internal/mimalloc -IObjects -IInclude -IPython -I. -I../../../../Include   -fPIC -DPy_BUILD_CORE -o Objects/dictobject.o ../../../../Objects/dictobject.c
/workspaces/MyPython/cpython/cross-build/emsdk/6.0.9/emsdk/upstream/emscripten/emcc -c -fno-omit-frame-pointer -mno-omit-leaf-frame-pointer  -fno-strict-overflow -Wsign-compare -Wunreachable-code -DNDEBUG -g -O3 -Wall -DPY_CALL_TRAMPOLINE -sUSE_BZIP2   -std=c11 -Wextra -Wno-unused-parameter -Wno-missing-field-initializers -Wstrict-prototypes -Werror=implicit-function-declaration -fvisibility=hidden  -I../../../../Include/internal -I../../../../Include/internal/mimalloc -IObjects -IInclude -IPython -I. -I../../../../Include   -fPIC -DPy_BUILD_CORE -o Objects/odictobject.o ../../../../Objects/odictobject.c
/workspaces/MyPython/cpython/cross-build/emsdk/6.0.9/emsdk/upstream/emscripten/emcc -c -fno-omit-frame-pointer -mno-omit-leaf-frame-pointer  -fno-strict-overflow -Wsign-compare -Wunreachable-code -DNDEBUG -g -O3 -Wall -DPY_CALL_TRAMPOLINE -sUSE_BZIP2   -std=c11 -Wextra -Wno-unused-parameter -Wno-missing-field-initializers -Wstrict-prototypes -Werror=implicit-function-declaration -fvisibility=hidden  -I../../../../Include/internal -I../../../../Include/internal/mimalloc -IObjects -IInclude -IPython -I. -I../../../../Include   -fPIC -DPy_BUILD_CORE -o Objects/memoryobject.o ../../../../Objects/memoryobject.c
/workspaces/MyPython/cpython/cross-build/emsdk/6.0.9/emsdk/upstream/emscripten/emcc -c -fno-omit-frame-pointer -mno-omit-leaf-frame-pointer  -fno-strict-overflow -Wsign-compare -Wunreachable-code -DNDEBUG -g -O3 -Wall -DPY_CALL_TRAMPOLINE -sUSE_BZIP2   -std=c11 -Wextra -Wno-unused-parameter -Wno-missing-field-initializers -Wstrict-prototypes -Werror=implicit-function-declaration -fvisibility=hidden  -I../../../../Include/internal -I../../../../Include/internal/mimalloc -IObjects -IInclude -IPython -I. -I../../../../Include   -fPIC -DPy_BUILD_CORE -o Objects/methodobject.o ../../../../Objects/methodobject.c
/workspaces/MyPython/cpython/cross-build/emsdk/6.0.9/emsdk/upstream/emscripten/emcc -c -fno-omit-frame-pointer -mno-omit-leaf-frame-pointer  -fno-strict-overflow -Wsign-compare -Wunreachable-code -DNDEBUG -g -O3 -Wall -DPY_CALL_TRAMPOLINE -sUSE_BZIP2   -std=c11 -Wextra -Wno-unused-parameter -Wno-missing-field-initializers -Wstrict-prototypes -Werror=implicit-function-declaration -fvisibility=hidden  -I../../../../Include/internal -I../../../../Include/internal/mimalloc -IObjects -IInclude -IPython -I. -I../../../../Include   -fPIC -DPy_BUILD_CORE -o Objects/moduleobject.o ../../../../Objects/moduleobject.c
/workspaces/MyPython/cpython/cross-build/emsdk/6.0.9/emsdk/upstream/emscripten/emcc -c -fno-omit-frame-pointer -mno-omit-leaf-frame-pointer  -fno-strict-overflow -Wsign-compare -Wunreachable-code -DNDEBUG -g -O3 -Wall -DPY_CALL_TRAMPOLINE -sUSE_BZIP2   -std=c11 -Wextra -Wno-unused-parameter -Wno-missing-field-initializers -Wstrict-prototypes -Werror=implicit-function-declaration -fvisibility=hidden  -I../../../../Include/internal -I../../../../Include/internal/mimalloc -IObjects -IInclude -IPython -I. -I../../../../Include   -fPIC -DPy_BUILD_CORE -o Objects/namespaceobject.o ../../../../Objects/namespaceobject.c
/workspaces/MyPython/cpython/cross-build/emsdk/6.0.9/emsdk/upstream/emscripten/emcc -c -fno-omit-frame-pointer -mno-omit-leaf-frame-pointer  -fno-strict-overflow -Wsign-compare -Wunreachable-code -DNDEBUG -g -O3 -Wall -DPY_CALL_TRAMPOLINE -sUSE_BZIP2   -std=c11 -Wextra -Wno-unused-parameter -Wno-missing-field-initializers -Wstrict-prototypes -Werror=implicit-function-declaration -fvisibility=hidden  -I../../../../Include/internal -I../../../../Include/internal/mimalloc -IObjects -IInclude -IPython -I. -I../../../../Include   -fPIC -DPy_BUILD_CORE -o Objects/object.o ../../../../Objects/object.c
/workspaces/MyPython/cpython/cross-build/emsdk/6.0.9/emsdk/upstream/emscripten/emcc -c -fno-omit-frame-pointer -mno-omit-leaf-frame-pointer  -fno-strict-overflow -Wsign-compare -Wunreachable-code -DNDEBUG -g -O3 -Wall -DPY_CALL_TRAMPOLINE -sUSE_BZIP2   -std=c11 -Wextra -Wno-unused-parameter -Wno-missing-field-initializers -Wstrict-prototypes -Werror=implicit-function-declaration -fvisibility=hidden  -I../../../../Include/internal -I../../../../Include/internal/mimalloc -IObjects -IInclude -IPython -I. -I../../../../Include   -fPIC -DPy_BUILD_CORE -o Objects/obmalloc.o ../../../../Objects/obmalloc.c
/workspaces/MyPython/cpython/cross-build/emsdk/6.0.9/emsdk/upstream/emscripten/emcc -c -fno-omit-frame-pointer -mno-omit-leaf-frame-pointer  -fno-strict-overflow -Wsign-compare -Wunreachable-code -DNDEBUG -g -O3 -Wall -DPY_CALL_TRAMPOLINE -sUSE_BZIP2   -std=c11 -Wextra -Wno-unused-parameter -Wno-missing-field-initializers -Wstrict-prototypes -Werror=implicit-function-declaration -fvisibility=hidden  -I../../../../Include/internal -I../../../../Include/internal/mimalloc -IObjects -IInclude -IPython -I. -I../../../../Include   -fPIC -DPy_BUILD_CORE -o Objects/picklebufobject.o ../../../../Objects/picklebufobject.c
/workspaces/MyPython/cpython/cross-build/emsdk/6.0.9/emsdk/upstream/emscripten/emcc -c -fno-omit-frame-pointer -mno-omit-leaf-frame-pointer  -fno-strict-overflow -Wsign-compare -Wunreachable-code -DNDEBUG -g -O3 -Wall -DPY_CALL_TRAMPOLINE -sUSE_BZIP2   -std=c11 -Wextra -Wno-unused-parameter -Wno-missing-field-initializers -Wstrict-prototypes -Werror=implicit-function-declaration -fvisibility=hidden  -I../../../../Include/internal -I../../../../Include/internal/mimalloc -IObjects -IInclude -IPython -I. -I../../../../Include   -fPIC -DPy_BUILD_CORE -o Objects/rangeobject.o ../../../../Objects/rangeobject.c
/workspaces/MyPython/cpython/cross-build/emsdk/6.0.9/emsdk/upstream/emscripten/emcc -c -fno-omit-frame-pointer -mno-omit-leaf-frame-pointer  -fno-strict-overflow -Wsign-compare -Wunreachable-code -DNDEBUG -g -O3 -Wall -DPY_CALL_TRAMPOLINE -sUSE_BZIP2   -std=c11 -Wextra -Wno-unused-parameter -Wno-missing-field-initializers -Wstrict-prototypes -Werror=implicit-function-declaration -fvisibility=hidden  -I../../../../Include/internal -I../../../../Include/internal/mimalloc -IObjects -IInclude -IPython -I. -I../../../../Include   -fPIC -DPy_BUILD_CORE -o Objects/sentinelobject.o ../../../../Objects/sentinelobject.c
/workspaces/MyPython/cpython/cross-build/emsdk/6.0.9/emsdk/upstream/emscripten/emcc -c -fno-omit-frame-pointer -mno-omit-leaf-frame-pointer  -fno-strict-overflow -Wsign-compare -Wunreachable-code -DNDEBUG -g -O3 -Wall -DPY_CALL_TRAMPOLINE -sUSE_BZIP2   -std=c11 -Wextra -Wno-unused-parameter -Wno-missing-field-initializers -Wstrict-prototypes -Werror=implicit-function-declaration -fvisibility=hidden  -I../../../../Include/internal -I../../../../Include/internal/mimalloc -IObjects -IInclude -IPython -I. -I../../../../Include   -fPIC -DPy_BUILD_CORE -o Objects/setobject.o ../../../../Objects/setobject.c
/workspaces/MyPython/cpython/cross-build/emsdk/6.0.9/emsdk/upstream/emscripten/emcc -c -fno-omit-frame-pointer -mno-omit-leaf-frame-pointer  -fno-strict-overflow -Wsign-compare -Wunreachable-code -DNDEBUG -g -O3 -Wall -DPY_CALL_TRAMPOLINE -sUSE_BZIP2   -std=c11 -Wextra -Wno-unused-parameter -Wno-missing-field-initializers -Wstrict-prototypes -Werror=implicit-function-declaration -fvisibility=hidden  -I../../../../Include/internal -I../../../../Include/internal/mimalloc -IObjects -IInclude -IPython -I. -I../../../../Include   -fPIC -DPy_BUILD_CORE -o Objects/sliceobject.o ../../../../Objects/sliceobject.c
/workspaces/MyPython/cpython/cross-build/emsdk/6.0.9/emsdk/upstream/emscripten/emcc -c -fno-omit-frame-pointer -mno-omit-leaf-frame-pointer  -fno-strict-overflow -Wsign-compare -Wunreachable-code -DNDEBUG -g -O3 -Wall -DPY_CALL_TRAMPOLINE -sUSE_BZIP2   -std=c11 -Wextra -Wno-unused-parameter -Wno-missing-field-initializers -Wstrict-prototypes -Werror=implicit-function-declaration -fvisibility=hidden  -I../../../../Include/internal -I../../../../Include/internal/mimalloc -IObjects -IInclude -IPython -I. -I../../../../Include   -fPIC -DPy_BUILD_CORE -o Objects/structseq.o ../../../../Objects/structseq.c
/workspaces/MyPython/cpython/cross-build/emsdk/6.0.9/emsdk/upstream/emscripten/emcc -c -fno-omit-frame-pointer -mno-omit-leaf-frame-pointer  -fno-strict-overflow -Wsign-compare -Wunreachable-code -DNDEBUG -g -O3 -Wall -DPY_CALL_TRAMPOLINE -sUSE_BZIP2   -std=c11 -Wextra -Wno-unused-parameter -Wno-missing-field-initializers -Wstrict-prototypes -Werror=implicit-function-declaration -fvisibility=hidden  -I../../../../Include/internal -I../../../../Include/internal/mimalloc -IObjects -IInclude -IPython -I. -I../../../../Include   -fPIC -DPy_BUILD_CORE -o Objects/templateobject.o ../../../../Objects/templateobject.c
/workspaces/MyPython/cpython/cross-build/emsdk/6.0.9/emsdk/upstream/emscripten/emcc -c -fno-omit-frame-pointer -mno-omit-leaf-frame-pointer  -fno-strict-overflow -Wsign-compare -Wunreachable-code -DNDEBUG -g -O3 -Wall -DPY_CALL_TRAMPOLINE -sUSE_BZIP2   -std=c11 -Wextra -Wno-unused-parameter -Wno-missing-field-initializers -Wstrict-prototypes -Werror=implicit-function-declaration -fvisibility=hidden  -I../../../../Include/internal -I../../../../Include/internal/mimalloc -IObjects -IInclude -IPython -I. -I../../../../Include   -fPIC -DPy_BUILD_CORE -o Objects/tupleobject.o ../../../../Objects/tupleobject.c
/workspaces/MyPython/cpython/cross-build/emsdk/6.0.9/emsdk/upstream/emscripten/emcc -c -fno-omit-frame-pointer -mno-omit-leaf-frame-pointer  -fno-strict-overflow -Wsign-compare -Wunreachable-code -DNDEBUG -g -O3 -Wall -DPY_CALL_TRAMPOLINE -sUSE_BZIP2   -std=c11 -Wextra -Wno-unused-parameter -Wno-missing-field-initializers -Wstrict-prototypes -Werror=implicit-function-declaration -fvisibility=hidden  -I../../../../Include/internal -I../../../../Include/internal/mimalloc -IObjects -IInclude -IPython -I. -I../../../../Include   -fPIC -DPy_BUILD_CORE -o Objects/typeobject.o ../../../../Objects/typeobject.c
/workspaces/MyPython/cpython/cross-build/emsdk/6.0.9/emsdk/upstream/emscripten/emcc -c -fno-omit-frame-pointer -mno-omit-leaf-frame-pointer  -fno-strict-overflow -Wsign-compare -Wunreachable-code -DNDEBUG -g -O3 -Wall -DPY_CALL_TRAMPOLINE -sUSE_BZIP2   -std=c11 -Wextra -Wno-unused-parameter -Wno-missing-field-initializers -Wstrict-prototypes -Werror=implicit-function-declaration -fvisibility=hidden  -I../../../../Include/internal -I../../../../Include/internal/mimalloc -IObjects -IInclude -IPython -I. -I../../../../Include   -fPIC -DPy_BUILD_CORE -o Objects/typevarobject.o ../../../../Objects/typevarobject.c
/workspaces/MyPython/cpython/cross-build/emsdk/6.0.9/emsdk/upstream/emscripten/emcc -c -fno-omit-frame-pointer -mno-omit-leaf-frame-pointer  -fno-strict-overflow -Wsign-compare -Wunreachable-code -DNDEBUG -g -O3 -Wall -DPY_CALL_TRAMPOLINE -sUSE_BZIP2   -std=c11 -Wextra -Wno-unused-parameter -Wno-missing-field-initializers -Wstrict-prototypes -Werror=implicit-function-declaration -fvisibility=hidden  -I../../../../Include/internal -I../../../../Include/internal/mimalloc -IObjects -IInclude -IPython -I. -I../../../../Include   -fPIC -DPy_BUILD_CORE -o Objects/unicode_format.o ../../../../Objects/unicode_format.c
/workspaces/MyPython/cpython/cross-build/emsdk/6.0.9/emsdk/upstream/emscripten/emcc -c -fno-omit-frame-pointer -mno-omit-leaf-frame-pointer  -fno-strict-overflow -Wsign-compare -Wunreachable-code -DNDEBUG -g -O3 -Wall -DPY_CALL_TRAMPOLINE -sUSE_BZIP2   -std=c11 -Wextra -Wno-unused-parameter -Wno-missing-field-initializers -Wstrict-prototypes -Werror=implicit-function-declaration -fvisibility=hidden  -I../../../../Include/internal -I../../../../Include/internal/mimalloc -IObjects -IInclude -IPython -I. -I../../../../Include   -fPIC -DPy_BUILD_CORE -o Objects/unicode_formatter.o ../../../../Objects/unicode_formatter.c
/workspaces/MyPython/cpython/cross-build/emsdk/6.0.9/emsdk/upstream/emscripten/emcc -c -fno-omit-frame-pointer -mno-omit-leaf-frame-pointer  -fno-strict-overflow -Wsign-compare -Wunreachable-code -DNDEBUG -g -O3 -Wall -DPY_CALL_TRAMPOLINE -sUSE_BZIP2   -std=c11 -Wextra -Wno-unused-parameter -Wno-missing-field-initializers -Wstrict-prototypes -Werror=implicit-function-declaration -fvisibility=hidden  -I../../../../Include/internal -I../../../../Include/internal/mimalloc -IObjects -IInclude -IPython -I. -I../../../../Include   -fPIC -DPy_BUILD_CORE -o Objects/unicode_writer.o ../../../../Objects/unicode_writer.c
/workspaces/MyPython/cpython/cross-build/emsdk/6.0.9/emsdk/upstream/emscripten/emcc -c -fno-omit-frame-pointer -mno-omit-leaf-frame-pointer  -fno-strict-overflow -Wsign-compare -Wunreachable-code -DNDEBUG -g -O3 -Wall -DPY_CALL_TRAMPOLINE -sUSE_BZIP2   -std=c11 -Wextra -Wno-unused-parameter -Wno-missing-field-initializers -Wstrict-prototypes -Werror=implicit-function-declaration -fvisibility=hidden  -I../../../../Include/internal -I../../../../Include/internal/mimalloc -IObjects -IInclude -IPython -I. -I../../../../Include   -fPIC -DPy_BUILD_CORE -o Objects/unicodectype.o ../../../../Objects/unicodectype.c
/workspaces/MyPython/cpython/cross-build/emsdk/6.0.9/emsdk/upstream/emscripten/emcc -c -fno-omit-frame-pointer -mno-omit-leaf-frame-pointer  -fno-strict-overflow -Wsign-compare -Wunreachable-code -DNDEBUG -g -O3 -Wall -DPY_CALL_TRAMPOLINE -sUSE_BZIP2   -std=c11 -Wextra -Wno-unused-parameter -Wno-missing-field-initializers -Wstrict-prototypes -Werror=implicit-function-declaration -fvisibility=hidden  -I../../../../Include/internal -I../../../../Include/internal/mimalloc -IObjects -IInclude -IPython -I. -I../../../../Include   -fPIC -DPy_BUILD_CORE -o Objects/unicodeobject.o ../../../../Objects/unicodeobject.c
/workspaces/MyPython/cpython/cross-build/emsdk/6.0.9/emsdk/upstream/emscripten/emcc -c -fno-omit-frame-pointer -mno-omit-leaf-frame-pointer  -fno-strict-overflow -Wsign-compare -Wunreachable-code -DNDEBUG -g -O3 -Wall -DPY_CALL_TRAMPOLINE -sUSE_BZIP2   -std=c11 -Wextra -Wno-unused-parameter -Wno-missing-field-initializers -Wstrict-prototypes -Werror=implicit-function-declaration -fvisibility=hidden  -I../../../../Include/internal -I../../../../Include/internal/mimalloc -IObjects -IInclude -IPython -I. -I../../../../Include   -fPIC -DPy_BUILD_CORE -o Objects/unionobject.o ../../../../Objects/unionobject.c
/workspaces/MyPython/cpython/cross-build/emsdk/6.0.9/emsdk/upstream/emscripten/emcc -c -fno-omit-frame-pointer -mno-omit-leaf-frame-pointer  -fno-strict-overflow -Wsign-compare -Wunreachable-code -DNDEBUG -g -O3 -Wall -DPY_CALL_TRAMPOLINE -sUSE_BZIP2   -std=c11 -Wextra -Wno-unused-parameter -Wno-missing-field-initializers -Wstrict-prototypes -Werror=implicit-function-declaration -fvisibility=hidden  -I../../../../Include/internal -I../../../../Include/internal/mimalloc -IObjects -IInclude -IPython -I. -I../../../../Include   -fPIC -DPy_BUILD_CORE -o Objects/weakrefobject.o ../../../../Objects/weakrefobject.c
/workspaces/MyPython/cpython/cross-build/emsdk/6.0.9/emsdk/upstream/emscripten/emcc -c -fno-omit-frame-pointer -mno-omit-leaf-frame-pointer  -fno-strict-overflow -Wsign-compare -Wunreachable-code -DNDEBUG -g -O3 -Wall -DPY_CALL_TRAMPOLINE -sUSE_BZIP2   -std=c11 -Wextra -Wno-unused-parameter -Wno-missing-field-initializers -Wstrict-prototypes -Werror=implicit-function-declaration -fvisibility=hidden  -I../../../../Include/internal -I../../../../Include/internal/mimalloc -IObjects -IInclude -IPython -I. -I../../../../Include   -fPIC -DPy_BUILD_CORE -o Python/_contextvars.o ../../../../Python/_contextvars.c
/workspaces/MyPython/cpython/cross-build/emsdk/6.0.9/emsdk/upstream/emscripten/emcc -c -fno-omit-frame-pointer -mno-omit-leaf-frame-pointer  -fno-strict-overflow -Wsign-compare -Wunreachable-code -DNDEBUG -g -O3 -Wall -DPY_CALL_TRAMPOLINE -sUSE_BZIP2   -std=c11 -Wextra -Wno-unused-parameter -Wno-missing-field-initializers -Wstrict-prototypes -Werror=implicit-function-declaration -fvisibility=hidden  -I../../../../Include/internal -I../../../../Include/internal/mimalloc -IObjects -IInclude -IPython -I. -I../../../../Include   -fPIC -DPy_BUILD_CORE -o Python/_warnings.o ../../../../Python/_warnings.c
/workspaces/MyPython/cpython/cross-build/emsdk/6.0.9/emsdk/upstream/emscripten/emcc -c -fno-omit-frame-pointer -mno-omit-leaf-frame-pointer  -fno-strict-overflow -Wsign-compare -Wunreachable-code -DNDEBUG -g -O3 -Wall -DPY_CALL_TRAMPOLINE -sUSE_BZIP2   -std=c11 -Wextra -Wno-unused-parameter -Wno-missing-field-initializers -Wstrict-prototypes -Werror=implicit-function-declaration -fvisibility=hidden  -I../../../../Include/internal -I../../../../Include/internal/mimalloc -IObjects -IInclude -IPython -I. -I../../../../Include   -fPIC -DPy_BUILD_CORE -o Python/Python-ast.o ../../../../Python/Python-ast.c
/workspaces/MyPython/cpython/cross-build/emsdk/6.0.9/emsdk/upstream/emscripten/emcc -c -fno-omit-frame-pointer -mno-omit-leaf-frame-pointer  -fno-strict-overflow -Wsign-compare -Wunreachable-code -DNDEBUG -g -O3 -Wall -DPY_CALL_TRAMPOLINE -sUSE_BZIP2   -std=c11 -Wextra -Wno-unused-parameter -Wno-missing-field-initializers -Wstrict-prototypes -Werror=implicit-function-declaration -fvisibility=hidden  -I../../../../Include/internal -I../../../../Include/internal/mimalloc -IObjects -IInclude -IPython -I. -I../../../../Include   -fPIC -DPy_BUILD_CORE -o Python/Python-tokenize.o ../../../../Python/Python-tokenize.c
/workspaces/MyPython/cpython/cross-build/emsdk/6.0.9/emsdk/upstream/emscripten/emcc -c -fno-omit-frame-pointer -mno-omit-leaf-frame-pointer  -fno-strict-overflow -Wsign-compare -Wunreachable-code -DNDEBUG -g -O3 -Wall -DPY_CALL_TRAMPOLINE -sUSE_BZIP2   -std=c11 -Wextra -Wno-unused-parameter -Wno-missing-field-initializers -Wstrict-prototypes -Werror=implicit-function-declaration -fvisibility=hidden  -I../../../../Include/internal -I../../../../Include/internal/mimalloc -IObjects -IInclude -IPython -I. -I../../../../Include   -fPIC -DPy_BUILD_CORE -o Python/asdl.o ../../../../Python/asdl.c
/workspaces/MyPython/cpython/cross-build/emsdk/6.0.9/emsdk/upstream/emscripten/emcc -c -fno-omit-frame-pointer -mno-omit-leaf-frame-pointer  -fno-strict-overflow -Wsign-compare -Wunreachable-code -DNDEBUG -g -O3 -Wall -DPY_CALL_TRAMPOLINE -sUSE_BZIP2   -std=c11 -Wextra -Wno-unused-parameter -Wno-missing-field-initializers -Wstrict-prototypes -Werror=implicit-function-declaration -fvisibility=hidden  -I../../../../Include/internal -I../../../../Include/internal/mimalloc -IObjects -IInclude -IPython -I. -I../../../../Include   -fPIC -DPy_BUILD_CORE -o Python/assemble.o ../../../../Python/assemble.c
/workspaces/MyPython/cpython/cross-build/emsdk/6.0.9/emsdk/upstream/emscripten/emcc -c -fno-omit-frame-pointer -mno-omit-leaf-frame-pointer  -fno-strict-overflow -Wsign-compare -Wunreachable-code -DNDEBUG -g -O3 -Wall -DPY_CALL_TRAMPOLINE -sUSE_BZIP2   -std=c11 -Wextra -Wno-unused-parameter -Wno-missing-field-initializers -Wstrict-prototypes -Werror=implicit-function-declaration -fvisibility=hidden  -I../../../../Include/internal -I../../../../Include/internal/mimalloc -IObjects -IInclude -IPython -I. -I../../../../Include   -fPIC -DPy_BUILD_CORE -o Python/ast.o ../../../../Python/ast.c
/workspaces/MyPython/cpython/cross-build/emsdk/6.0.9/emsdk/upstream/emscripten/emcc -c -fno-omit-frame-pointer -mno-omit-leaf-frame-pointer  -fno-strict-overflow -Wsign-compare -Wunreachable-code -DNDEBUG -g -O3 -Wall -DPY_CALL_TRAMPOLINE -sUSE_BZIP2   -std=c11 -Wextra -Wno-unused-parameter -Wno-missing-field-initializers -Wstrict-prototypes -Werror=implicit-function-declaration -fvisibility=hidden  -I../../../../Include/internal -I../../../../Include/internal/mimalloc -IObjects -IInclude -IPython -I. -I../../../../Include   -fPIC -DPy_BUILD_CORE -o Python/ast_preprocess.o ../../../../Python/ast_preprocess.c
/workspaces/MyPython/cpython/cross-build/emsdk/6.0.9/emsdk/upstream/emscripten/emcc -c -fno-omit-frame-pointer -mno-omit-leaf-frame-pointer  -fno-strict-overflow -Wsign-compare -Wunreachable-code -DNDEBUG -g -O3 -Wall -DPY_CALL_TRAMPOLINE -sUSE_BZIP2   -std=c11 -Wextra -Wno-unused-parameter -Wno-missing-field-initializers -Wstrict-prototypes -Werror=implicit-function-declaration -fvisibility=hidden  -I../../../../Include/internal -I../../../../Include/internal/mimalloc -IObjects -IInclude -IPython -I. -I../../../../Include   -fPIC -DPy_BUILD_CORE -o Python/ast_unparse.o ../../../../Python/ast_unparse.c
/workspaces/MyPython/cpython/cross-build/emsdk/6.0.9/emsdk/upstream/emscripten/emcc -c -fno-omit-frame-pointer -mno-omit-leaf-frame-pointer  -fno-strict-overflow -Wsign-compare -Wunreachable-code -DNDEBUG -g -O3 -Wall -DPY_CALL_TRAMPOLINE -sUSE_BZIP2   -std=c11 -Wextra -Wno-unused-parameter -Wno-missing-field-initializers -Wstrict-prototypes -Werror=implicit-function-declaration -fvisibility=hidden  -I../../../../Include/internal -I../../../../Include/internal/mimalloc -IObjects -IInclude -IPython -I. -I../../../../Include   -fPIC -DPy_BUILD_CORE -o Python/bltinmodule.o ../../../../Python/bltinmodule.c
/workspaces/MyPython/cpython/cross-build/emsdk/6.0.9/emsdk/upstream/emscripten/emcc -c -fno-omit-frame-pointer -mno-omit-leaf-frame-pointer  -fno-strict-overflow -Wsign-compare -Wunreachable-code -DNDEBUG -g -O3 -Wall -DPY_CALL_TRAMPOLINE -sUSE_BZIP2   -std=c11 -Wextra -Wno-unused-parameter -Wno-missing-field-initializers -Wstrict-prototypes -Werror=implicit-function-declaration -fvisibility=hidden  -I../../../../Include/internal -I../../../../Include/internal/mimalloc -IObjects -IInclude -IPython -I. -I../../../../Include   -fPIC -DPy_BUILD_CORE -o Python/brc.o ../../../../Python/brc.c
/workspaces/MyPython/cpython/cross-build/emsdk/6.0.9/emsdk/upstream/emscripten/emcc -c -fno-omit-frame-pointer -mno-omit-leaf-frame-pointer  -fno-strict-overflow -Wsign-compare -Wunreachable-code -DNDEBUG -g -O3 -Wall -DPY_CALL_TRAMPOLINE -sUSE_BZIP2   -std=c11 -Wextra -Wno-unused-parameter -Wno-missing-field-initializers -Wstrict-prototypes -Werror=implicit-function-declaration -fvisibility=hidden  -I../../../../Include/internal -I../../../../Include/internal/mimalloc -IObjects -IInclude -IPython -I. -I../../../../Include   -fPIC -DPy_BUILD_CORE  -o Python/ceval.o ../../../../Python/ceval.c
/workspaces/MyPython/cpython/cross-build/emsdk/6.0.9/emsdk/upstream/emscripten/emcc -c -fno-omit-frame-pointer -mno-omit-leaf-frame-pointer  -fno-strict-overflow -Wsign-compare -Wunreachable-code -DNDEBUG -g -O3 -Wall -DPY_CALL_TRAMPOLINE -sUSE_BZIP2   -std=c11 -Wextra -Wno-unused-parameter -Wno-missing-field-initializers -Wstrict-prototypes -Werror=implicit-function-declaration -fvisibility=hidden  -I../../../../Include/internal -I../../../../Include/internal/mimalloc -IObjects -IInclude -IPython -I. -I../../../../Include   -fPIC -DPy_BUILD_CORE -o Python/codecs.o ../../../../Python/codecs.c
/workspaces/MyPython/cpython/cross-build/emsdk/6.0.9/emsdk/upstream/emscripten/emcc -c -fno-omit-frame-pointer -mno-omit-leaf-frame-pointer  -fno-strict-overflow -Wsign-compare -Wunreachable-code -DNDEBUG -g -O3 -Wall -DPY_CALL_TRAMPOLINE -sUSE_BZIP2   -std=c11 -Wextra -Wno-unused-parameter -Wno-missing-field-initializers -Wstrict-prototypes -Werror=implicit-function-declaration -fvisibility=hidden  -I../../../../Include/internal -I../../../../Include/internal/mimalloc -IObjects -IInclude -IPython -I. -I../../../../Include   -fPIC -DPy_BUILD_CORE -o Python/codegen.o ../../../../Python/codegen.c
/workspaces/MyPython/cpython/cross-build/emsdk/6.0.9/emsdk/upstream/emscripten/emcc -c -fno-omit-frame-pointer -mno-omit-leaf-frame-pointer  -fno-strict-overflow -Wsign-compare -Wunreachable-code -DNDEBUG -g -O3 -Wall -DPY_CALL_TRAMPOLINE -sUSE_BZIP2   -std=c11 -Wextra -Wno-unused-parameter -Wno-missing-field-initializers -Wstrict-prototypes -Werror=implicit-function-declaration -fvisibility=hidden  -I../../../../Include/internal -I../../../../Include/internal/mimalloc -IObjects -IInclude -IPython -I. -I../../../../Include   -fPIC -DPy_BUILD_CORE -o Python/compile.o ../../../../Python/compile.c
/workspaces/MyPython/cpython/cross-build/emsdk/6.0.9/emsdk/upstream/emscripten/emcc -c -fno-omit-frame-pointer -mno-omit-leaf-frame-pointer  -fno-strict-overflow -Wsign-compare -Wunreachable-code -DNDEBUG -g -O3 -Wall -DPY_CALL_TRAMPOLINE -sUSE_BZIP2   -std=c11 -Wextra -Wno-unused-parameter -Wno-missing-field-initializers -Wstrict-prototypes -Werror=implicit-function-declaration -fvisibility=hidden  -I../../../../Include/internal -I../../../../Include/internal/mimalloc -IObjects -IInclude -IPython -I. -I../../../../Include   -fPIC -DPy_BUILD_CORE -o Python/context.o ../../../../Python/context.c
/workspaces/MyPython/cpython/cross-build/emsdk/6.0.9/emsdk/upstream/emscripten/emcc -c -fno-omit-frame-pointer -mno-omit-leaf-frame-pointer  -fno-strict-overflow -Wsign-compare -Wunreachable-code -DNDEBUG -g -O3 -Wall -DPY_CALL_TRAMPOLINE -sUSE_BZIP2   -std=c11 -Wextra -Wno-unused-parameter -Wno-missing-field-initializers -Wstrict-prototypes -Werror=implicit-function-declaration -fvisibility=hidden  -I../../../../Include/internal -I../../../../Include/internal/mimalloc -IObjects -IInclude -IPython -I. -I../../../../Include   -fPIC -DPy_BUILD_CORE -o Python/critical_section.o ../../../../Python/critical_section.c
/workspaces/MyPython/cpython/cross-build/emsdk/6.0.9/emsdk/upstream/emscripten/emcc -c -fno-omit-frame-pointer -mno-omit-leaf-frame-pointer  -fno-strict-overflow -Wsign-compare -Wunreachable-code -DNDEBUG -g -O3 -Wall -DPY_CALL_TRAMPOLINE -sUSE_BZIP2   -std=c11 -Wextra -Wno-unused-parameter -Wno-missing-field-initializers -Wstrict-prototypes -Werror=implicit-function-declaration -fvisibility=hidden  -I../../../../Include/internal -I../../../../Include/internal/mimalloc -IObjects -IInclude -IPython -I. -I../../../../Include   -fPIC -DPy_BUILD_CORE -o Python/crossinterp.o ../../../../Python/crossinterp.c
/workspaces/MyPython/cpython/cross-build/emsdk/6.0.9/emsdk/upstream/emscripten/emcc -c -fno-omit-frame-pointer -mno-omit-leaf-frame-pointer  -fno-strict-overflow -Wsign-compare -Wunreachable-code -DNDEBUG -g -O3 -Wall -DPY_CALL_TRAMPOLINE -sUSE_BZIP2   -std=c11 -Wextra -Wno-unused-parameter -Wno-missing-field-initializers -Wstrict-prototypes -Werror=implicit-function-declaration -fvisibility=hidden  -I../../../../Include/internal -I../../../../Include/internal/mimalloc -IObjects -IInclude -IPython -I. -I../../../../Include   -fPIC -DPy_BUILD_CORE -o Python/dynamic_annotations.o ../../../../Python/dynamic_annotations.c
/workspaces/MyPython/cpython/cross-build/emsdk/6.0.9/emsdk/upstream/emscripten/emcc -c -fno-omit-frame-pointer -mno-omit-leaf-frame-pointer  -fno-strict-overflow -Wsign-compare -Wunreachable-code -DNDEBUG -g -O3 -Wall -DPY_CALL_TRAMPOLINE -sUSE_BZIP2   -std=c11 -Wextra -Wno-unused-parameter -Wno-missing-field-initializers -Wstrict-prototypes -Werror=implicit-function-declaration -fvisibility=hidden  -I../../../../Include/internal -I../../../../Include/internal/mimalloc -IObjects -IInclude -IPython -I. -I../../../../Include   -fPIC -DPy_BUILD_CORE -o Python/errors.o ../../../../Python/errors.c
/workspaces/MyPython/cpython/cross-build/emsdk/6.0.9/emsdk/upstream/emscripten/emcc -c -fno-omit-frame-pointer -mno-omit-leaf-frame-pointer  -fno-strict-overflow -Wsign-compare -Wunreachable-code -DNDEBUG -g -O3 -Wall -DPY_CALL_TRAMPOLINE -sUSE_BZIP2   -std=c11 -Wextra -Wno-unused-parameter -Wno-missing-field-initializers -Wstrict-prototypes -Werror=implicit-function-declaration -fvisibility=hidden  -I../../../../Include/internal -I../../../../Include/internal/mimalloc -IObjects -IInclude -IPython -I. -I../../../../Include   -fPIC -DPy_BUILD_CORE -o Python/flowgraph.o ../../../../Python/flowgraph.c
/workspaces/MyPython/cpython/cross-build/emsdk/6.0.9/emsdk/upstream/emscripten/emcc -c -fno-omit-frame-pointer -mno-omit-leaf-frame-pointer  -fno-strict-overflow -Wsign-compare -Wunreachable-code -DNDEBUG -g -O3 -Wall -DPY_CALL_TRAMPOLINE -sUSE_BZIP2   -std=c11 -Wextra -Wno-unused-parameter -Wno-missing-field-initializers -Wstrict-prototypes -Werror=implicit-function-declaration -fvisibility=hidden  -I../../../../Include/internal -I../../../../Include/internal/mimalloc -IObjects -IInclude -IPython -I. -I../../../../Include   -fPIC -DPy_BUILD_CORE -o Python/frame.o ../../../../Python/frame.c
/workspaces/MyPython/cpython/cross-build/emsdk/6.0.9/emsdk/upstream/emscripten/emcc -c -fno-omit-frame-pointer -mno-omit-leaf-frame-pointer  -fno-strict-overflow -Wsign-compare -Wunreachable-code -DNDEBUG -g -O3 -Wall -DPY_CALL_TRAMPOLINE -sUSE_BZIP2   -std=c11 -Wextra -Wno-unused-parameter -Wno-missing-field-initializers -Wstrict-prototypes -Werror=implicit-function-declaration -fvisibility=hidden  -I../../../../Include/internal -I../../../../Include/internal/mimalloc -IObjects -IInclude -IPython -I. -I../../../../Include   -fPIC -DPy_BUILD_CORE -o Python/frozenmain.o ../../../../Python/frozenmain.c
/workspaces/MyPython/cpython/cross-build/emsdk/6.0.9/emsdk/upstream/emscripten/emcc -c -fno-omit-frame-pointer -mno-omit-leaf-frame-pointer  -fno-strict-overflow -Wsign-compare -Wunreachable-code -DNDEBUG -g -O3 -Wall -DPY_CALL_TRAMPOLINE -sUSE_BZIP2   -std=c11 -Wextra -Wno-unused-parameter -Wno-missing-field-initializers -Wstrict-prototypes -Werror=implicit-function-declaration -fvisibility=hidden  -I../../../../Include/internal -I../../../../Include/internal/mimalloc -IObjects -IInclude -IPython -I. -I../../../../Include   -fPIC -DPy_BUILD_CORE -o Python/future.o ../../../../Python/future.c
/workspaces/MyPython/cpython/cross-build/emsdk/6.0.9/emsdk/upstream/emscripten/emcc -c -fno-omit-frame-pointer -mno-omit-leaf-frame-pointer  -fno-strict-overflow -Wsign-compare -Wunreachable-code -DNDEBUG -g -O3 -Wall -DPY_CALL_TRAMPOLINE -sUSE_BZIP2   -std=c11 -Wextra -Wno-unused-parameter -Wno-missing-field-initializers -Wstrict-prototypes -Werror=implicit-function-declaration -fvisibility=hidden  -I../../../../Include/internal -I../../../../Include/internal/mimalloc -IObjects -IInclude -IPython -I. -I../../../../Include   -fPIC -DPy_BUILD_CORE -o Python/gc.o ../../../../Python/gc.c
/workspaces/MyPython/cpython/cross-build/emsdk/6.0.9/emsdk/upstream/emscripten/emcc -c -fno-omit-frame-pointer -mno-omit-leaf-frame-pointer  -fno-strict-overflow -Wsign-compare -Wunreachable-code -DNDEBUG -g -O3 -Wall -DPY_CALL_TRAMPOLINE -sUSE_BZIP2   -std=c11 -Wextra -Wno-unused-parameter -Wno-missing-field-initializers -Wstrict-prototypes -Werror=implicit-function-declaration -fvisibility=hidden  -I../../../../Include/internal -I../../../../Include/internal/mimalloc -IObjects -IInclude -IPython -I. -I../../../../Include   -fPIC -DPy_BUILD_CORE -o Python/gc_free_threading.o ../../../../Python/gc_free_threading.c
/workspaces/MyPython/cpython/cross-build/emsdk/6.0.9/emsdk/upstream/emscripten/emcc -c -fno-omit-frame-pointer -mno-omit-leaf-frame-pointer  -fno-strict-overflow -Wsign-compare -Wunreachable-code -DNDEBUG -g -O3 -Wall -DPY_CALL_TRAMPOLINE -sUSE_BZIP2   -std=c11 -Wextra -Wno-unused-parameter -Wno-missing-field-initializers -Wstrict-prototypes -Werror=implicit-function-declaration -fvisibility=hidden  -I../../../../Include/internal -I../../../../Include/internal/mimalloc -IObjects -IInclude -IPython -I. -I../../../../Include   -fPIC -DPy_BUILD_CORE -o Python/gc_gil.o ../../../../Python/gc_gil.c
/workspaces/MyPython/cpython/cross-build/emsdk/6.0.9/emsdk/upstream/emscripten/emcc -c -fno-omit-frame-pointer -mno-omit-leaf-frame-pointer  -fno-strict-overflow -Wsign-compare -Wunreachable-code -DNDEBUG -g -O3 -Wall -DPY_CALL_TRAMPOLINE -sUSE_BZIP2   -std=c11 -Wextra -Wno-unused-parameter -Wno-missing-field-initializers -Wstrict-prototypes -Werror=implicit-function-declaration -fvisibility=hidden  -I../../../../Include/internal -I../../../../Include/internal/mimalloc -IObjects -IInclude -IPython -I. -I../../../../Include   -fPIC -DPy_BUILD_CORE -o Python/getargs.o ../../../../Python/getargs.c
/workspaces/MyPython/cpython/cross-build/emsdk/6.0.9/emsdk/upstream/emscripten/emcc -c -fno-omit-frame-pointer -mno-omit-leaf-frame-pointer  -fno-strict-overflow -Wsign-compare -Wunreachable-code -DNDEBUG -g -O3 -Wall -DPY_CALL_TRAMPOLINE -sUSE_BZIP2   -std=c11 -Wextra -Wno-unused-parameter -Wno-missing-field-initializers -Wstrict-prototypes -Werror=implicit-function-declaration -fvisibility=hidden  -I../../../../Include/internal -I../../../../Include/internal/mimalloc -IObjects -IInclude -IPython -I. -I../../../../Include   -fPIC -DPy_BUILD_CORE -o Python/getcompiler.o ../../../../Python/getcompiler.c
/workspaces/MyPython/cpython/cross-build/emsdk/6.0.9/emsdk/upstream/emscripten/emcc -c -fno-omit-frame-pointer -mno-omit-leaf-frame-pointer  -fno-strict-overflow -Wsign-compare -Wunreachable-code -DNDEBUG -g -O3 -Wall -DPY_CALL_TRAMPOLINE -sUSE_BZIP2   -std=c11 -Wextra -Wno-unused-parameter -Wno-missing-field-initializers -Wstrict-prototypes -Werror=implicit-function-declaration -fvisibility=hidden  -I../../../../Include/internal -I../../../../Include/internal/mimalloc -IObjects -IInclude -IPython -I. -I../../../../Include   -fPIC -DPy_BUILD_CORE -o Python/getcopyright.o ../../../../Python/getcopyright.c
/workspaces/MyPython/cpython/cross-build/emsdk/6.0.9/emsdk/upstream/emscripten/emcc -c -fno-omit-frame-pointer -mno-omit-leaf-frame-pointer  -fno-strict-overflow -Wsign-compare -Wunreachable-code -DNDEBUG -g -O3 -Wall -DPY_CALL_TRAMPOLINE -sUSE_BZIP2   -std=c11 -Wextra -Wno-unused-parameter -Wno-missing-field-initializers -Wstrict-prototypes -Werror=implicit-function-declaration -fvisibility=hidden  -I../../../../Include/internal -I../../../../Include/internal/mimalloc -IObjects -IInclude -IPython -I. -I../../../../Include   -fPIC -DPy_BUILD_CORE -DPLATFORM='"emscripten"' -o Python/getplatform.o ../../../../Python/getplatform.c
/workspaces/MyPython/cpython/cross-build/emsdk/6.0.9/emsdk/upstream/emscripten/emcc -c -fno-omit-frame-pointer -mno-omit-leaf-frame-pointer  -fno-strict-overflow -Wsign-compare -Wunreachable-code -DNDEBUG -g -O3 -Wall -DPY_CALL_TRAMPOLINE -sUSE_BZIP2   -std=c11 -Wextra -Wno-unused-parameter -Wno-missing-field-initializers -Wstrict-prototypes -Werror=implicit-function-declaration -fvisibility=hidden  -I../../../../Include/internal -I../../../../Include/internal/mimalloc -IObjects -IInclude -IPython -I. -I../../../../Include   -fPIC -DPy_BUILD_CORE -o Python/getversion.o ../../../../Python/getversion.c
/workspaces/MyPython/cpython/cross-build/emsdk/6.0.9/emsdk/upstream/emscripten/emcc -c -fno-omit-frame-pointer -mno-omit-leaf-frame-pointer  -fno-strict-overflow -Wsign-compare -Wunreachable-code -DNDEBUG -g -O3 -Wall -DPY_CALL_TRAMPOLINE -sUSE_BZIP2   -std=c11 -Wextra -Wno-unused-parameter -Wno-missing-field-initializers -Wstrict-prototypes -Werror=implicit-function-declaration -fvisibility=hidden  -I../../../../Include/internal -I../../../../Include/internal/mimalloc -IObjects -IInclude -IPython -I. -I../../../../Include   -fPIC -DPy_BUILD_CORE -o Python/ceval_gil.o ../../../../Python/ceval_gil.c
/workspaces/MyPython/cpython/cross-build/emsdk/6.0.9/emsdk/upstream/emscripten/emcc -c -fno-omit-frame-pointer -mno-omit-leaf-frame-pointer  -fno-strict-overflow -Wsign-compare -Wunreachable-code -DNDEBUG -g -O3 -Wall -DPY_CALL_TRAMPOLINE -sUSE_BZIP2   -std=c11 -Wextra -Wno-unused-parameter -Wno-missing-field-initializers -Wstrict-prototypes -Werror=implicit-function-declaration -fvisibility=hidden  -I../../../../Include/internal -I../../../../Include/internal/mimalloc -IObjects -IInclude -IPython -I. -I../../../../Include   -fPIC -DPy_BUILD_CORE -o Python/hamt.o ../../../../Python/hamt.c
/workspaces/MyPython/cpython/cross-build/emsdk/6.0.9/emsdk/upstream/emscripten/emcc -c -fno-omit-frame-pointer -mno-omit-leaf-frame-pointer  -fno-strict-overflow -Wsign-compare -Wunreachable-code -DNDEBUG -g -O3 -Wall -DPY_CALL_TRAMPOLINE -sUSE_BZIP2   -std=c11 -Wextra -Wno-unused-parameter -Wno-missing-field-initializers -Wstrict-prototypes -Werror=implicit-function-declaration -fvisibility=hidden  -I../../../../Include/internal -I../../../../Include/internal/mimalloc -IObjects -IInclude -IPython -I. -I../../../../Include   -fPIC -DPy_BUILD_CORE -o Python/hashtable.o ../../../../Python/hashtable.c
/workspaces/MyPython/cpython/cross-build/emsdk/6.0.9/emsdk/upstream/emscripten/emcc -c -fno-omit-frame-pointer -mno-omit-leaf-frame-pointer  -fno-strict-overflow -Wsign-compare -Wunreachable-code -DNDEBUG -g -O3 -Wall -DPY_CALL_TRAMPOLINE -sUSE_BZIP2   -std=c11 -Wextra -Wno-unused-parameter -Wno-missing-field-initializers -Wstrict-prototypes -Werror=implicit-function-declaration -fvisibility=hidden  -I../../../../Include/internal -I../../../../Include/internal/mimalloc -IObjects -IInclude -IPython -I. -I../../../../Include   -fPIC -DPy_BUILD_CORE -o Python/import.o ../../../../Python/import.c
/workspaces/MyPython/cpython/cross-build/emsdk/6.0.9/emsdk/upstream/emscripten/emcc -c -fno-omit-frame-pointer -mno-omit-leaf-frame-pointer  -fno-strict-overflow -Wsign-compare -Wunreachable-code -DNDEBUG -g -O3 -Wall -DPY_CALL_TRAMPOLINE -sUSE_BZIP2   -std=c11 -Wextra -Wno-unused-parameter -Wno-missing-field-initializers -Wstrict-prototypes -Werror=implicit-function-declaration -fvisibility=hidden  -I../../../../Include/internal -I../../../../Include/internal/mimalloc -IObjects -IInclude -IPython -I. -I../../../../Include   -fPIC -DPy_BUILD_CORE -I. -o Python/importdl.o ../../../../Python/importdl.c
/workspaces/MyPython/cpython/cross-build/emsdk/6.0.9/emsdk/upstream/emscripten/emcc -c -fno-omit-frame-pointer -mno-omit-leaf-frame-pointer  -fno-strict-overflow -Wsign-compare -Wunreachable-code -DNDEBUG -g -O3 -Wall -DPY_CALL_TRAMPOLINE -sUSE_BZIP2   -std=c11 -Wextra -Wno-unused-parameter -Wno-missing-field-initializers -Wstrict-prototypes -Werror=implicit-function-declaration -fvisibility=hidden  -I../../../../Include/internal -I../../../../Include/internal/mimalloc -IObjects -IInclude -IPython -I. -I../../../../Include   -fPIC -DPy_BUILD_CORE -o Python/index_pool.o ../../../../Python/index_pool.c
/workspaces/MyPython/cpython/cross-build/emsdk/6.0.9/emsdk/upstream/emscripten/emcc -c -fno-omit-frame-pointer -mno-omit-leaf-frame-pointer  -fno-strict-overflow -Wsign-compare -Wunreachable-code -DNDEBUG -g -O3 -Wall -DPY_CALL_TRAMPOLINE -sUSE_BZIP2   -std=c11 -Wextra -Wno-unused-parameter -Wno-missing-field-initializers -Wstrict-prototypes -Werror=implicit-function-declaration -fvisibility=hidden  -I../../../../Include/internal -I../../../../Include/internal/mimalloc -IObjects -IInclude -IPython -I. -I../../../../Include   -fPIC -DPy_BUILD_CORE -o Python/initconfig.o ../../../../Python/initconfig.c
/workspaces/MyPython/cpython/cross-build/emsdk/6.0.9/emsdk/upstream/emscripten/emcc -c -fno-omit-frame-pointer -mno-omit-leaf-frame-pointer  -fno-strict-overflow -Wsign-compare -Wunreachable-code -DNDEBUG -g -O3 -Wall -DPY_CALL_TRAMPOLINE -sUSE_BZIP2   -std=c11 -Wextra -Wno-unused-parameter -Wno-missing-field-initializers -Wstrict-prototypes -Werror=implicit-function-declaration -fvisibility=hidden  -I../../../../Include/internal -I../../../../Include/internal/mimalloc -IObjects -IInclude -IPython -I. -I../../../../Include   -fPIC -DPy_BUILD_CORE -o Python/interpconfig.o ../../../../Python/interpconfig.c
/workspaces/MyPython/cpython/cross-build/emsdk/6.0.9/emsdk/upstream/emscripten/emcc -c -fno-omit-frame-pointer -mno-omit-leaf-frame-pointer  -fno-strict-overflow -Wsign-compare -Wunreachable-code -DNDEBUG -g -O3 -Wall -DPY_CALL_TRAMPOLINE -sUSE_BZIP2   -std=c11 -Wextra -Wno-unused-parameter -Wno-missing-field-initializers -Wstrict-prototypes -Werror=implicit-function-declaration -fvisibility=hidden  -I../../../../Include/internal -I../../../../Include/internal/mimalloc -IObjects -IInclude -IPython -I. -I../../../../Include   -fPIC -DPy_BUILD_CORE -o Python/instrumentation.o ../../../../Python/instrumentation.c
/workspaces/MyPython/cpython/cross-build/emsdk/6.0.9/emsdk/upstream/emscripten/emcc -c -fno-omit-frame-pointer -mno-omit-leaf-frame-pointer  -fno-strict-overflow -Wsign-compare -Wunreachable-code -DNDEBUG -g -O3 -Wall -DPY_CALL_TRAMPOLINE -sUSE_BZIP2   -std=c11 -Wextra -Wno-unused-parameter -Wno-missing-field-initializers -Wstrict-prototypes -Werror=implicit-function-declaration -fvisibility=hidden  -I../../../../Include/internal -I../../../../Include/internal/mimalloc -IObjects -IInclude -IPython -I. -I../../../../Include   -fPIC -DPy_BUILD_CORE -o Python/instruction_sequence.o ../../../../Python/instruction_sequence.c
/workspaces/MyPython/cpython/cross-build/emsdk/6.0.9/emsdk/upstream/emscripten/emcc -c -fno-omit-frame-pointer -mno-omit-leaf-frame-pointer  -fno-strict-overflow -Wsign-compare -Wunreachable-code -DNDEBUG -g -O3 -Wall -DPY_CALL_TRAMPOLINE -sUSE_BZIP2   -std=c11 -Wextra -Wno-unused-parameter -Wno-missing-field-initializers -Wstrict-prototypes -Werror=implicit-function-declaration -fvisibility=hidden  -I../../../../Include/internal -I../../../../Include/internal/mimalloc -IObjects -IInclude -IPython -I. -I../../../../Include   -fPIC -DPy_BUILD_CORE -o Python/intrinsics.o ../../../../Python/intrinsics.c
/workspaces/MyPython/cpython/cross-build/emsdk/6.0.9/emsdk/upstream/emscripten/emcc -c -fno-omit-frame-pointer -mno-omit-leaf-frame-pointer  -fno-strict-overflow -Wsign-compare -Wunreachable-code -DNDEBUG -g -O3 -Wall -DPY_CALL_TRAMPOLINE -sUSE_BZIP2   -std=c11 -Wextra -Wno-unused-parameter -Wno-missing-field-initializers -Wstrict-prototypes -Werror=implicit-function-declaration -fvisibility=hidden  -I../../../../Include/internal -I../../../../Include/internal/mimalloc -IObjects -IInclude -IPython -I. -I../../../../Include   -fPIC -DPy_BUILD_CORE -o Python/jit.o ../../../../Python/jit.c
/workspaces/MyPython/cpython/cross-build/emsdk/6.0.9/emsdk/upstream/emscripten/emcc -c -fno-omit-frame-pointer -mno-omit-leaf-frame-pointer  -fno-strict-overflow -Wsign-compare -Wunreachable-code -DNDEBUG -g -O3 -Wall -DPY_CALL_TRAMPOLINE -sUSE_BZIP2   -std=c11 -Wextra -Wno-unused-parameter -Wno-missing-field-initializers -Wstrict-prototypes -Werror=implicit-function-declaration -fvisibility=hidden  -I../../../../Include/internal -I../../../../Include/internal/mimalloc -IObjects -IInclude -IPython -I. -I../../../../Include   -fPIC -DPy_BUILD_CORE -o Python/jit_publish.o ../../../../Python/jit_publish.c
/workspaces/MyPython/cpython/cross-build/emsdk/6.0.9/emsdk/upstream/emscripten/emcc -c -fno-omit-frame-pointer -mno-omit-leaf-frame-pointer  -fno-strict-overflow -Wsign-compare -Wunreachable-code -DNDEBUG -g -O3 -Wall -DPY_CALL_TRAMPOLINE -sUSE_BZIP2   -std=c11 -Wextra -Wno-unused-parameter -Wno-missing-field-initializers -Wstrict-prototypes -Werror=implicit-function-declaration -fvisibility=hidden  -I../../../../Include/internal -I../../../../Include/internal/mimalloc -IObjects -IInclude -IPython -I. -I../../../../Include   -fPIC -DPy_BUILD_CORE -o Python/legacy_tracing.o ../../../../Python/legacy_tracing.c
/workspaces/MyPython/cpython/cross-build/emsdk/6.0.9/emsdk/upstream/emscripten/emcc -c -fno-omit-frame-pointer -mno-omit-leaf-frame-pointer  -fno-strict-overflow -Wsign-compare -Wunreachable-code -DNDEBUG -g -O3 -Wall -DPY_CALL_TRAMPOLINE -sUSE_BZIP2   -std=c11 -Wextra -Wno-unused-parameter -Wno-missing-field-initializers -Wstrict-prototypes -Werror=implicit-function-declaration -fvisibility=hidden  -I../../../../Include/internal -I../../../../Include/internal/mimalloc -IObjects -IInclude -IPython -I. -I../../../../Include   -fPIC -DPy_BUILD_CORE -o Python/lock.o ../../../../Python/lock.c
/workspaces/MyPython/cpython/cross-build/emsdk/6.0.9/emsdk/upstream/emscripten/emcc -c -fno-omit-frame-pointer -mno-omit-leaf-frame-pointer  -fno-strict-overflow -Wsign-compare -Wunreachable-code -DNDEBUG -g -O3 -Wall -DPY_CALL_TRAMPOLINE -sUSE_BZIP2   -std=c11 -Wextra -Wno-unused-parameter -Wno-missing-field-initializers -Wstrict-prototypes -Werror=implicit-function-declaration -fvisibility=hidden  -I../../../../Include/internal -I../../../../Include/internal/mimalloc -IObjects -IInclude -IPython -I. -I../../../../Include   -fPIC -DPy_BUILD_CORE -o Python/marshal.o ../../../../Python/marshal.c
/workspaces/MyPython/cpython/cross-build/emsdk/6.0.9/emsdk/upstream/emscripten/emcc -c -fno-omit-frame-pointer -mno-omit-leaf-frame-pointer  -fno-strict-overflow -Wsign-compare -Wunreachable-code -DNDEBUG -g -O3 -Wall -DPY_CALL_TRAMPOLINE -sUSE_BZIP2   -std=c11 -Wextra -Wno-unused-parameter -Wno-missing-field-initializers -Wstrict-prototypes -Werror=implicit-function-declaration -fvisibility=hidden  -I../../../../Include/internal -I../../../../Include/internal/mimalloc -IObjects -IInclude -IPython -I. -I../../../../Include   -fPIC -DPy_BUILD_CORE -o Python/modsupport.o ../../../../Python/modsupport.c
/workspaces/MyPython/cpython/cross-build/emsdk/6.0.9/emsdk/upstream/emscripten/emcc -c -fno-omit-frame-pointer -mno-omit-leaf-frame-pointer  -fno-strict-overflow -Wsign-compare -Wunreachable-code -DNDEBUG -g -O3 -Wall -DPY_CALL_TRAMPOLINE -sUSE_BZIP2   -std=c11 -Wextra -Wno-unused-parameter -Wno-missing-field-initializers -Wstrict-prototypes -Werror=implicit-function-declaration -fvisibility=hidden  -I../../../../Include/internal -I../../../../Include/internal/mimalloc -IObjects -IInclude -IPython -I. -I../../../../Include   -fPIC -DPy_BUILD_CORE -o Python/mysnprintf.o ../../../../Python/mysnprintf.c
/workspaces/MyPython/cpython/cross-build/emsdk/6.0.9/emsdk/upstream/emscripten/emcc -c -fno-omit-frame-pointer -mno-omit-leaf-frame-pointer  -fno-strict-overflow -Wsign-compare -Wunreachable-code -DNDEBUG -g -O3 -Wall -DPY_CALL_TRAMPOLINE -sUSE_BZIP2   -std=c11 -Wextra -Wno-unused-parameter -Wno-missing-field-initializers -Wstrict-prototypes -Werror=implicit-function-declaration -fvisibility=hidden  -I../../../../Include/internal -I../../../../Include/internal/mimalloc -IObjects -IInclude -IPython -I. -I../../../../Include   -fPIC -DPy_BUILD_CORE -o Python/mystrtoul.o ../../../../Python/mystrtoul.c
/workspaces/MyPython/cpython/cross-build/emsdk/6.0.9/emsdk/upstream/emscripten/emcc -c -fno-omit-frame-pointer -mno-omit-leaf-frame-pointer  -fno-strict-overflow -Wsign-compare -Wunreachable-code -DNDEBUG -g -O3 -Wall -DPY_CALL_TRAMPOLINE -sUSE_BZIP2   -std=c11 -Wextra -Wno-unused-parameter -Wno-missing-field-initializers -Wstrict-prototypes -Werror=implicit-function-declaration -fvisibility=hidden  -I../../../../Include/internal -I../../../../Include/internal/mimalloc -IObjects -IInclude -IPython -I. -I../../../../Include   -fPIC -DPy_BUILD_CORE -o Python/object_stack.o ../../../../Python/object_stack.c
/workspaces/MyPython/cpython/cross-build/emsdk/6.0.9/emsdk/upstream/emscripten/emcc -c -fno-omit-frame-pointer -mno-omit-leaf-frame-pointer  -fno-strict-overflow -Wsign-compare -Wunreachable-code -DNDEBUG -g -O3 -Wall -DPY_CALL_TRAMPOLINE -sUSE_BZIP2   -std=c11 -Wextra -Wno-unused-parameter -Wno-missing-field-initializers -Wstrict-prototypes -Werror=implicit-function-declaration -fvisibility=hidden  -I../../../../Include/internal -I../../../../Include/internal/mimalloc -IObjects -IInclude -IPython -I. -I../../../../Include   -fPIC -DPy_BUILD_CORE -o Python/optimizer.o ../../../../Python/optimizer.c
/workspaces/MyPython/cpython/cross-build/emsdk/6.0.9/emsdk/upstream/emscripten/emcc -c -fno-omit-frame-pointer -mno-omit-leaf-frame-pointer  -fno-strict-overflow -Wsign-compare -Wunreachable-code -DNDEBUG -g -O3 -Wall -DPY_CALL_TRAMPOLINE -sUSE_BZIP2   -std=c11 -Wextra -Wno-unused-parameter -Wno-missing-field-initializers -Wstrict-prototypes -Werror=implicit-function-declaration -fvisibility=hidden  -I../../../../Include/internal -I../../../../Include/internal/mimalloc -IObjects -IInclude -IPython -I. -I../../../../Include   -fPIC -DPy_BUILD_CORE -o Python/optimizer_analysis.o ../../../../Python/optimizer_analysis.c
/workspaces/MyPython/cpython/cross-build/emsdk/6.0.9/emsdk/upstream/emscripten/emcc -c -fno-omit-frame-pointer -mno-omit-leaf-frame-pointer  -fno-strict-overflow -Wsign-compare -Wunreachable-code -DNDEBUG -g -O3 -Wall -DPY_CALL_TRAMPOLINE -sUSE_BZIP2   -std=c11 -Wextra -Wno-unused-parameter -Wno-missing-field-initializers -Wstrict-prototypes -Werror=implicit-function-declaration -fvisibility=hidden  -I../../../../Include/internal -I../../../../Include/internal/mimalloc -IObjects -IInclude -IPython -I. -I../../../../Include   -fPIC -DPy_BUILD_CORE -o Python/optimizer_symbols.o ../../../../Python/optimizer_symbols.c
/workspaces/MyPython/cpython/cross-build/emsdk/6.0.9/emsdk/upstream/emscripten/emcc -c -fno-omit-frame-pointer -mno-omit-leaf-frame-pointer  -fno-strict-overflow -Wsign-compare -Wunreachable-code -DNDEBUG -g -O3 -Wall -DPY_CALL_TRAMPOLINE -sUSE_BZIP2   -std=c11 -Wextra -Wno-unused-parameter -Wno-missing-field-initializers -Wstrict-prototypes -Werror=implicit-function-declaration -fvisibility=hidden  -I../../../../Include/internal -I../../../../Include/internal/mimalloc -IObjects -IInclude -IPython -I. -I../../../../Include   -fPIC -DPy_BUILD_CORE -o Python/parking_lot.o ../../../../Python/parking_lot.c
/workspaces/MyPython/cpython/cross-build/emsdk/6.0.9/emsdk/upstream/emscripten/emcc -c -fno-omit-frame-pointer -mno-omit-leaf-frame-pointer  -fno-strict-overflow -Wsign-compare -Wunreachable-code -DNDEBUG -g -O3 -Wall -DPY_CALL_TRAMPOLINE -sUSE_BZIP2   -std=c11 -Wextra -Wno-unused-parameter -Wno-missing-field-initializers -Wstrict-prototypes -Werror=implicit-function-declaration -fvisibility=hidden  -I../../../../Include/internal -I../../../../Include/internal/mimalloc -IObjects -IInclude -IPython -I. -I../../../../Include   -fPIC -DPy_BUILD_CORE -o Python/pathconfig.o ../../../../Python/pathconfig.c
/workspaces/MyPython/cpython/cross-build/emsdk/6.0.9/emsdk/upstream/emscripten/emcc -c -fno-omit-frame-pointer -mno-omit-leaf-frame-pointer  -fno-strict-overflow -Wsign-compare -Wunreachable-code -DNDEBUG -g -O3 -Wall -DPY_CALL_TRAMPOLINE -sUSE_BZIP2   -std=c11 -Wextra -Wno-unused-parameter -Wno-missing-field-initializers -Wstrict-prototypes -Werror=implicit-function-declaration -fvisibility=hidden  -I../../../../Include/internal -I../../../../Include/internal/mimalloc -IObjects -IInclude -IPython -I. -I../../../../Include   -fPIC -DPy_BUILD_CORE -o Python/preconfig.o ../../../../Python/preconfig.c
/workspaces/MyPython/cpython/cross-build/emsdk/6.0.9/emsdk/upstream/emscripten/emcc -c -fno-omit-frame-pointer -mno-omit-leaf-frame-pointer  -fno-strict-overflow -Wsign-compare -Wunreachable-code -DNDEBUG -g -O3 -Wall -DPY_CALL_TRAMPOLINE -sUSE_BZIP2   -std=c11 -Wextra -Wno-unused-parameter -Wno-missing-field-initializers -Wstrict-prototypes -Werror=implicit-function-declaration -fvisibility=hidden  -I../../../../Include/internal -I../../../../Include/internal/mimalloc -IObjects -IInclude -IPython -I. -I../../../../Include   -fPIC -DPy_BUILD_CORE -o Python/pyarena.o ../../../../Python/pyarena.c
/workspaces/MyPython/cpython/cross-build/emsdk/6.0.9/emsdk/upstream/emscripten/emcc -c -fno-omit-frame-pointer -mno-omit-leaf-frame-pointer  -fno-strict-overflow -Wsign-compare -Wunreachable-code -DNDEBUG -g -O3 -Wall -DPY_CALL_TRAMPOLINE -sUSE_BZIP2   -std=c11 -Wextra -Wno-unused-parameter -Wno-missing-field-initializers -Wstrict-prototypes -Werror=implicit-function-declaration -fvisibility=hidden  -I../../../../Include/internal -I../../../../Include/internal/mimalloc -IObjects -IInclude -IPython -I. -I../../../../Include   -fPIC -DPy_BUILD_CORE -o Python/pyctype.o ../../../../Python/pyctype.c
/workspaces/MyPython/cpython/cross-build/emsdk/6.0.9/emsdk/upstream/emscripten/emcc -c -fno-omit-frame-pointer -mno-omit-leaf-frame-pointer  -fno-strict-overflow -Wsign-compare -Wunreachable-code -DNDEBUG -g -O3 -Wall -DPY_CALL_TRAMPOLINE -sUSE_BZIP2   -std=c11 -Wextra -Wno-unused-parameter -Wno-missing-field-initializers -Wstrict-prototypes -Werror=implicit-function-declaration -fvisibility=hidden  -I../../../../Include/internal -I../../../../Include/internal/mimalloc -IObjects -IInclude -IPython -I. -I../../../../Include   -fPIC -DPy_BUILD_CORE -o Python/pyfpe.o ../../../../Python/pyfpe.c
/workspaces/MyPython/cpython/cross-build/emsdk/6.0.9/emsdk/upstream/emscripten/emcc -c -fno-omit-frame-pointer -mno-omit-leaf-frame-pointer  -fno-strict-overflow -Wsign-compare -Wunreachable-code -DNDEBUG -g -O3 -Wall -DPY_CALL_TRAMPOLINE -sUSE_BZIP2   -std=c11 -Wextra -Wno-unused-parameter -Wno-missing-field-initializers -Wstrict-prototypes -Werror=implicit-function-declaration -fvisibility=hidden  -I../../../../Include/internal -I../../../../Include/internal/mimalloc -IObjects -IInclude -IPython -I. -I../../../../Include   -fPIC -DPy_BUILD_CORE -o Python/pyhash.o ../../../../Python/pyhash.c
/workspaces/MyPython/cpython/cross-build/emsdk/6.0.9/emsdk/upstream/emscripten/emcc -c -fno-omit-frame-pointer -mno-omit-leaf-frame-pointer  -fno-strict-overflow -Wsign-compare -Wunreachable-code -DNDEBUG -g -O3 -Wall -DPY_CALL_TRAMPOLINE -sUSE_BZIP2   -std=c11 -Wextra -Wno-unused-parameter -Wno-missing-field-initializers -Wstrict-prototypes -Werror=implicit-function-declaration -fvisibility=hidden  -I../../../../Include/internal -I../../../../Include/internal/mimalloc -IObjects -IInclude -IPython -I. -I../../../../Include   -fPIC -DPy_BUILD_CORE -o Python/pylifecycle.o ../../../../Python/pylifecycle.c
/workspaces/MyPython/cpython/cross-build/emsdk/6.0.9/emsdk/upstream/emscripten/emcc -c -fno-omit-frame-pointer -mno-omit-leaf-frame-pointer  -fno-strict-overflow -Wsign-compare -Wunreachable-code -DNDEBUG -g -O3 -Wall -DPY_CALL_TRAMPOLINE -sUSE_BZIP2   -std=c11 -Wextra -Wno-unused-parameter -Wno-missing-field-initializers -Wstrict-prototypes -Werror=implicit-function-declaration -fvisibility=hidden  -I../../../../Include/internal -I../../../../Include/internal/mimalloc -IObjects -IInclude -IPython -I. -I../../../../Include   -fPIC -DPy_BUILD_CORE -o Python/pymath.o ../../../../Python/pymath.c
/workspaces/MyPython/cpython/cross-build/emsdk/6.0.9/emsdk/upstream/emscripten/emcc -c -fno-omit-frame-pointer -mno-omit-leaf-frame-pointer  -fno-strict-overflow -Wsign-compare -Wunreachable-code -DNDEBUG -g -O3 -Wall -DPY_CALL_TRAMPOLINE -sUSE_BZIP2   -std=c11 -Wextra -Wno-unused-parameter -Wno-missing-field-initializers -Wstrict-prototypes -Werror=implicit-function-declaration -fvisibility=hidden  -I../../../../Include/internal -I../../../../Include/internal/mimalloc -IObjects -IInclude -IPython -I. -I../../../../Include   -fPIC -DPy_BUILD_CORE -o Python/pystate.o ../../../../Python/pystate.c
/workspaces/MyPython/cpython/cross-build/emsdk/6.0.9/emsdk/upstream/emscripten/emcc -c -fno-omit-frame-pointer -mno-omit-leaf-frame-pointer  -fno-strict-overflow -Wsign-compare -Wunreachable-code -DNDEBUG -g -O3 -Wall -DPY_CALL_TRAMPOLINE -sUSE_BZIP2   -std=c11 -Wextra -Wno-unused-parameter -Wno-missing-field-initializers -Wstrict-prototypes -Werror=implicit-function-declaration -fvisibility=hidden  -I../../../../Include/internal -I../../../../Include/internal/mimalloc -IObjects -IInclude -IPython -I. -I../../../../Include   -fPIC -DPy_BUILD_CORE -o Python/pystats.o ../../../../Python/pystats.c
/workspaces/MyPython/cpython/cross-build/emsdk/6.0.9/emsdk/upstream/emscripten/emcc -c -fno-omit-frame-pointer -mno-omit-leaf-frame-pointer  -fno-strict-overflow -Wsign-compare -Wunreachable-code -DNDEBUG -g -O3 -Wall -DPY_CALL_TRAMPOLINE -sUSE_BZIP2   -std=c11 -Wextra -Wno-unused-parameter -Wno-missing-field-initializers -Wstrict-prototypes -Werror=implicit-function-declaration -fvisibility=hidden  -I../../../../Include/internal -I../../../../Include/internal/mimalloc -IObjects -IInclude -IPython -I. -I../../../../Include   -fPIC -DPy_BUILD_CORE -o Python/pythonrun.o ../../../../Python/pythonrun.c
/workspaces/MyPython/cpython/cross-build/emsdk/6.0.9/emsdk/upstream/emscripten/emcc -c -fno-omit-frame-pointer -mno-omit-leaf-frame-pointer  -fno-strict-overflow -Wsign-compare -Wunreachable-code -DNDEBUG -g -O3 -Wall -DPY_CALL_TRAMPOLINE -sUSE_BZIP2   -std=c11 -Wextra -Wno-unused-parameter -Wno-missing-field-initializers -Wstrict-prototypes -Werror=implicit-function-declaration -fvisibility=hidden  -I../../../../Include/internal -I../../../../Include/internal/mimalloc -IObjects -IInclude -IPython -I. -I../../../../Include   -fPIC -DPy_BUILD_CORE -o Python/pytime.o ../../../../Python/pytime.c
/workspaces/MyPython/cpython/cross-build/emsdk/6.0.9/emsdk/upstream/emscripten/emcc -c -fno-omit-frame-pointer -mno-omit-leaf-frame-pointer  -fno-strict-overflow -Wsign-compare -Wunreachable-code -DNDEBUG -g -O3 -Wall -DPY_CALL_TRAMPOLINE -sUSE_BZIP2   -std=c11 -Wextra -Wno-unused-parameter -Wno-missing-field-initializers -Wstrict-prototypes -Werror=implicit-function-declaration -fvisibility=hidden  -I../../../../Include/internal -I../../../../Include/internal/mimalloc -IObjects -IInclude -IPython -I. -I../../../../Include   -fPIC -DPy_BUILD_CORE -o Python/qsbr.o ../../../../Python/qsbr.c
/workspaces/MyPython/cpython/cross-build/emsdk/6.0.9/emsdk/upstream/emscripten/emcc -c -fno-omit-frame-pointer -mno-omit-leaf-frame-pointer  -fno-strict-overflow -Wsign-compare -Wunreachable-code -DNDEBUG -g -O3 -Wall -DPY_CALL_TRAMPOLINE -sUSE_BZIP2   -std=c11 -Wextra -Wno-unused-parameter -Wno-missing-field-initializers -Wstrict-prototypes -Werror=implicit-function-declaration -fvisibility=hidden  -I../../../../Include/internal -I../../../../Include/internal/mimalloc -IObjects -IInclude -IPython -I. -I../../../../Include   -fPIC -DPy_BUILD_CORE -o Python/bootstrap_hash.o ../../../../Python/bootstrap_hash.c
/workspaces/MyPython/cpython/cross-build/emsdk/6.0.9/emsdk/upstream/emscripten/emcc -c -fno-omit-frame-pointer -mno-omit-leaf-frame-pointer  -fno-strict-overflow -Wsign-compare -Wunreachable-code -DNDEBUG -g -O3 -Wall -DPY_CALL_TRAMPOLINE -sUSE_BZIP2   -std=c11 -Wextra -Wno-unused-parameter -Wno-missing-field-initializers -Wstrict-prototypes -Werror=implicit-function-declaration -fvisibility=hidden  -I../../../../Include/internal -I../../../../Include/internal/mimalloc -IObjects -IInclude -IPython -I. -I../../../../Include   -fPIC -DPy_BUILD_CORE -o Python/specialize.o ../../../../Python/specialize.c
/workspaces/MyPython/cpython/cross-build/emsdk/6.0.9/emsdk/upstream/emscripten/emcc -c -fno-omit-frame-pointer -mno-omit-leaf-frame-pointer  -fno-strict-overflow -Wsign-compare -Wunreachable-code -DNDEBUG -g -O3 -Wall -DPY_CALL_TRAMPOLINE -sUSE_BZIP2   -std=c11 -Wextra -Wno-unused-parameter -Wno-missing-field-initializers -Wstrict-prototypes -Werror=implicit-function-declaration -fvisibility=hidden  -I../../../../Include/internal -I../../../../Include/internal/mimalloc -IObjects -IInclude -IPython -I. -I../../../../Include   -fPIC -DPy_BUILD_CORE -o Python/slots.o ../../../../Python/slots.c
/workspaces/MyPython/cpython/cross-build/emsdk/6.0.9/emsdk/upstream/emscripten/emcc -c -fno-omit-frame-pointer -mno-omit-leaf-frame-pointer  -fno-strict-overflow -Wsign-compare -Wunreachable-code -DNDEBUG -g -O3 -Wall -DPY_CALL_TRAMPOLINE -sUSE_BZIP2   -std=c11 -Wextra -Wno-unused-parameter -Wno-missing-field-initializers -Wstrict-prototypes -Werror=implicit-function-declaration -fvisibility=hidden  -I../../../../Include/internal -I../../../../Include/internal/mimalloc -IObjects -IInclude -IPython -I. -I../../../../Include   -fPIC -DPy_BUILD_CORE -o Python/slots_generated.o ../../../../Python/slots_generated.c
/workspaces/MyPython/cpython/cross-build/emsdk/6.0.9/emsdk/upstream/emscripten/emcc -c -fno-omit-frame-pointer -mno-omit-leaf-frame-pointer  -fno-strict-overflow -Wsign-compare -Wunreachable-code -DNDEBUG -g -O3 -Wall -DPY_CALL_TRAMPOLINE -sUSE_BZIP2   -std=c11 -Wextra -Wno-unused-parameter -Wno-missing-field-initializers -Wstrict-prototypes -Werror=implicit-function-declaration -fvisibility=hidden  -I../../../../Include/internal -I../../../../Include/internal/mimalloc -IObjects -IInclude -IPython -I. -I../../../../Include   -fPIC -DPy_BUILD_CORE -o Python/stackrefs.o ../../../../Python/stackrefs.c
/workspaces/MyPython/cpython/cross-build/emsdk/6.0.9/emsdk/upstream/emscripten/emcc -c -fno-omit-frame-pointer -mno-omit-leaf-frame-pointer  -fno-strict-overflow -Wsign-compare -Wunreachable-code -DNDEBUG -g -O3 -Wall -DPY_CALL_TRAMPOLINE -sUSE_BZIP2   -std=c11 -Wextra -Wno-unused-parameter -Wno-missing-field-initializers -Wstrict-prototypes -Werror=implicit-function-declaration -fvisibility=hidden  -I../../../../Include/internal -I../../../../Include/internal/mimalloc -IObjects -IInclude -IPython -I. -I../../../../Include   -fPIC -DPy_BUILD_CORE -o Python/structmember.o ../../../../Python/structmember.c
/workspaces/MyPython/cpython/cross-build/emsdk/6.0.9/emsdk/upstream/emscripten/emcc -c -fno-omit-frame-pointer -mno-omit-leaf-frame-pointer  -fno-strict-overflow -Wsign-compare -Wunreachable-code -DNDEBUG -g -O3 -Wall -DPY_CALL_TRAMPOLINE -sUSE_BZIP2   -std=c11 -Wextra -Wno-unused-parameter -Wno-missing-field-initializers -Wstrict-prototypes -Werror=implicit-function-declaration -fvisibility=hidden  -I../../../../Include/internal -I../../../../Include/internal/mimalloc -IObjects -IInclude -IPython -I. -I../../../../Include   -fPIC -DPy_BUILD_CORE -o Python/symtable.o ../../../../Python/symtable.c
/workspaces/MyPython/cpython/cross-build/emsdk/6.0.9/emsdk/upstream/emscripten/emcc -c -fno-omit-frame-pointer -mno-omit-leaf-frame-pointer  -fno-strict-overflow -Wsign-compare -Wunreachable-code -DNDEBUG -g -O3 -Wall -DPY_CALL_TRAMPOLINE -sUSE_BZIP2   -std=c11 -Wextra -Wno-unused-parameter -Wno-missing-field-initializers -Wstrict-prototypes -Werror=implicit-function-declaration -fvisibility=hidden  -I../../../../Include/internal -I../../../../Include/internal/mimalloc -IObjects -IInclude -IPython -I. -I../../../../Include   -fPIC -DPy_BUILD_CORE \
	-DABIFLAGS='""' \
	-DMULTIARCH=\"wasm32-emscripten\" \
	-o Python/sysmodule.o ../../../../Python/sysmodule.c
../../../../Python/sysmodule.c:3926:9: warning: macro '__EMSCRIPTEN_major__' has been marked as deprecated: Use __EMSCRIPTEN_MAJOR__ instead [-Wdeprecated-pragma]
 3926 |         __EMSCRIPTEN_major__, __EMSCRIPTEN_minor__, __EMSCRIPTEN_tiny__);
      |         ^
/workspaces/MyPython/cpython/cross-build/emsdk/6.0.9/emsdk/upstream/emscripten/cache/sysroot/include/emscripten/version.h:10:82: note: macro marked 'deprecated' here
   10 | #pragma clang deprecated(__EMSCRIPTEN_major__, "Use __EMSCRIPTEN_MAJOR__ instead")
      |                                                                                  ^
../../../../Python/sysmodule.c:3926:31: warning: macro '__EMSCRIPTEN_minor__' has been marked as deprecated: Use __EMSCRIPTEN_MINOR__ instead [-Wdeprecated-pragma]
 3926 |         __EMSCRIPTEN_major__, __EMSCRIPTEN_minor__, __EMSCRIPTEN_tiny__);
      |                               ^
/workspaces/MyPython/cpython/cross-build/emsdk/6.0.9/emsdk/upstream/emscripten/cache/sysroot/include/emscripten/version.h:11:82: note: macro marked 'deprecated' here
   11 | #pragma clang deprecated(__EMSCRIPTEN_minor__, "Use __EMSCRIPTEN_MINOR__ instead")
      |                                                                                  ^
../../../../Python/sysmodule.c:3926:53: warning: macro '__EMSCRIPTEN_tiny__' has been marked as deprecated: Use __EMSCRIPTEN_TINY__ instead [-Wdeprecated-pragma]
 3926 |         __EMSCRIPTEN_major__, __EMSCRIPTEN_minor__, __EMSCRIPTEN_tiny__);
      |                                                     ^
/workspaces/MyPython/cpython/cross-build/emsdk/6.0.9/emsdk/upstream/emscripten/cache/sysroot/include/emscripten/version.h:12:80: note: macro marked 'deprecated' here
   12 | #pragma clang deprecated(__EMSCRIPTEN_tiny__, "Use __EMSCRIPTEN_TINY__ instead")
      |                                                                                ^
/workspaces/MyPython/cpython/cross-build/emsdk/6.0.9/emsdk/upstream/emscripten/emcc -c -fno-omit-frame-pointer -mno-omit-leaf-frame-pointer  -fno-strict-overflow -Wsign-compare -Wunreachable-code -DNDEBUG -g -O3 -Wall -DPY_CALL_TRAMPOLINE -sUSE_BZIP2   -std=c11 -Wextra -Wno-unused-parameter -Wno-missing-field-initializers -Wstrict-prototypes -Werror=implicit-function-declaration -fvisibility=hidden  -I../../../../Include/internal -I../../../../Include/internal/mimalloc -IObjects -IInclude -IPython -I. -I../../../../Include   -fPIC -DPy_BUILD_CORE -o Python/thread.o ../../../../Python/thread.c
3 warnings generated.
/workspaces/MyPython/cpython/cross-build/emsdk/6.0.9/emsdk/upstream/emscripten/emcc -c -fno-omit-frame-pointer -mno-omit-leaf-frame-pointer  -fno-strict-overflow -Wsign-compare -Wunreachable-code -DNDEBUG -g -O3 -Wall -DPY_CALL_TRAMPOLINE -sUSE_BZIP2   -std=c11 -Wextra -Wno-unused-parameter -Wno-missing-field-initializers -Wstrict-prototypes -Werror=implicit-function-declaration -fvisibility=hidden  -I../../../../Include/internal -I../../../../Include/internal/mimalloc -IObjects -IInclude -IPython -I. -I../../../../Include   -fPIC -DPy_BUILD_CORE -o Python/traceback.o ../../../../Python/traceback.c
/workspaces/MyPython/cpython/cross-build/emsdk/6.0.9/emsdk/upstream/emscripten/emcc -c -fno-omit-frame-pointer -mno-omit-leaf-frame-pointer  -fno-strict-overflow -Wsign-compare -Wunreachable-code -DNDEBUG -g -O3 -Wall -DPY_CALL_TRAMPOLINE -sUSE_BZIP2   -std=c11 -Wextra -Wno-unused-parameter -Wno-missing-field-initializers -Wstrict-prototypes -Werror=implicit-function-declaration -fvisibility=hidden  -I../../../../Include/internal -I../../../../Include/internal/mimalloc -IObjects -IInclude -IPython -I. -I../../../../Include   -fPIC -DPy_BUILD_CORE -o Python/tracemalloc.o ../../../../Python/tracemalloc.c
/workspaces/MyPython/cpython/cross-build/emsdk/6.0.9/emsdk/upstream/emscripten/emcc -c -fno-omit-frame-pointer -mno-omit-leaf-frame-pointer  -fno-strict-overflow -Wsign-compare -Wunreachable-code -DNDEBUG -g -O3 -Wall -DPY_CALL_TRAMPOLINE -sUSE_BZIP2   -std=c11 -Wextra -Wno-unused-parameter -Wno-missing-field-initializers -Wstrict-prototypes -Werror=implicit-function-declaration -fvisibility=hidden  -I../../../../Include/internal -I../../../../Include/internal/mimalloc -IObjects -IInclude -IPython -I. -I../../../../Include   -fPIC -DPy_BUILD_CORE -o Python/typecache.o ../../../../Python/typecache.c
/workspaces/MyPython/cpython/cross-build/emsdk/6.0.9/emsdk/upstream/emscripten/emcc -c -fno-omit-frame-pointer -mno-omit-leaf-frame-pointer  -fno-strict-overflow -Wsign-compare -Wunreachable-code -DNDEBUG -g -O3 -Wall -DPY_CALL_TRAMPOLINE -sUSE_BZIP2   -std=c11 -Wextra -Wno-unused-parameter -Wno-missing-field-initializers -Wstrict-prototypes -Werror=implicit-function-declaration -fvisibility=hidden  -I../../../../Include/internal -I../../../../Include/internal/mimalloc -IObjects -IInclude -IPython -I. -I../../../../Include   -fPIC -DPy_BUILD_CORE -o Python/uniqueid.o ../../../../Python/uniqueid.c
/workspaces/MyPython/cpython/cross-build/emsdk/6.0.9/emsdk/upstream/emscripten/emcc -c -fno-omit-frame-pointer -mno-omit-leaf-frame-pointer  -fno-strict-overflow -Wsign-compare -Wunreachable-code -DNDEBUG -g -O3 -Wall -DPY_CALL_TRAMPOLINE -sUSE_BZIP2   -std=c11 -Wextra -Wno-unused-parameter -Wno-missing-field-initializers -Wstrict-prototypes -Werror=implicit-function-declaration -fvisibility=hidden  -I../../../../Include/internal -I../../../../Include/internal/mimalloc -IObjects -IInclude -IPython -I. -I../../../../Include   -fPIC -DPy_BUILD_CORE -o Python/getopt.o ../../../../Python/getopt.c
/workspaces/MyPython/cpython/cross-build/emsdk/6.0.9/emsdk/upstream/emscripten/emcc -c -fno-omit-frame-pointer -mno-omit-leaf-frame-pointer  -fno-strict-overflow -Wsign-compare -Wunreachable-code -DNDEBUG -g -O3 -Wall -DPY_CALL_TRAMPOLINE -sUSE_BZIP2   -std=c11 -Wextra -Wno-unused-parameter -Wno-missing-field-initializers -Wstrict-prototypes -Werror=implicit-function-declaration -fvisibility=hidden  -I../../../../Include/internal -I../../../../Include/internal/mimalloc -IObjects -IInclude -IPython -I. -I../../../../Include   -fPIC -DPy_BUILD_CORE -o Python/pystrcmp.o ../../../../Python/pystrcmp.c
/workspaces/MyPython/cpython/cross-build/emsdk/6.0.9/emsdk/upstream/emscripten/emcc -c -fno-omit-frame-pointer -mno-omit-leaf-frame-pointer  -fno-strict-overflow -Wsign-compare -Wunreachable-code -DNDEBUG -g -O3 -Wall -DPY_CALL_TRAMPOLINE -sUSE_BZIP2   -std=c11 -Wextra -Wno-unused-parameter -Wno-missing-field-initializers -Wstrict-prototypes -Werror=implicit-function-declaration -fvisibility=hidden  -I../../../../Include/internal -I../../../../Include/internal/mimalloc -IObjects -IInclude -IPython -I. -I../../../../Include   -fPIC -DPy_BUILD_CORE -o Python/pystrtod.o ../../../../Python/pystrtod.c
/workspaces/MyPython/cpython/cross-build/emsdk/6.0.9/emsdk/upstream/emscripten/emcc -c -fno-omit-frame-pointer -mno-omit-leaf-frame-pointer  -fno-strict-overflow -Wsign-compare -Wunreachable-code -DNDEBUG -g -O3 -Wall -DPY_CALL_TRAMPOLINE -sUSE_BZIP2   -std=c11 -Wextra -Wno-unused-parameter -Wno-missing-field-initializers -Wstrict-prototypes -Werror=implicit-function-declaration -fvisibility=hidden  -I../../../../Include/internal -I../../../../Include/internal/mimalloc -IObjects -IInclude -IPython -I. -I../../../../Include   -fPIC -DPy_BUILD_CORE -o Python/pystrhex.o ../../../../Python/pystrhex.c
/workspaces/MyPython/cpython/cross-build/emsdk/6.0.9/emsdk/upstream/emscripten/emcc -c -fno-omit-frame-pointer -mno-omit-leaf-frame-pointer  -fno-strict-overflow -Wsign-compare -Wunreachable-code -DNDEBUG -g -O3 -Wall -DPY_CALL_TRAMPOLINE -sUSE_BZIP2   -std=c11 -Wextra -Wno-unused-parameter -Wno-missing-field-initializers -Wstrict-prototypes -Werror=implicit-function-declaration -fvisibility=hidden  -I../../../../Include/internal -I../../../../Include/internal/mimalloc -IObjects -IInclude -IPython -I. -I../../../../Include   -fPIC -DPy_BUILD_CORE -fno-strict-aliasing -o Python/dtoa.o ../../../../Python/dtoa.c
/workspaces/MyPython/cpython/cross-build/emsdk/6.0.9/emsdk/upstream/emscripten/emcc -c -fno-omit-frame-pointer -mno-omit-leaf-frame-pointer  -fno-strict-overflow -Wsign-compare -Wunreachable-code -DNDEBUG -g -O3 -Wall -DPY_CALL_TRAMPOLINE -sUSE_BZIP2   -std=c11 -Wextra -Wno-unused-parameter -Wno-missing-field-initializers -Wstrict-prototypes -Werror=implicit-function-declaration -fvisibility=hidden  -I../../../../Include/internal -I../../../../Include/internal/mimalloc -IObjects -IInclude -IPython -I. -I../../../../Include   -fPIC -DPy_BUILD_CORE -o Python/fileutils.o ../../../../Python/fileutils.c
/workspaces/MyPython/cpython/cross-build/emsdk/6.0.9/emsdk/upstream/emscripten/emcc -c -fno-omit-frame-pointer -mno-omit-leaf-frame-pointer  -fno-strict-overflow -Wsign-compare -Wunreachable-code -DNDEBUG -g -O3 -Wall -DPY_CALL_TRAMPOLINE -sUSE_BZIP2   -std=c11 -Wextra -Wno-unused-parameter -Wno-missing-field-initializers -Wstrict-prototypes -Werror=implicit-function-declaration -fvisibility=hidden  -I../../../../Include/internal -I../../../../Include/internal/mimalloc -IObjects -IInclude -IPython -I. -I../../../../Include   -fPIC -DPy_BUILD_CORE -o Python/suggestions.o ../../../../Python/suggestions.c
/workspaces/MyPython/cpython/cross-build/emsdk/6.0.9/emsdk/upstream/emscripten/emcc -c -fno-omit-frame-pointer -mno-omit-leaf-frame-pointer  -fno-strict-overflow -Wsign-compare -Wunreachable-code -DNDEBUG -g -O3 -Wall -DPY_CALL_TRAMPOLINE -sUSE_BZIP2   -std=c11 -Wextra -Wno-unused-parameter -Wno-missing-field-initializers -Wstrict-prototypes -Werror=implicit-function-declaration -fvisibility=hidden  -I../../../../Include/internal -I../../../../Include/internal/mimalloc -IObjects -IInclude -IPython -I. -I../../../../Include   -fPIC -DPy_BUILD_CORE -o Python/perf_trampoline.o ../../../../Python/perf_trampoline.c
/workspaces/MyPython/cpython/cross-build/emsdk/6.0.9/emsdk/upstream/emscripten/emcc -c -fno-omit-frame-pointer -mno-omit-leaf-frame-pointer  -fno-strict-overflow -Wsign-compare -Wunreachable-code -DNDEBUG -g -O3 -Wall -DPY_CALL_TRAMPOLINE -sUSE_BZIP2   -std=c11 -Wextra -Wno-unused-parameter -Wno-missing-field-initializers -Wstrict-prototypes -Werror=implicit-function-declaration -fvisibility=hidden  -I../../../../Include/internal -I../../../../Include/internal/mimalloc -IObjects -IInclude -IPython -I. -I../../../../Include   -fPIC -DPy_BUILD_CORE -o Python/perf_jit_trampoline.o ../../../../Python/perf_jit_trampoline.c
/workspaces/MyPython/cpython/cross-build/emsdk/6.0.9/emsdk/upstream/emscripten/emcc -c -fno-omit-frame-pointer -mno-omit-leaf-frame-pointer  -fno-strict-overflow -Wsign-compare -Wunreachable-code -DNDEBUG -g -O3 -Wall -DPY_CALL_TRAMPOLINE -sUSE_BZIP2   -std=c11 -Wextra -Wno-unused-parameter -Wno-missing-field-initializers -Wstrict-prototypes -Werror=implicit-function-declaration -fvisibility=hidden  -I../../../../Include/internal -I../../../../Include/internal/mimalloc -IObjects -IInclude -IPython -I. -I../../../../Include   -fPIC -DPy_BUILD_CORE -o Python/jit_unwind.o ../../../../Python/jit_unwind.c
/workspaces/MyPython/cpython/cross-build/emsdk/6.0.9/emsdk/upstream/emscripten/emcc -c -fno-omit-frame-pointer -mno-omit-leaf-frame-pointer  -fno-strict-overflow -Wsign-compare -Wunreachable-code -DNDEBUG -g -O3 -Wall -DPY_CALL_TRAMPOLINE -sUSE_BZIP2   -std=c11 -Wextra -Wno-unused-parameter -Wno-missing-field-initializers -Wstrict-prototypes -Werror=implicit-function-declaration -fvisibility=hidden  -I../../../../Include/internal -I../../../../Include/internal/mimalloc -IObjects -IInclude -IPython -I. -I../../../../Include   -fPIC -DPy_BUILD_CORE -o Python/remote_debugging.o ../../../../Python/remote_debugging.c
/workspaces/MyPython/cpython/cross-build/emsdk/6.0.9/emsdk/upstream/emscripten/emcc -c -fno-omit-frame-pointer -mno-omit-leaf-frame-pointer  -fno-strict-overflow -Wsign-compare -Wunreachable-code -DNDEBUG -g -O3 -Wall -DPY_CALL_TRAMPOLINE -sUSE_BZIP2   -std=c11 -Wextra -Wno-unused-parameter -Wno-missing-field-initializers -Wstrict-prototypes -Werror=implicit-function-declaration -fvisibility=hidden  -I../../../../Include/internal -I../../../../Include/internal/mimalloc -IObjects -IInclude -IPython -I. -I../../../../Include   -fPIC -DPy_BUILD_CORE \
	-DSOABI='"cpython-316-wasm32-emscripten"' \
	-o Python/dynload_shlib.o ../../../../Python/dynload_shlib.c
/workspaces/MyPython/cpython/cross-build/emsdk/6.0.9/emsdk/upstream/emscripten/emcc -c -fno-omit-frame-pointer -mno-omit-leaf-frame-pointer  -fno-strict-overflow -Wsign-compare -Wunreachable-code -DNDEBUG -g -O3 -Wall -DPY_CALL_TRAMPOLINE -sUSE_BZIP2   -std=c11 -Wextra -Wno-unused-parameter -Wno-missing-field-initializers -Wstrict-prototypes -Werror=implicit-function-declaration -fvisibility=hidden  -I../../../../Include/internal -I../../../../Include/internal/mimalloc -IObjects -IInclude -IPython -I. -I../../../../Include   -fPIC -DPy_BUILD_CORE -o Python/emscripten_signal.o ../../../../Python/emscripten_signal.c
/workspaces/MyPython/cpython/cross-build/emsdk/6.0.9/emsdk/upstream/emscripten/emcc -c -fno-omit-frame-pointer -mno-omit-leaf-frame-pointer  -fno-strict-overflow -Wsign-compare -Wunreachable-code -DNDEBUG -g -O3 -Wall -DPY_CALL_TRAMPOLINE -sUSE_BZIP2   -std=c11 -Wextra -Wno-unused-parameter -Wno-missing-field-initializers -Wstrict-prototypes -Werror=implicit-function-declaration -fvisibility=hidden  -I../../../../Include/internal -I../../../../Include/internal/mimalloc -IObjects -IInclude -IPython -I. -I../../../../Include   -fPIC -DPy_BUILD_CORE -o Python/emscripten_trampoline.o ../../../../Python/emscripten_trampoline.c
# emcc has a path that ends with emsdk/upstream/emscripten/emcc, we're looking for emsdk/upstream/bin/clang.
$(em-config LLVM_ROOT)/clang -o Python/emscripten_trampoline_inner.wasm ../../../../Python/emscripten_trampoline_inner.c -mgc -O2 -Wl,--no-entry -Wl,--import-table -Wl,--import-memory -target wasm32-unknown-unknown -nostdlib
/workspaces/MyPython/cpython/cross-build/emsdk/6.0.9/emsdk/upstream/emscripten/emcc -c -fno-omit-frame-pointer -mno-omit-leaf-frame-pointer  -fno-strict-overflow -Wsign-compare -Wunreachable-code -DNDEBUG -g -O3 -Wall -DPY_CALL_TRAMPOLINE -sUSE_BZIP2   -std=c11 -Wextra -Wno-unused-parameter -Wno-missing-field-initializers -Wstrict-prototypes -Werror=implicit-function-declaration -fvisibility=hidden  -I../../../../Include/internal -I../../../../Include/internal/mimalloc -IObjects -IInclude -IPython -I. -I../../../../Include   -fPIC -DPy_BUILD_CORE -o Python/emscripten_syscalls.o ../../../../Python/emscripten_syscalls.c
/workspaces/MyPython/cpython/cross-build/emsdk/6.0.9/emsdk/upstream/emscripten/emcc -c -fno-omit-frame-pointer -mno-omit-leaf-frame-pointer  -fno-strict-overflow -Wsign-compare -Wunreachable-code -DNDEBUG -g -O3 -Wall -DPY_CALL_TRAMPOLINE -sUSE_BZIP2   -std=c11 -Wextra -Wno-unused-parameter -Wno-missing-field-initializers -Wstrict-prototypes -Werror=implicit-function-declaration -fvisibility=hidden  -I../../../../Include/internal -I../../../../Include/internal/mimalloc -IObjects -IInclude -IPython -I. -I../../../../Include   -fPIC -DPy_BUILD_CORE -o Modules/config.o Modules/config.c
/workspaces/MyPython/cpython/cross-build/emsdk/6.0.9/emsdk/upstream/emscripten/emcc -c -fno-omit-frame-pointer -mno-omit-leaf-frame-pointer  -fno-strict-overflow -Wsign-compare -Wunreachable-code -DNDEBUG -g -O3 -Wall -DPY_CALL_TRAMPOLINE -sUSE_BZIP2   -std=c11 -Wextra -Wno-unused-parameter -Wno-missing-field-initializers -Wstrict-prototypes -Werror=implicit-function-declaration -fvisibility=hidden  -I../../../../Include/internal -I../../../../Include/internal/mimalloc -IObjects -IInclude -IPython -I. -I../../../../Include   -fPIC -DPy_BUILD_CORE -o Modules/main.o ../../../../Modules/main.c
/workspaces/MyPython/cpython/cross-build/emsdk/6.0.9/emsdk/upstream/emscripten/emcc -c -fno-omit-frame-pointer -mno-omit-leaf-frame-pointer  -fno-strict-overflow -Wsign-compare -Wunreachable-code -DNDEBUG -g -O3 -Wall -DPY_CALL_TRAMPOLINE -sUSE_BZIP2   -std=c11 -Wextra -Wno-unused-parameter -Wno-missing-field-initializers -Wstrict-prototypes -Werror=implicit-function-declaration -fvisibility=hidden  -I../../../../Include/internal -I../../../../Include/internal/mimalloc -IObjects -IInclude -IPython -I. -I../../../../Include   -fPIC -DPy_BUILD_CORE -o Modules/gcmodule.o ../../../../Modules/gcmodule.c
/workspaces/MyPython/cpython/cross-build/emsdk/6.0.9/emsdk/upstream/emscripten/emcc  -fno-omit-frame-pointer -mno-omit-leaf-frame-pointer  -fno-strict-overflow -Wsign-compare -Wunreachable-code -DNDEBUG -g -O3 -Wall -DPY_CALL_TRAMPOLINE -sUSE_BZIP2   -std=c11 -Wextra -Wno-unused-parameter -Wno-missing-field-initializers -Wstrict-prototypes -Werror=implicit-function-declaration -fvisibility=hidden  -I../../../../Include/internal -I../../../../Include/internal/mimalloc -IObjects -IInclude -IPython -I. -I../../../../Include   -fPIC -DPy_BUILD_CORE_BUILTIN -c ../../../../Modules/arraymodule.c -o Modules/arraymodule.o
/workspaces/MyPython/cpython/cross-build/emsdk/6.0.9/emsdk/upstream/emscripten/emcc  -fno-omit-frame-pointer -mno-omit-leaf-frame-pointer  -fno-strict-overflow -Wsign-compare -Wunreachable-code -DNDEBUG -g -O3 -Wall -DPY_CALL_TRAMPOLINE -sUSE_BZIP2   -std=c11 -Wextra -Wno-unused-parameter -Wno-missing-field-initializers -Wstrict-prototypes -Werror=implicit-function-declaration -fvisibility=hidden  -I../../../../Include/internal -I../../../../Include/internal/mimalloc -IObjects -IInclude -IPython -I. -I../../../../Include   -fPIC -DPy_BUILD_CORE_BUILTIN -c ../../../../Modules/_bisectmodule.c -o Modules/_bisectmodule.o
/workspaces/MyPython/cpython/cross-build/emsdk/6.0.9/emsdk/upstream/emscripten/emcc  -fno-omit-frame-pointer -mno-omit-leaf-frame-pointer  -fno-strict-overflow -Wsign-compare -Wunreachable-code -DNDEBUG -g -O3 -Wall -DPY_CALL_TRAMPOLINE -sUSE_BZIP2   -std=c11 -Wextra -Wno-unused-parameter -Wno-missing-field-initializers -Wstrict-prototypes -Werror=implicit-function-declaration -fvisibility=hidden  -I../../../../Include/internal -I../../../../Include/internal/mimalloc -IObjects -IInclude -IPython -I. -I../../../../Include   -fPIC -DPy_BUILD_CORE_BUILTIN -c ../../../../Modules/_csv.c -o Modules/_csv.o
/workspaces/MyPython/cpython/cross-build/emsdk/6.0.9/emsdk/upstream/emscripten/emcc  -fno-omit-frame-pointer -mno-omit-leaf-frame-pointer  -fno-strict-overflow -Wsign-compare -Wunreachable-code -DNDEBUG -g -O3 -Wall -DPY_CALL_TRAMPOLINE -sUSE_BZIP2   -std=c11 -Wextra -Wno-unused-parameter -Wno-missing-field-initializers -Wstrict-prototypes -Werror=implicit-function-declaration -fvisibility=hidden  -I../../../../Include/internal -I../../../../Include/internal/mimalloc -IObjects -IInclude -IPython -I. -I../../../../Include   -fPIC -DPy_BUILD_CORE_BUILTIN -c ../../../../Modules/_heapqmodule.c -o Modules/_heapqmodule.o
/workspaces/MyPython/cpython/cross-build/emsdk/6.0.9/emsdk/upstream/emscripten/emcc  -fno-omit-frame-pointer -mno-omit-leaf-frame-pointer  -fno-strict-overflow -Wsign-compare -Wunreachable-code -DNDEBUG -g -O3 -Wall -DPY_CALL_TRAMPOLINE -sUSE_BZIP2   -std=c11 -Wextra -Wno-unused-parameter -Wno-missing-field-initializers -Wstrict-prototypes -Werror=implicit-function-declaration -fvisibility=hidden  -I../../../../Include/internal -I../../../../Include/internal/mimalloc -IObjects -IInclude -IPython -I. -I../../../../Include   -fPIC -DPy_BUILD_CORE_BUILTIN -c ../../../../Modules/_json.c -o Modules/_json.o
/workspaces/MyPython/cpython/cross-build/emsdk/6.0.9/emsdk/upstream/emscripten/emcc  -fno-omit-frame-pointer -mno-omit-leaf-frame-pointer  -fno-strict-overflow -Wsign-compare -Wunreachable-code -DNDEBUG -g -O3 -Wall -DPY_CALL_TRAMPOLINE -sUSE_BZIP2   -std=c11 -Wextra -Wno-unused-parameter -Wno-missing-field-initializers -Wstrict-prototypes -Werror=implicit-function-declaration -fvisibility=hidden  -I../../../../Include/internal -I../../../../Include/internal/mimalloc -IObjects -IInclude -IPython -I. -I../../../../Include   -fPIC -DPy_BUILD_CORE_BUILTIN -c ../../../../Modules/_lsprof.c -o Modules/_lsprof.o
/workspaces/MyPython/cpython/cross-build/emsdk/6.0.9/emsdk/upstream/emscripten/emcc  -fno-omit-frame-pointer -mno-omit-leaf-frame-pointer  -fno-strict-overflow -Wsign-compare -Wunreachable-code -DNDEBUG -g -O3 -Wall -DPY_CALL_TRAMPOLINE -sUSE_BZIP2   -std=c11 -Wextra -Wno-unused-parameter -Wno-missing-field-initializers -Wstrict-prototypes -Werror=implicit-function-declaration -fvisibility=hidden  -I../../../../Include/internal -I../../../../Include/internal/mimalloc -IObjects -IInclude -IPython -I. -I../../../../Include   -fPIC -DPy_BUILD_CORE_BUILTIN -c ../../../../Modules/rotatingtree.c -o Modules/rotatingtree.o
/workspaces/MyPython/cpython/cross-build/emsdk/6.0.9/emsdk/upstream/emscripten/emcc  -fno-omit-frame-pointer -mno-omit-leaf-frame-pointer  -fno-strict-overflow -Wsign-compare -Wunreachable-code -DNDEBUG -g -O3 -Wall -DPY_CALL_TRAMPOLINE -sUSE_BZIP2   -std=c11 -Wextra -Wno-unused-parameter -Wno-missing-field-initializers -Wstrict-prototypes -Werror=implicit-function-declaration -fvisibility=hidden  -I../../../../Include/internal -I../../../../Include/internal/mimalloc -IObjects -IInclude -IPython -I. -I../../../../Include   -fPIC -DPy_BUILD_CORE_BUILTIN -c ../../../../Modules/mathintegermodule.c -o Modules/mathintegermodule.o
/workspaces/MyPython/cpython/cross-build/emsdk/6.0.9/emsdk/upstream/emscripten/emcc  -fno-omit-frame-pointer -mno-omit-leaf-frame-pointer  -fno-strict-overflow -Wsign-compare -Wunreachable-code -DNDEBUG -g -O3 -Wall -DPY_CALL_TRAMPOLINE -sUSE_BZIP2   -std=c11 -Wextra -Wno-unused-parameter -Wno-missing-field-initializers -Wstrict-prototypes -Werror=implicit-function-declaration -fvisibility=hidden  -I../../../../Include/internal -I../../../../Include/internal/mimalloc -IObjects -IInclude -IPython -I. -I../../../../Include   -fPIC -DPy_BUILD_CORE_BUILTIN -c ../../../../Modules/_pickle.c -o Modules/_pickle.o
/workspaces/MyPython/cpython/cross-build/emsdk/6.0.9/emsdk/upstream/emscripten/emcc  -fno-omit-frame-pointer -mno-omit-leaf-frame-pointer  -fno-strict-overflow -Wsign-compare -Wunreachable-code -DNDEBUG -g -O3 -Wall -DPY_CALL_TRAMPOLINE -sUSE_BZIP2   -std=c11 -Wextra -Wno-unused-parameter -Wno-missing-field-initializers -Wstrict-prototypes -Werror=implicit-function-declaration -fvisibility=hidden  -I../../../../Include/internal -I../../../../Include/internal/mimalloc -IObjects -IInclude -IPython -I. -I../../../../Include   -fPIC -DPy_BUILD_CORE_BUILTIN -c ../../../../Modules/_queuemodule.c -o Modules/_queuemodule.o
/workspaces/MyPython/cpython/cross-build/emsdk/6.0.9/emsdk/upstream/emscripten/emcc  -fno-omit-frame-pointer -mno-omit-leaf-frame-pointer  -fno-strict-overflow -Wsign-compare -Wunreachable-code -DNDEBUG -g -O3 -Wall -DPY_CALL_TRAMPOLINE -sUSE_BZIP2   -std=c11 -Wextra -Wno-unused-parameter -Wno-missing-field-initializers -Wstrict-prototypes -Werror=implicit-function-declaration -fvisibility=hidden  -I../../../../Include/internal -I../../../../Include/internal/mimalloc -IObjects -IInclude -IPython -I. -I../../../../Include   -fPIC -DPy_BUILD_CORE_BUILTIN -c ../../../../Modules/_randommodule.c -o Modules/_randommodule.o
/workspaces/MyPython/cpython/cross-build/emsdk/6.0.9/emsdk/upstream/emscripten/emcc  -fno-omit-frame-pointer -mno-omit-leaf-frame-pointer  -fno-strict-overflow -Wsign-compare -Wunreachable-code -DNDEBUG -g -O3 -Wall -DPY_CALL_TRAMPOLINE -sUSE_BZIP2   -std=c11 -Wextra -Wno-unused-parameter -Wno-missing-field-initializers -Wstrict-prototypes -Werror=implicit-function-declaration -fvisibility=hidden  -I../../../../Include/internal -I../../../../Include/internal/mimalloc -IObjects -IInclude -IPython -I. -I../../../../Include   -fPIC -DPy_BUILD_CORE_BUILTIN -c ../../../../Modules/_remote_debugging/module.c -o Modules/_remote_debugging/module.o
/workspaces/MyPython/cpython/cross-build/emsdk/6.0.9/emsdk/upstream/emscripten/emcc  -fno-omit-frame-pointer -mno-omit-leaf-frame-pointer  -fno-strict-overflow -Wsign-compare -Wunreachable-code -DNDEBUG -g -O3 -Wall -DPY_CALL_TRAMPOLINE -sUSE_BZIP2   -std=c11 -Wextra -Wno-unused-parameter -Wno-missing-field-initializers -Wstrict-prototypes -Werror=implicit-function-declaration -fvisibility=hidden  -I../../../../Include/internal -I../../../../Include/internal/mimalloc -IObjects -IInclude -IPython -I. -I../../../../Include   -fPIC -DPy_BUILD_CORE_BUILTIN -c ../../../../Modules/_remote_debugging/gc_stats.c -o Modules/_remote_debugging/gc_stats.o
/workspaces/MyPython/cpython/cross-build/emsdk/6.0.9/emsdk/upstream/emscripten/emcc  -fno-omit-frame-pointer -mno-omit-leaf-frame-pointer  -fno-strict-overflow -Wsign-compare -Wunreachable-code -DNDEBUG -g -O3 -Wall -DPY_CALL_TRAMPOLINE -sUSE_BZIP2   -std=c11 -Wextra -Wno-unused-parameter -Wno-missing-field-initializers -Wstrict-prototypes -Werror=implicit-function-declaration -fvisibility=hidden  -I../../../../Include/internal -I../../../../Include/internal/mimalloc -IObjects -IInclude -IPython -I. -I../../../../Include   -fPIC -DPy_BUILD_CORE_BUILTIN -c ../../../../Modules/_remote_debugging/object_reading.c -o Modules/_remote_debugging/object_reading.o
/workspaces/MyPython/cpython/cross-build/emsdk/6.0.9/emsdk/upstream/emscripten/emcc  -fno-omit-frame-pointer -mno-omit-leaf-frame-pointer  -fno-strict-overflow -Wsign-compare -Wunreachable-code -DNDEBUG -g -O3 -Wall -DPY_CALL_TRAMPOLINE -sUSE_BZIP2   -std=c11 -Wextra -Wno-unused-parameter -Wno-missing-field-initializers -Wstrict-prototypes -Werror=implicit-function-declaration -fvisibility=hidden  -I../../../../Include/internal -I../../../../Include/internal/mimalloc -IObjects -IInclude -IPython -I. -I../../../../Include   -fPIC -DPy_BUILD_CORE_BUILTIN -c ../../../../Modules/_remote_debugging/code_objects.c -o Modules/_remote_debugging/code_objects.o
/workspaces/MyPython/cpython/cross-build/emsdk/6.0.9/emsdk/upstream/emscripten/emcc  -fno-omit-frame-pointer -mno-omit-leaf-frame-pointer  -fno-strict-overflow -Wsign-compare -Wunreachable-code -DNDEBUG -g -O3 -Wall -DPY_CALL_TRAMPOLINE -sUSE_BZIP2   -std=c11 -Wextra -Wno-unused-parameter -Wno-missing-field-initializers -Wstrict-prototypes -Werror=implicit-function-declaration -fvisibility=hidden  -I../../../../Include/internal -I../../../../Include/internal/mimalloc -IObjects -IInclude -IPython -I. -I../../../../Include   -fPIC -DPy_BUILD_CORE_BUILTIN -c ../../../../Modules/_remote_debugging/frames.c -o Modules/_remote_debugging/frames.o
/workspaces/MyPython/cpython/cross-build/emsdk/6.0.9/emsdk/upstream/emscripten/emcc  -fno-omit-frame-pointer -mno-omit-leaf-frame-pointer  -fno-strict-overflow -Wsign-compare -Wunreachable-code -DNDEBUG -g -O3 -Wall -DPY_CALL_TRAMPOLINE -sUSE_BZIP2   -std=c11 -Wextra -Wno-unused-parameter -Wno-missing-field-initializers -Wstrict-prototypes -Werror=implicit-function-declaration -fvisibility=hidden  -I../../../../Include/internal -I../../../../Include/internal/mimalloc -IObjects -IInclude -IPython -I. -I../../../../Include   -fPIC -DPy_BUILD_CORE_BUILTIN -c ../../../../Modules/_remote_debugging/frame_cache.c -o Modules/_remote_debugging/frame_cache.o
/workspaces/MyPython/cpython/cross-build/emsdk/6.0.9/emsdk/upstream/emscripten/emcc  -fno-omit-frame-pointer -mno-omit-leaf-frame-pointer  -fno-strict-overflow -Wsign-compare -Wunreachable-code -DNDEBUG -g -O3 -Wall -DPY_CALL_TRAMPOLINE -sUSE_BZIP2   -std=c11 -Wextra -Wno-unused-parameter -Wno-missing-field-initializers -Wstrict-prototypes -Werror=implicit-function-declaration -fvisibility=hidden  -I../../../../Include/internal -I../../../../Include/internal/mimalloc -IObjects -IInclude -IPython -I. -I../../../../Include   -fPIC -DPy_BUILD_CORE_BUILTIN -c ../../../../Modules/_remote_debugging/threads.c -o Modules/_remote_debugging/threads.o
/workspaces/MyPython/cpython/cross-build/emsdk/6.0.9/emsdk/upstream/emscripten/emcc  -fno-omit-frame-pointer -mno-omit-leaf-frame-pointer  -fno-strict-overflow -Wsign-compare -Wunreachable-code -DNDEBUG -g -O3 -Wall -DPY_CALL_TRAMPOLINE -sUSE_BZIP2   -std=c11 -Wextra -Wno-unused-parameter -Wno-missing-field-initializers -Wstrict-prototypes -Werror=implicit-function-declaration -fvisibility=hidden  -I../../../../Include/internal -I../../../../Include/internal/mimalloc -IObjects -IInclude -IPython -I. -I../../../../Include   -fPIC -DPy_BUILD_CORE_BUILTIN -c ../../../../Modules/_remote_debugging/asyncio.c -o Modules/_remote_debugging/asyncio.o
/workspaces/MyPython/cpython/cross-build/emsdk/6.0.9/emsdk/upstream/emscripten/emcc  -fno-omit-frame-pointer -mno-omit-leaf-frame-pointer  -fno-strict-overflow -Wsign-compare -Wunreachable-code -DNDEBUG -g -O3 -Wall -DPY_CALL_TRAMPOLINE -sUSE_BZIP2   -std=c11 -Wextra -Wno-unused-parameter -Wno-missing-field-initializers -Wstrict-prototypes -Werror=implicit-function-declaration -fvisibility=hidden  -I../../../../Include/internal -I../../../../Include/internal/mimalloc -IObjects -IInclude -IPython -I. -I../../../../Include   -fPIC -DPy_BUILD_CORE_BUILTIN -c ../../../../Modules/_remote_debugging/binary_io_writer.c -o Modules/_remote_debugging/binary_io_writer.o
/workspaces/MyPython/cpython/cross-build/emsdk/6.0.9/emsdk/upstream/emscripten/emcc  -fno-omit-frame-pointer -mno-omit-leaf-frame-pointer  -fno-strict-overflow -Wsign-compare -Wunreachable-code -DNDEBUG -g -O3 -Wall -DPY_CALL_TRAMPOLINE -sUSE_BZIP2   -std=c11 -Wextra -Wno-unused-parameter -Wno-missing-field-initializers -Wstrict-prototypes -Werror=implicit-function-declaration -fvisibility=hidden  -I../../../../Include/internal -I../../../../Include/internal/mimalloc -IObjects -IInclude -IPython -I. -I../../../../Include   -fPIC -DPy_BUILD_CORE_BUILTIN -c ../../../../Modules/_remote_debugging/binary_io_reader.c -o Modules/_remote_debugging/binary_io_reader.o
/workspaces/MyPython/cpython/cross-build/emsdk/6.0.9/emsdk/upstream/emscripten/emcc  -fno-omit-frame-pointer -mno-omit-leaf-frame-pointer  -fno-strict-overflow -Wsign-compare -Wunreachable-code -DNDEBUG -g -O3 -Wall -DPY_CALL_TRAMPOLINE -sUSE_BZIP2   -std=c11 -Wextra -Wno-unused-parameter -Wno-missing-field-initializers -Wstrict-prototypes -Werror=implicit-function-declaration -fvisibility=hidden  -I../../../../Include/internal -I../../../../Include/internal/mimalloc -IObjects -IInclude -IPython -I. -I../../../../Include   -fPIC -DPy_BUILD_CORE_BUILTIN -c ../../../../Modules/_remote_debugging/subprocess.c -o Modules/_remote_debugging/subprocess.o
../../../../Modules/_remote_debugging/binary_io_reader.c:1250:55: warning: comparison of integers of different signs: 'Py_ssize_t' (aka 'long') and 'uint32_t' (aka 'unsigned int') [-Wsign-compare]
 1250 |             if (replayed % PROGRESS_CALLBACK_INTERVAL < count) {
      |                 ~~~~~~~~~~~~~~~~~~~~~~~~~~~~~~~~~~~~~ ^ ~~~~~
1 warning generated.
/workspaces/MyPython/cpython/cross-build/emsdk/6.0.9/emsdk/upstream/emscripten/emcc  -fno-omit-frame-pointer -mno-omit-leaf-frame-pointer  -fno-strict-overflow -Wsign-compare -Wunreachable-code -DNDEBUG -g -O3 -Wall -DPY_CALL_TRAMPOLINE -sUSE_BZIP2   -std=c11 -Wextra -Wno-unused-parameter -Wno-missing-field-initializers -Wstrict-prototypes -Werror=implicit-function-declaration -fvisibility=hidden  -I../../../../Include/internal -I../../../../Include/internal/mimalloc -IObjects -IInclude -IPython -I. -I../../../../Include   -fPIC -DPy_BUILD_CORE_BUILTIN -c ../../../../Modules/_remote_debugging/interpreters.c -o Modules/_remote_debugging/interpreters.o
/workspaces/MyPython/cpython/cross-build/emsdk/6.0.9/emsdk/upstream/emscripten/emcc  -fno-omit-frame-pointer -mno-omit-leaf-frame-pointer  -fno-strict-overflow -Wsign-compare -Wunreachable-code -DNDEBUG -g -O3 -Wall -DPY_CALL_TRAMPOLINE -sUSE_BZIP2   -std=c11 -Wextra -Wno-unused-parameter -Wno-missing-field-initializers -Wstrict-prototypes -Werror=implicit-function-declaration -fvisibility=hidden  -I../../../../Include/internal -I../../../../Include/internal/mimalloc -IObjects -IInclude -IPython -I. -I../../../../Include   -fPIC -DPy_BUILD_CORE_BUILTIN -c ../../../../Modules/_struct.c -o Modules/_struct.o
/workspaces/MyPython/cpython/cross-build/emsdk/6.0.9/emsdk/upstream/emscripten/emcc  -fno-omit-frame-pointer -mno-omit-leaf-frame-pointer  -fno-strict-overflow -Wsign-compare -Wunreachable-code -DNDEBUG -g -O3 -Wall -DPY_CALL_TRAMPOLINE -sUSE_BZIP2   -std=c11 -Wextra -Wno-unused-parameter -Wno-missing-field-initializers -Wstrict-prototypes -Werror=implicit-function-declaration -fvisibility=hidden  -I../../../../Include/internal -I../../../../Include/internal/mimalloc -IObjects -IInclude -IPython -I. -I../../../../Include   -fPIC -DPy_BUILD_CORE_BUILTIN -c ../../../../Modules/_zoneinfo.c -o Modules/_zoneinfo.o
/workspaces/MyPython/cpython/cross-build/emsdk/6.0.9/emsdk/upstream/emscripten/emcc  -fno-omit-frame-pointer -mno-omit-leaf-frame-pointer  -fno-strict-overflow -Wsign-compare -Wunreachable-code -DNDEBUG -g -O3 -Wall -DPY_CALL_TRAMPOLINE -sUSE_BZIP2   -std=c11 -Wextra -Wno-unused-parameter -Wno-missing-field-initializers -Wstrict-prototypes -Werror=implicit-function-declaration -fvisibility=hidden  -I../../../../Include/internal -I../../../../Include/internal/mimalloc -IObjects -IInclude -IPython -I. -I../../../../Include   -fPIC -DPy_BUILD_CORE_BUILTIN -c ../../../../Modules/mathmodule.c -o Modules/mathmodule.o
/workspaces/MyPython/cpython/cross-build/emsdk/6.0.9/emsdk/upstream/emscripten/emcc  -fno-omit-frame-pointer -mno-omit-leaf-frame-pointer  -fno-strict-overflow -Wsign-compare -Wunreachable-code -DNDEBUG -g -O3 -Wall -DPY_CALL_TRAMPOLINE -sUSE_BZIP2   -std=c11 -Wextra -Wno-unused-parameter -Wno-missing-field-initializers -Wstrict-prototypes -Werror=implicit-function-declaration -fvisibility=hidden  -I../../../../Include/internal -I../../../../Include/internal/mimalloc -IObjects -IInclude -IPython -I. -I../../../../Include   -fPIC -DPy_BUILD_CORE_BUILTIN -c ../../../../Modules/cmathmodule.c -o Modules/cmathmodule.o
/workspaces/MyPython/cpython/cross-build/emsdk/6.0.9/emsdk/upstream/emscripten/emcc  -fno-omit-frame-pointer -mno-omit-leaf-frame-pointer  -fno-strict-overflow -Wsign-compare -Wunreachable-code -DNDEBUG -g -O3 -Wall -DPY_CALL_TRAMPOLINE -sUSE_BZIP2   -std=c11 -Wextra -Wno-unused-parameter -Wno-missing-field-initializers -Wstrict-prototypes -Werror=implicit-function-declaration -fvisibility=hidden  -I../../../../Include/internal -I../../../../Include/internal/mimalloc -IObjects -IInclude -IPython -I. -I../../../../Include   -fPIC -DPy_BUILD_CORE_BUILTIN -c ../../../../Modules/_statisticsmodule.c -o Modules/_statisticsmodule.o
/workspaces/MyPython/cpython/cross-build/emsdk/6.0.9/emsdk/upstream/emscripten/emcc -I/workspaces/MyPython/cpython/cross-build/emsdk/6.0.9/prefix/include  -fno-omit-frame-pointer -mno-omit-leaf-frame-pointer  -fno-strict-overflow -Wsign-compare -Wunreachable-code -DNDEBUG -g -O3 -Wall -DPY_CALL_TRAMPOLINE -sUSE_BZIP2   -std=c11 -Wextra -Wno-unused-parameter -Wno-missing-field-initializers -Wstrict-prototypes -Werror=implicit-function-declaration -fvisibility=hidden  -I../../../../Include/internal -I../../../../Include/internal/mimalloc -IObjects -IInclude -IPython -I. -I../../../../Include   -fPIC -DPy_BUILD_CORE_BUILTIN -c ../../../../Modules/_decimal/_decimal.c -o Modules/_decimal/_decimal.o
/workspaces/MyPython/cpython/cross-build/emsdk/6.0.9/emsdk/upstream/emscripten/emcc -DUSE_ZLIB_CRC32 -sUSE_ZLIB -fno-omit-frame-pointer -mno-omit-leaf-frame-pointer  -fno-strict-overflow -Wsign-compare -Wunreachable-code -DNDEBUG -g -O3 -Wall -DPY_CALL_TRAMPOLINE -sUSE_BZIP2   -std=c11 -Wextra -Wno-unused-parameter -Wno-missing-field-initializers -Wstrict-prototypes -Werror=implicit-function-declaration -fvisibility=hidden  -I../../../../Include/internal -I../../../../Include/internal/mimalloc -IObjects -IInclude -IPython -I. -I../../../../Include   -fPIC -DPy_BUILD_CORE_BUILTIN -c ../../../../Modules/binascii.c -o Modules/binascii.o
ports:INFO: retrieving port: zlib from https://github.com/madler/zlib/archive/refs/tags/v1.3.2.tar.gz
/workspaces/MyPython/cpython/cross-build/emsdk/6.0.9/emsdk/upstream/emscripten/emcc -sUSE_BZIP2 -fno-omit-frame-pointer -mno-omit-leaf-frame-pointer  -fno-strict-overflow -Wsign-compare -Wunreachable-code -DNDEBUG -g -O3 -Wall -DPY_CALL_TRAMPOLINE -sUSE_BZIP2   -std=c11 -Wextra -Wno-unused-parameter -Wno-missing-field-initializers -Wstrict-prototypes -Werror=implicit-function-declaration -fvisibility=hidden  -I../../../../Include/internal -I../../../../Include/internal/mimalloc -IObjects -IInclude -IPython -I. -I../../../../Include   -fPIC -DPy_BUILD_CORE_BUILTIN -c ../../../../Modules/_bz2module.c -o Modules/_bz2module.o
ports:INFO: unpacking port: zlib
cache:INFO: generating port: sysroot/lib/wasm32-emscripten/libz.a... (this will be cached in "/workspaces/MyPython/cpython/cross-build/emsdk/6.0.9/emsdk/upstream/emscripten/cache/sysroot/lib/wasm32-emscripten/libz.a" for subsequent builds)
/workspaces/MyPython/cpython/cross-build/emsdk/6.0.9/emsdk/upstream/emscripten/emcc -sUSE_ZLIB -fno-omit-frame-pointer -mno-omit-leaf-frame-pointer  -fno-strict-overflow -Wsign-compare -Wunreachable-code -DNDEBUG -g -O3 -Wall -DPY_CALL_TRAMPOLINE -sUSE_BZIP2   -std=c11 -Wextra -Wno-unused-parameter -Wno-missing-field-initializers -Wstrict-prototypes -Werror=implicit-function-declaration -fvisibility=hidden  -I../../../../Include/internal -I../../../../Include/internal/mimalloc -IObjects -IInclude -IPython -I. -I../../../../Include   -fPIC -DPy_BUILD_CORE_BUILTIN -c ../../../../Modules/zlibmodule.c -o Modules/zlibmodule.o
system_libs:INFO: compiled 15 inputs in 3.38s
cache:INFO:  - ok
/workspaces/MyPython/cpython/cross-build/emsdk/6.0.9/emsdk/upstream/emscripten/emcc -c -I../../../../Modules/_hacl -I../../../../Modules/_hacl/include -D_BSD_SOURCE -D_DEFAULT_SOURCE -fno-omit-frame-pointer -mno-omit-leaf-frame-pointer  -fno-strict-overflow -Wsign-compare -Wunreachable-code -DNDEBUG -g -O3 -Wall -DPY_CALL_TRAMPOLINE -sUSE_BZIP2   -std=c11 -Wextra -Wno-unused-parameter -Wno-missing-field-initializers -Wstrict-prototypes -Werror=implicit-function-declaration -fvisibility=hidden  -I../../../../Include/internal -I../../../../Include/internal/mimalloc -IObjects -IInclude -IPython -I. -I../../../../Include   -fPIC -fPIC -o Modules/_hacl/Hacl_Hash_MD5.o ../../../../Modules/_hacl/Hacl_Hash_MD5.c
/workspaces/MyPython/cpython/cross-build/emsdk/6.0.9/emsdk/upstream/emscripten/emcc -c -I../../../../Modules/_hacl -I../../../../Modules/_hacl/include -D_BSD_SOURCE -D_DEFAULT_SOURCE -fno-omit-frame-pointer -mno-omit-leaf-frame-pointer  -fno-strict-overflow -Wsign-compare -Wunreachable-code -DNDEBUG -g -O3 -Wall -DPY_CALL_TRAMPOLINE -sUSE_BZIP2   -std=c11 -Wextra -Wno-unused-parameter -Wno-missing-field-initializers -Wstrict-prototypes -Werror=implicit-function-declaration -fvisibility=hidden  -I../../../../Include/internal -I../../../../Include/internal/mimalloc -IObjects -IInclude -IPython -I. -I../../../../Include   -fPIC -fPIC -o Modules/_hacl/Hacl_Hash_SHA1.o ../../../../Modules/_hacl/Hacl_Hash_SHA1.c
/workspaces/MyPython/cpython/cross-build/emsdk/6.0.9/emsdk/upstream/emscripten/emcc -c -I../../../../Modules/_hacl -I../../../../Modules/_hacl/include -D_BSD_SOURCE -D_DEFAULT_SOURCE -fno-omit-frame-pointer -mno-omit-leaf-frame-pointer  -fno-strict-overflow -Wsign-compare -Wunreachable-code -DNDEBUG -g -O3 -Wall -DPY_CALL_TRAMPOLINE -sUSE_BZIP2   -std=c11 -Wextra -Wno-unused-parameter -Wno-missing-field-initializers -Wstrict-prototypes -Werror=implicit-function-declaration -fvisibility=hidden  -I../../../../Include/internal -I../../../../Include/internal/mimalloc -IObjects -IInclude -IPython -I. -I../../../../Include   -fPIC -fPIC -o Modules/_hacl/Hacl_Hash_SHA2.o ../../../../Modules/_hacl/Hacl_Hash_SHA2.c
/workspaces/MyPython/cpython/cross-build/emsdk/6.0.9/emsdk/upstream/emscripten/emcc -c -I../../../../Modules/_hacl -I../../../../Modules/_hacl/include -D_BSD_SOURCE -D_DEFAULT_SOURCE -fno-omit-frame-pointer -mno-omit-leaf-frame-pointer  -fno-strict-overflow -Wsign-compare -Wunreachable-code -DNDEBUG -g -O3 -Wall -DPY_CALL_TRAMPOLINE -sUSE_BZIP2   -std=c11 -Wextra -Wno-unused-parameter -Wno-missing-field-initializers -Wstrict-prototypes -Werror=implicit-function-declaration -fvisibility=hidden  -I../../../../Include/internal -I../../../../Include/internal/mimalloc -IObjects -IInclude -IPython -I. -I../../../../Include   -fPIC -fPIC -o Modules/_hacl/Hacl_Hash_SHA3.o ../../../../Modules/_hacl/Hacl_Hash_SHA3.c
/workspaces/MyPython/cpython/cross-build/emsdk/6.0.9/emsdk/upstream/emscripten/emcc -c -I../../../../Modules/_hacl -I../../../../Modules/_hacl/include -D_BSD_SOURCE -D_DEFAULT_SOURCE -fno-omit-frame-pointer -mno-omit-leaf-frame-pointer  -fno-strict-overflow -Wsign-compare -Wunreachable-code -DNDEBUG -g -O3 -Wall -DPY_CALL_TRAMPOLINE -sUSE_BZIP2   -std=c11 -Wextra -Wno-unused-parameter -Wno-missing-field-initializers -Wstrict-prototypes -Werror=implicit-function-declaration -fvisibility=hidden  -I../../../../Include/internal -I../../../../Include/internal/mimalloc -IObjects -IInclude -IPython -I. -I../../../../Include   -fPIC -fPIC -o Modules/_hacl/Hacl_Hash_Blake2s.o ../../../../Modules/_hacl/Hacl_Hash_Blake2s.c
/workspaces/MyPython/cpython/cross-build/emsdk/6.0.9/emsdk/upstream/emscripten/emcc -c -I../../../../Modules/_hacl -I../../../../Modules/_hacl/include -D_BSD_SOURCE -D_DEFAULT_SOURCE -fno-omit-frame-pointer -mno-omit-leaf-frame-pointer  -fno-strict-overflow -Wsign-compare -Wunreachable-code -DNDEBUG -g -O3 -Wall -DPY_CALL_TRAMPOLINE -sUSE_BZIP2   -std=c11 -Wextra -Wno-unused-parameter -Wno-missing-field-initializers -Wstrict-prototypes -Werror=implicit-function-declaration -fvisibility=hidden  -I../../../../Include/internal -I../../../../Include/internal/mimalloc -IObjects -IInclude -IPython -I. -I../../../../Include   -fPIC -fPIC -o Modules/_hacl/Hacl_Hash_Blake2b.o ../../../../Modules/_hacl/Hacl_Hash_Blake2b.c
/workspaces/MyPython/cpython/cross-build/emsdk/6.0.9/emsdk/upstream/emscripten/emcc -c -I../../../../Modules/_hacl -I../../../../Modules/_hacl/include -D_BSD_SOURCE -D_DEFAULT_SOURCE -fno-omit-frame-pointer -mno-omit-leaf-frame-pointer  -fno-strict-overflow -Wsign-compare -Wunreachable-code -DNDEBUG -g -O3 -Wall -DPY_CALL_TRAMPOLINE -sUSE_BZIP2   -std=c11 -Wextra -Wno-unused-parameter -Wno-missing-field-initializers -Wstrict-prototypes -Werror=implicit-function-declaration -fvisibility=hidden  -I../../../../Include/internal -I../../../../Include/internal/mimalloc -IObjects -IInclude -IPython -I. -I../../../../Include   -fPIC -fPIC -o Modules/_hacl/Lib_Memzero0.o ../../../../Modules/_hacl/Lib_Memzero0.c
../../../../Modules/_hacl/Lib_Memzero0.c:66:6: warning: "Your platform does not support any safe implementation of memzero -- consider a pull request!" [-W#warnings]
   66 |     #warning "Your platform does not support any safe implementation of memzero -- consider a pull request!"
      |      ^
1 warning generated.
/workspaces/MyPython/cpython/cross-build/emsdk/6.0.9/emsdk/upstream/emscripten/emcc -c -I../../../../Modules/expat -fno-omit-frame-pointer -mno-omit-leaf-frame-pointer  -fno-strict-overflow -Wsign-compare -Wunreachable-code -DNDEBUG -g -O3 -Wall -DPY_CALL_TRAMPOLINE -sUSE_BZIP2   -std=c11 -Wextra -Wno-unused-parameter -Wno-missing-field-initializers -Wstrict-prototypes -Werror=implicit-function-declaration -fvisibility=hidden  -I../../../../Include/internal -I../../../../Include/internal/mimalloc -IObjects -IInclude -IPython -I. -I../../../../Include   -fPIC -fPIC -o Modules/expat/xmlparse.o ../../../../Modules/expat/xmlparse.c
/workspaces/MyPython/cpython/cross-build/emsdk/6.0.9/emsdk/upstream/emscripten/emcc -c -I../../../../Modules/expat -fno-omit-frame-pointer -mno-omit-leaf-frame-pointer  -fno-strict-overflow -Wsign-compare -Wunreachable-code -DNDEBUG -g -O3 -Wall -DPY_CALL_TRAMPOLINE -sUSE_BZIP2   -std=c11 -Wextra -Wno-unused-parameter -Wno-missing-field-initializers -Wstrict-prototypes -Werror=implicit-function-declaration -fvisibility=hidden  -I../../../../Include/internal -I../../../../Include/internal/mimalloc -IObjects -IInclude -IPython -I. -I../../../../Include   -fPIC -fPIC -o Modules/expat/xmlrole.o ../../../../Modules/expat/xmlrole.c
/workspaces/MyPython/cpython/cross-build/emsdk/6.0.9/emsdk/upstream/emscripten/emcc -c -I../../../../Modules/expat -fno-omit-frame-pointer -mno-omit-leaf-frame-pointer  -fno-strict-overflow -Wsign-compare -Wunreachable-code -DNDEBUG -g -O3 -Wall -DPY_CALL_TRAMPOLINE -sUSE_BZIP2   -std=c11 -Wextra -Wno-unused-parameter -Wno-missing-field-initializers -Wstrict-prototypes -Werror=implicit-function-declaration -fvisibility=hidden  -I../../../../Include/internal -I../../../../Include/internal/mimalloc -IObjects -IInclude -IPython -I. -I../../../../Include   -fPIC -fPIC -o Modules/expat/xmltok.o ../../../../Modules/expat/xmltok.c
/workspaces/MyPython/cpython/cross-build/emsdk/6.0.9/emsdk/upstream/emscripten/emcc  -fno-omit-frame-pointer -mno-omit-leaf-frame-pointer  -fno-strict-overflow -Wsign-compare -Wunreachable-code -DNDEBUG -g -O3 -Wall -DPY_CALL_TRAMPOLINE -sUSE_BZIP2   -std=c11 -Wextra -Wno-unused-parameter -Wno-missing-field-initializers -Wstrict-prototypes -Werror=implicit-function-declaration -fvisibility=hidden  -I../../../../Include/internal -I../../../../Include/internal/mimalloc -IObjects -IInclude -IPython -I. -I../../../../Include   -fPIC -DPy_BUILD_CORE_BUILTIN -c ../../../../Modules/cjkcodecs/_codecs_cn.c -o Modules/cjkcodecs/_codecs_cn.o
In file included from ../../../../Modules/expat/xmltok.c:312:
../../../../Modules/expat/xmltok_impl.c:285:5: warning: fallthrough annotation in unreachable code [-Wunreachable-code-fallthrough]
  285 |     CHECK_NMSTRT_CASES(enc, ptr, end, nextTokPtr)
      |     ^
../../../../Modules/expat/xmltok_impl.c:118:5: note: expanded from macro 'CHECK_NMSTRT_CASES'
  118 |     EXPAT_FALLTHROUGH;                                                         \
      |     ^
../../../../Modules/expat/fallthrough.h:47:33: note: expanded from macro 'EXPAT_FALLTHROUGH'
   47 | #      define EXPAT_FALLTHROUGH __attribute__((fallthrough))
      |                                 ^
In file included from ../../../../Modules/expat/xmltok.c:312:
../../../../Modules/expat/xmltok_impl.c:292:7: warning: fallthrough annotation in unreachable code [-Wunreachable-code-fallthrough]
  292 |       CHECK_NAME_CASES(enc, ptr, end, nextTokPtr)
      |       ^
../../../../Modules/expat/xmltok_impl.c:89:5: note: expanded from macro 'CHECK_NAME_CASES'
   89 |     EXPAT_FALLTHROUGH;                                                         \
      |     ^
../../../../Modules/expat/fallthrough.h:47:33: note: expanded from macro 'EXPAT_FALLTHROUGH'
   47 | #      define EXPAT_FALLTHROUGH __attribute__((fallthrough))
      |                                 ^
In file included from ../../../../Modules/expat/xmltok.c:312:
../../../../Modules/expat/xmltok_impl.c:438:5: warning: fallthrough annotation in unreachable code [-Wunreachable-code-fallthrough]
  438 |     CHECK_NMSTRT_CASES(enc, ptr, end, nextTokPtr)
      |     ^
../../../../Modules/expat/xmltok_impl.c:118:5: note: expanded from macro 'CHECK_NMSTRT_CASES'
  118 |     EXPAT_FALLTHROUGH;                                                         \
      |     ^
../../../../Modules/expat/fallthrough.h:47:33: note: expanded from macro 'EXPAT_FALLTHROUGH'
   47 | #      define EXPAT_FALLTHROUGH __attribute__((fallthrough))
      |                                 ^
In file included from ../../../../Modules/expat/xmltok.c:312:
../../../../Modules/expat/xmltok_impl.c:445:7: warning: fallthrough annotation in unreachable code [-Wunreachable-code-fallthrough]
  445 |       CHECK_NAME_CASES(enc, ptr, end, nextTokPtr)
      |       ^
../../../../Modules/expat/xmltok_impl.c:89:5: note: expanded from macro 'CHECK_NAME_CASES'
   89 |     EXPAT_FALLTHROUGH;                                                         \
      |     ^
../../../../Modules/expat/fallthrough.h:47:33: note: expanded from macro 'EXPAT_FALLTHROUGH'
   47 | #      define EXPAT_FALLTHROUGH __attribute__((fallthrough))
      |                                 ^
In file included from ../../../../Modules/expat/xmltok.c:312:
../../../../Modules/expat/xmltok_impl.c:551:5: warning: fallthrough annotation in unreachable code [-Wunreachable-code-fallthrough]
  551 |     CHECK_NMSTRT_CASES(enc, ptr, end, nextTokPtr)
      |     ^
../../../../Modules/expat/xmltok_impl.c:118:5: note: expanded from macro 'CHECK_NMSTRT_CASES'
  118 |     EXPAT_FALLTHROUGH;                                                         \
      |     ^
../../../../Modules/expat/fallthrough.h:47:33: note: expanded from macro 'EXPAT_FALLTHROUGH'
   47 | #      define EXPAT_FALLTHROUGH __attribute__((fallthrough))
      |                                 ^
In file included from ../../../../Modules/expat/xmltok.c:312:
../../../../Modules/expat/xmltok_impl.c:560:7: warning: fallthrough annotation in unreachable code [-Wunreachable-code-fallthrough]
  560 |       CHECK_NAME_CASES(enc, ptr, end, nextTokPtr)
      |       ^
../../../../Modules/expat/xmltok_impl.c:89:5: note: expanded from macro 'CHECK_NAME_CASES'
   89 |     EXPAT_FALLTHROUGH;                                                         \
      |     ^
../../../../Modules/expat/fallthrough.h:47:33: note: expanded from macro 'EXPAT_FALLTHROUGH'
   47 | #      define EXPAT_FALLTHROUGH __attribute__((fallthrough))
      |                                 ^
In file included from ../../../../Modules/expat/xmltok.c:312:
../../../../Modules/expat/xmltok_impl.c:582:7: warning: fallthrough annotation in unreachable code [-Wunreachable-code-fallthrough]
  582 |       CHECK_NAME_CASES(enc, ptr, end, nextTokPtr)
      |       ^
../../../../Modules/expat/xmltok_impl.c:89:5: note: expanded from macro 'CHECK_NAME_CASES'
   89 |     EXPAT_FALLTHROUGH;                                                         \
      |     ^
../../../../Modules/expat/fallthrough.h:47:33: note: expanded from macro 'EXPAT_FALLTHROUGH'
   47 | #      define EXPAT_FALLTHROUGH __attribute__((fallthrough))
      |                                 ^
In file included from ../../../../Modules/expat/xmltok.c:312:
../../../../Modules/expat/xmltok_impl.c:593:9: warning: fallthrough annotation in unreachable code [-Wunreachable-code-fallthrough]
  593 |         CHECK_NMSTRT_CASES(enc, ptr, end, nextTokPtr)
      |         ^
../../../../Modules/expat/xmltok_impl.c:118:5: note: expanded from macro 'CHECK_NMSTRT_CASES'
  118 |     EXPAT_FALLTHROUGH;                                                         \
      |     ^
../../../../Modules/expat/fallthrough.h:47:33: note: expanded from macro 'EXPAT_FALLTHROUGH'
   47 | #      define EXPAT_FALLTHROUGH __attribute__((fallthrough))
      |                                 ^
In file included from ../../../../Modules/expat/xmltok.c:312:
../../../../Modules/expat/xmltok_impl.c:690:11: warning: fallthrough annotation in unreachable code [-Wunreachable-code-fallthrough]
  690 |           CHECK_NMSTRT_CASES(enc, ptr, end, nextTokPtr)
      |           ^
../../../../Modules/expat/xmltok_impl.c:118:5: note: expanded from macro 'CHECK_NMSTRT_CASES'
  118 |     EXPAT_FALLTHROUGH;                                                         \
      |     ^
../../../../Modules/expat/fallthrough.h:47:33: note: expanded from macro 'EXPAT_FALLTHROUGH'
   47 | #      define EXPAT_FALLTHROUGH __attribute__((fallthrough))
      |                                 ^
In file included from ../../../../Modules/expat/xmltok.c:312:
../../../../Modules/expat/xmltok_impl.c:735:5: warning: fallthrough annotation in unreachable code [-Wunreachable-code-fallthrough]
  735 |     CHECK_NMSTRT_CASES(enc, ptr, end, nextTokPtr)
      |     ^
../../../../Modules/expat/xmltok_impl.c:118:5: note: expanded from macro 'CHECK_NMSTRT_CASES'
  118 |     EXPAT_FALLTHROUGH;                                                         \
      |     ^
../../../../Modules/expat/fallthrough.h:47:33: note: expanded from macro 'EXPAT_FALLTHROUGH'
   47 | #      define EXPAT_FALLTHROUGH __attribute__((fallthrough))
      |                                 ^
In file included from ../../../../Modules/expat/xmltok.c:312:
../../../../Modules/expat/xmltok_impl.c:761:7: warning: fallthrough annotation in unreachable code [-Wunreachable-code-fallthrough]
  761 |       CHECK_NAME_CASES(enc, ptr, end, nextTokPtr)
      |       ^
../../../../Modules/expat/xmltok_impl.c:89:5: note: expanded from macro 'CHECK_NAME_CASES'
   89 |     EXPAT_FALLTHROUGH;                                                         \
      |     ^
../../../../Modules/expat/fallthrough.h:47:33: note: expanded from macro 'EXPAT_FALLTHROUGH'
   47 | #      define EXPAT_FALLTHROUGH __attribute__((fallthrough))
      |                                 ^
In file included from ../../../../Modules/expat/xmltok.c:312:
../../../../Modules/expat/xmltok_impl.c:772:9: warning: fallthrough annotation in unreachable code [-Wunreachable-code-fallthrough]
  772 |         CHECK_NMSTRT_CASES(enc, ptr, end, nextTokPtr)
      |         ^
../../../../Modules/expat/xmltok_impl.c:118:5: note: expanded from macro 'CHECK_NMSTRT_CASES'
  118 |     EXPAT_FALLTHROUGH;                                                         \
      |     ^
../../../../Modules/expat/fallthrough.h:47:33: note: expanded from macro 'EXPAT_FALLTHROUGH'
   47 | #      define EXPAT_FALLTHROUGH __attribute__((fallthrough))
      |                                 ^
In file included from ../../../../Modules/expat/xmltok.c:312:
../../../../Modules/expat/xmltok_impl.c:785:11: warning: fallthrough annotation in unreachable code [-Wunreachable-code-fallthrough]
  785 |           CHECK_NMSTRT_CASES(enc, ptr, end, nextTokPtr)
      |           ^
../../../../Modules/expat/xmltok_impl.c:118:5: note: expanded from macro 'CHECK_NMSTRT_CASES'
  118 |     EXPAT_FALLTHROUGH;                                                         \
      |     ^
../../../../Modules/expat/fallthrough.h:47:33: note: expanded from macro 'EXPAT_FALLTHROUGH'
   47 | #      define EXPAT_FALLTHROUGH __attribute__((fallthrough))
      |                                 ^
In file included from ../../../../Modules/expat/xmltok.c:312:
../../../../Modules/expat/xmltok_impl.c:930:5: warning: fallthrough annotation in unreachable code [-Wunreachable-code-fallthrough]
  930 |     CHECK_NMSTRT_CASES(enc, ptr, end, nextTokPtr)
      |     ^
../../../../Modules/expat/xmltok_impl.c:118:5: note: expanded from macro 'CHECK_NMSTRT_CASES'
  118 |     EXPAT_FALLTHROUGH;                                                         \
      |     ^
../../../../Modules/expat/fallthrough.h:47:33: note: expanded from macro 'EXPAT_FALLTHROUGH'
   47 | #      define EXPAT_FALLTHROUGH __attribute__((fallthrough))
      |                                 ^
In file included from ../../../../Modules/expat/xmltok.c:312:
../../../../Modules/expat/xmltok_impl.c:943:7: warning: fallthrough annotation in unreachable code [-Wunreachable-code-fallthrough]
  943 |       CHECK_NAME_CASES(enc, ptr, end, nextTokPtr)
      |       ^
../../../../Modules/expat/xmltok_impl.c:89:5: note: expanded from macro 'CHECK_NAME_CASES'
   89 |     EXPAT_FALLTHROUGH;                                                         \
      |     ^
../../../../Modules/expat/fallthrough.h:47:33: note: expanded from macro 'EXPAT_FALLTHROUGH'
   47 | #      define EXPAT_FALLTHROUGH __attribute__((fallthrough))
      |                                 ^
In file included from ../../../../Modules/expat/xmltok.c:312:
../../../../Modules/expat/xmltok_impl.c:960:5: warning: fallthrough annotation in unreachable code [-Wunreachable-code-fallthrough]
  960 |     CHECK_NMSTRT_CASES(enc, ptr, end, nextTokPtr)
      |     ^
../../../../Modules/expat/xmltok_impl.c:118:5: note: expanded from macro 'CHECK_NMSTRT_CASES'
  118 |     EXPAT_FALLTHROUGH;                                                         \
      |     ^
../../../../Modules/expat/fallthrough.h:47:33: note: expanded from macro 'EXPAT_FALLTHROUGH'
   47 | #      define EXPAT_FALLTHROUGH __attribute__((fallthrough))
      |                                 ^
In file included from ../../../../Modules/expat/xmltok.c:312:
../../../../Modules/expat/xmltok_impl.c:967:7: warning: fallthrough annotation in unreachable code [-Wunreachable-code-fallthrough]
  967 |       CHECK_NAME_CASES(enc, ptr, end, nextTokPtr)
      |       ^
../../../../Modules/expat/xmltok_impl.c:89:5: note: expanded from macro 'CHECK_NAME_CASES'
   89 |     EXPAT_FALLTHROUGH;                                                         \
      |     ^
../../../../Modules/expat/fallthrough.h:47:33: note: expanded from macro 'EXPAT_FALLTHROUGH'
   47 | #      define EXPAT_FALLTHROUGH __attribute__((fallthrough))
      |                                 ^
In file included from ../../../../Modules/expat/xmltok.c:312:
../../../../Modules/expat/xmltok_impl.c:1202:7: warning: fallthrough annotation in unreachable code [-Wunreachable-code-fallthrough]
 1202 |       CHECK_NAME_CASES(enc, ptr, end, nextTokPtr)
      |       ^
../../../../Modules/expat/xmltok_impl.c:89:5: note: expanded from macro 'CHECK_NAME_CASES'
   89 |     EXPAT_FALLTHROUGH;                                                         \
      |     ^
../../../../Modules/expat/fallthrough.h:47:33: note: expanded from macro 'EXPAT_FALLTHROUGH'
   47 | #      define EXPAT_FALLTHROUGH __attribute__((fallthrough))
      |                                 ^
In file included from ../../../../Modules/expat/xmltok.c:312:
../../../../Modules/expat/xmltok_impl.c:1222:11: warning: fallthrough annotation in unreachable code [-Wunreachable-code-fallthrough]
 1222 |           CHECK_NAME_CASES(enc, ptr, end, nextTokPtr)
      |           ^
../../../../Modules/expat/xmltok_impl.c:89:5: note: expanded from macro 'CHECK_NAME_CASES'
   89 |     EXPAT_FALLTHROUGH;                                                         \
      |     ^
../../../../Modules/expat/fallthrough.h:47:33: note: expanded from macro 'EXPAT_FALLTHROUGH'
   47 | #      define EXPAT_FALLTHROUGH __attribute__((fallthrough))
      |                                 ^
/workspaces/MyPython/cpython/cross-build/emsdk/6.0.9/emsdk/upstream/emscripten/emcc  -fno-omit-frame-pointer -mno-omit-leaf-frame-pointer  -fno-strict-overflow -Wsign-compare -Wunreachable-code -DNDEBUG -g -O3 -Wall -DPY_CALL_TRAMPOLINE -sUSE_BZIP2   -std=c11 -Wextra -Wno-unused-parameter -Wno-missing-field-initializers -Wstrict-prototypes -Werror=implicit-function-declaration -fvisibility=hidden  -I../../../../Include/internal -I../../../../Include/internal/mimalloc -IObjects -IInclude -IPython -I. -I../../../../Include   -fPIC -DPy_BUILD_CORE_BUILTIN -c ../../../../Modules/cjkcodecs/_codecs_hk.c -o Modules/cjkcodecs/_codecs_hk.o
/workspaces/MyPython/cpython/cross-build/emsdk/6.0.9/emsdk/upstream/emscripten/emcc  -fno-omit-frame-pointer -mno-omit-leaf-frame-pointer  -fno-strict-overflow -Wsign-compare -Wunreachable-code -DNDEBUG -g -O3 -Wall -DPY_CALL_TRAMPOLINE -sUSE_BZIP2   -std=c11 -Wextra -Wno-unused-parameter -Wno-missing-field-initializers -Wstrict-prototypes -Werror=implicit-function-declaration -fvisibility=hidden  -I../../../../Include/internal -I../../../../Include/internal/mimalloc -IObjects -IInclude -IPython -I. -I../../../../Include   -fPIC -DPy_BUILD_CORE_BUILTIN -c ../../../../Modules/cjkcodecs/_codecs_iso2022.c -o Modules/cjkcodecs/_codecs_iso2022.o
19 warnings generated.
/workspaces/MyPython/cpython/cross-build/emsdk/6.0.9/emsdk/upstream/emscripten/emcc  -fno-omit-frame-pointer -mno-omit-leaf-frame-pointer  -fno-strict-overflow -Wsign-compare -Wunreachable-code -DNDEBUG -g -O3 -Wall -DPY_CALL_TRAMPOLINE -sUSE_BZIP2   -std=c11 -Wextra -Wno-unused-parameter -Wno-missing-field-initializers -Wstrict-prototypes -Werror=implicit-function-declaration -fvisibility=hidden  -I../../../../Include/internal -I../../../../Include/internal/mimalloc -IObjects -IInclude -IPython -I. -I../../../../Include   -fPIC -DPy_BUILD_CORE_BUILTIN -c ../../../../Modules/cjkcodecs/_codecs_jp.c -o Modules/cjkcodecs/_codecs_jp.o
/workspaces/MyPython/cpython/cross-build/emsdk/6.0.9/emsdk/upstream/emscripten/emcc  -fno-omit-frame-pointer -mno-omit-leaf-frame-pointer  -fno-strict-overflow -Wsign-compare -Wunreachable-code -DNDEBUG -g -O3 -Wall -DPY_CALL_TRAMPOLINE -sUSE_BZIP2   -std=c11 -Wextra -Wno-unused-parameter -Wno-missing-field-initializers -Wstrict-prototypes -Werror=implicit-function-declaration -fvisibility=hidden  -I../../../../Include/internal -I../../../../Include/internal/mimalloc -IObjects -IInclude -IPython -I. -I../../../../Include   -fPIC -DPy_BUILD_CORE_BUILTIN -c ../../../../Modules/cjkcodecs/_codecs_kr.c -o Modules/cjkcodecs/_codecs_kr.o
/workspaces/MyPython/cpython/cross-build/emsdk/6.0.9/emsdk/upstream/emscripten/emcc  -fno-omit-frame-pointer -mno-omit-leaf-frame-pointer  -fno-strict-overflow -Wsign-compare -Wunreachable-code -DNDEBUG -g -O3 -Wall -DPY_CALL_TRAMPOLINE -sUSE_BZIP2   -std=c11 -Wextra -Wno-unused-parameter -Wno-missing-field-initializers -Wstrict-prototypes -Werror=implicit-function-declaration -fvisibility=hidden  -I../../../../Include/internal -I../../../../Include/internal/mimalloc -IObjects -IInclude -IPython -I. -I../../../../Include   -fPIC -DPy_BUILD_CORE_BUILTIN -c ../../../../Modules/cjkcodecs/_codecs_tw.c -o Modules/cjkcodecs/_codecs_tw.o
/workspaces/MyPython/cpython/cross-build/emsdk/6.0.9/emsdk/upstream/emscripten/emcc  -fno-omit-frame-pointer -mno-omit-leaf-frame-pointer  -fno-strict-overflow -Wsign-compare -Wunreachable-code -DNDEBUG -g -O3 -Wall -DPY_CALL_TRAMPOLINE -sUSE_BZIP2   -std=c11 -Wextra -Wno-unused-parameter -Wno-missing-field-initializers -Wstrict-prototypes -Werror=implicit-function-declaration -fvisibility=hidden  -I../../../../Include/internal -I../../../../Include/internal/mimalloc -IObjects -IInclude -IPython -I. -I../../../../Include   -fPIC -DPy_BUILD_CORE_BUILTIN -c ../../../../Modules/cjkcodecs/multibytecodec.c -o Modules/cjkcodecs/multibytecodec.o
/workspaces/MyPython/cpython/cross-build/emsdk/6.0.9/emsdk/upstream/emscripten/emcc  -fno-omit-frame-pointer -mno-omit-leaf-frame-pointer  -fno-strict-overflow -Wsign-compare -Wunreachable-code -DNDEBUG -g -O3 -Wall -DPY_CALL_TRAMPOLINE -sUSE_BZIP2   -std=c11 -Wextra -Wno-unused-parameter -Wno-missing-field-initializers -Wstrict-prototypes -Werror=implicit-function-declaration -fvisibility=hidden  -I../../../../Include/internal -I../../../../Include/internal/mimalloc -IObjects -IInclude -IPython -I. -I../../../../Include   -fPIC -DPy_BUILD_CORE_BUILTIN -c ../../../../Modules/unicodedata.c -o Modules/unicodedata.o
/workspaces/MyPython/cpython/cross-build/emsdk/6.0.9/emsdk/upstream/emscripten/emcc  -fno-omit-frame-pointer -mno-omit-leaf-frame-pointer  -fno-strict-overflow -Wsign-compare -Wunreachable-code -DNDEBUG -g -O3 -Wall -DPY_CALL_TRAMPOLINE -sUSE_BZIP2   -std=c11 -Wextra -Wno-unused-parameter -Wno-missing-field-initializers -Wstrict-prototypes -Werror=implicit-function-declaration -fvisibility=hidden  -I../../../../Include/internal -I../../../../Include/internal/mimalloc -IObjects -IInclude -IPython -I. -I../../../../Include   -fPIC -DPy_BUILD_CORE_BUILTIN -c ../../../../Modules/fcntlmodule.c -o Modules/fcntlmodule.o
/workspaces/MyPython/cpython/cross-build/emsdk/6.0.9/emsdk/upstream/emscripten/emcc  -fno-omit-frame-pointer -mno-omit-leaf-frame-pointer  -fno-strict-overflow -Wsign-compare -Wunreachable-code -DNDEBUG -g -O3 -Wall -DPY_CALL_TRAMPOLINE -sUSE_BZIP2   -std=c11 -Wextra -Wno-unused-parameter -Wno-missing-field-initializers -Wstrict-prototypes -Werror=implicit-function-declaration -fvisibility=hidden  -I../../../../Include/internal -I../../../../Include/internal/mimalloc -IObjects -IInclude -IPython -I. -I../../../../Include   -fPIC -DPy_BUILD_CORE_BUILTIN -c ../../../../Modules/mmapmodule.c -o Modules/mmapmodule.o
/workspaces/MyPython/cpython/cross-build/emsdk/6.0.9/emsdk/upstream/emscripten/emcc  -fno-omit-frame-pointer -mno-omit-leaf-frame-pointer  -fno-strict-overflow -Wsign-compare -Wunreachable-code -DNDEBUG -g -O3 -Wall -DPY_CALL_TRAMPOLINE -sUSE_BZIP2   -std=c11 -Wextra -Wno-unused-parameter -Wno-missing-field-initializers -Wstrict-prototypes -Werror=implicit-function-declaration -fvisibility=hidden  -I../../../../Include/internal -I../../../../Include/internal/mimalloc -IObjects -IInclude -IPython -I. -I../../../../Include   -fPIC -DPy_BUILD_CORE_BUILTIN -c ../../../../Modules/selectmodule.c -o Modules/selectmodule.o
/workspaces/MyPython/cpython/cross-build/emsdk/6.0.9/emsdk/upstream/emscripten/emcc  -fno-omit-frame-pointer -mno-omit-leaf-frame-pointer  -fno-strict-overflow -Wsign-compare -Wunreachable-code -DNDEBUG -g -O3 -Wall -DPY_CALL_TRAMPOLINE -sUSE_BZIP2   -std=c11 -Wextra -Wno-unused-parameter -Wno-missing-field-initializers -Wstrict-prototypes -Werror=implicit-function-declaration -fvisibility=hidden  -I../../../../Include/internal -I../../../../Include/internal/mimalloc -IObjects -IInclude -IPython -I. -I../../../../Include   -fPIC -DPy_BUILD_CORE_BUILTIN -c ../../../../Modules/socketmodule.c -o Modules/socketmodule.o
/workspaces/MyPython/cpython/cross-build/emsdk/6.0.9/emsdk/upstream/emscripten/emcc  -fno-omit-frame-pointer -mno-omit-leaf-frame-pointer  -fno-strict-overflow -Wsign-compare -Wunreachable-code -DNDEBUG -g -O3 -Wall -DPY_CALL_TRAMPOLINE -sUSE_BZIP2   -std=c11 -Wextra -Wno-unused-parameter -Wno-missing-field-initializers -Wstrict-prototypes -Werror=implicit-function-declaration -fvisibility=hidden  -I../../../../Include/internal -I../../../../Include/internal/mimalloc -IObjects -IInclude -IPython -I. -I../../../../Include   -fPIC -DPy_BUILD_CORE_BUILTIN -c ../../../../Modules/termios.c -o Modules/termios.o
../../../../Modules/socketmodule.c:4432:33: warning: comparison of integers of different signs: '__size_t' (aka 'unsigned long') and '__ptrdiff_t' (aka 'long') [-Wsign-compare]
 4432 |          cmsgh != NULL; cmsgh = CMSG_NXTHDR(&msg, cmsgh)) {
      |                                 ^~~~~~~~~~~~~~~~~~~~~~~~
/workspaces/MyPython/cpython/cross-build/emsdk/6.0.9/emsdk/upstream/emscripten/cache/sysroot/include/sys/socket.h:358:44: note: expanded from macro 'CMSG_NXTHDR'
  358 |         __CMSG_LEN(cmsg) + sizeof(struct cmsghdr) >= __MHDR_END(mhdr) - (unsigned char *)(cmsg) \
      |         ~~~~~~~~~~~~~~~~~~~~~~~~~~~~~~~~~~~~~~~~~ ^  ~~~~~~~~~~~~~~~~~~~~~~~~~~~~~~~~~~~~~~~~~~
../../../../Modules/socketmodule.c:4485:33: warning: comparison of integers of different signs: '__size_t' (aka 'unsigned long') and '__ptrdiff_t' (aka 'long') [-Wsign-compare]
 4485 |          cmsgh != NULL; cmsgh = CMSG_NXTHDR(&msg, cmsgh)) {
      |                                 ^~~~~~~~~~~~~~~~~~~~~~~~
/workspaces/MyPython/cpython/cross-build/emsdk/6.0.9/emsdk/upstream/emscripten/cache/sysroot/include/sys/socket.h:358:44: note: expanded from macro 'CMSG_NXTHDR'
  358 |         __CMSG_LEN(cmsg) + sizeof(struct cmsghdr) >= __MHDR_END(mhdr) - (unsigned char *)(cmsg) \
      |         ~~~~~~~~~~~~~~~~~~~~~~~~~~~~~~~~~~~~~~~~~ ^  ~~~~~~~~~~~~~~~~~~~~~~~~~~~~~~~~~~~~~~~~~~
../../../../Modules/socketmodule.c:5147:54: warning: comparison of integers of different signs: '__size_t' (aka 'unsigned long') and '__ptrdiff_t' (aka 'long') [-Wsign-compare]
 5147 |             cmsgh = (i == 0) ? CMSG_FIRSTHDR(&msg) : CMSG_NXTHDR(&msg, cmsgh);
      |                                                      ^~~~~~~~~~~~~~~~~~~~~~~~
/workspaces/MyPython/cpython/cross-build/emsdk/6.0.9/emsdk/upstream/emscripten/cache/sysroot/include/sys/socket.h:358:44: note: expanded from macro 'CMSG_NXTHDR'
  358 |         __CMSG_LEN(cmsg) + sizeof(struct cmsghdr) >= __MHDR_END(mhdr) - (unsigned char *)(cmsg) \
      |         ~~~~~~~~~~~~~~~~~~~~~~~~~~~~~~~~~~~~~~~~~ ^  ~~~~~~~~~~~~~~~~~~~~~~~~~~~~~~~~~~~~~~~~~~
/workspaces/MyPython/cpython/cross-build/emsdk/6.0.9/emsdk/upstream/emscripten/emcc -fno-strict-overflow -I/workspaces/MyPython/cpython/cross-build/emsdk/6.0.9/prefix/include  -fno-omit-frame-pointer -mno-omit-leaf-frame-pointer  -fno-strict-overflow -Wsign-compare -Wunreachable-code -DNDEBUG -g -O3 -Wall -DPY_CALL_TRAMPOLINE -sUSE_BZIP2   -std=c11 -Wextra -Wno-unused-parameter -Wno-missing-field-initializers -Wstrict-prototypes -Werror=implicit-function-declaration -fvisibility=hidden  -I../../../../Include/internal -I../../../../Include/internal/mimalloc -IObjects -IInclude -IPython -I. -I../../../../Include   -fPIC -DPy_BUILD_CORE_BUILTIN -c ../../../../Modules/_ctypes/_ctypes.c -o Modules/_ctypes/_ctypes.o
3 warnings generated.
/workspaces/MyPython/cpython/cross-build/emsdk/6.0.9/emsdk/upstream/emscripten/emcc -fno-strict-overflow -I/workspaces/MyPython/cpython/cross-build/emsdk/6.0.9/prefix/include  -fno-omit-frame-pointer -mno-omit-leaf-frame-pointer  -fno-strict-overflow -Wsign-compare -Wunreachable-code -DNDEBUG -g -O3 -Wall -DPY_CALL_TRAMPOLINE -sUSE_BZIP2   -std=c11 -Wextra -Wno-unused-parameter -Wno-missing-field-initializers -Wstrict-prototypes -Werror=implicit-function-declaration -fvisibility=hidden  -I../../../../Include/internal -I../../../../Include/internal/mimalloc -IObjects -IInclude -IPython -I. -I../../../../Include   -fPIC -DPy_BUILD_CORE_BUILTIN -c ../../../../Modules/_ctypes/callbacks.c -o Modules/_ctypes/callbacks.o
/workspaces/MyPython/cpython/cross-build/emsdk/6.0.9/emsdk/upstream/emscripten/emcc -fno-strict-overflow -I/workspaces/MyPython/cpython/cross-build/emsdk/6.0.9/prefix/include  -fno-omit-frame-pointer -mno-omit-leaf-frame-pointer  -fno-strict-overflow -Wsign-compare -Wunreachable-code -DNDEBUG -g -O3 -Wall -DPY_CALL_TRAMPOLINE -sUSE_BZIP2   -std=c11 -Wextra -Wno-unused-parameter -Wno-missing-field-initializers -Wstrict-prototypes -Werror=implicit-function-declaration -fvisibility=hidden  -I../../../../Include/internal -I../../../../Include/internal/mimalloc -IObjects -IInclude -IPython -I. -I../../../../Include   -fPIC -DPy_BUILD_CORE_BUILTIN -c ../../../../Modules/_ctypes/callproc.c -o Modules/_ctypes/callproc.o
/workspaces/MyPython/cpython/cross-build/emsdk/6.0.9/emsdk/upstream/emscripten/emcc -fno-strict-overflow -I/workspaces/MyPython/cpython/cross-build/emsdk/6.0.9/prefix/include  -fno-omit-frame-pointer -mno-omit-leaf-frame-pointer  -fno-strict-overflow -Wsign-compare -Wunreachable-code -DNDEBUG -g -O3 -Wall -DPY_CALL_TRAMPOLINE -sUSE_BZIP2   -std=c11 -Wextra -Wno-unused-parameter -Wno-missing-field-initializers -Wstrict-prototypes -Werror=implicit-function-declaration -fvisibility=hidden  -I../../../../Include/internal -I../../../../Include/internal/mimalloc -IObjects -IInclude -IPython -I. -I../../../../Include   -fPIC -DPy_BUILD_CORE_BUILTIN -c ../../../../Modules/_ctypes/stgdict.c -o Modules/_ctypes/stgdict.o
/workspaces/MyPython/cpython/cross-build/emsdk/6.0.9/emsdk/upstream/emscripten/emcc -fno-strict-overflow -I/workspaces/MyPython/cpython/cross-build/emsdk/6.0.9/prefix/include  -fno-omit-frame-pointer -mno-omit-leaf-frame-pointer  -fno-strict-overflow -Wsign-compare -Wunreachable-code -DNDEBUG -g -O3 -Wall -DPY_CALL_TRAMPOLINE -sUSE_BZIP2   -std=c11 -Wextra -Wno-unused-parameter -Wno-missing-field-initializers -Wstrict-prototypes -Werror=implicit-function-declaration -fvisibility=hidden  -I../../../../Include/internal -I../../../../Include/internal/mimalloc -IObjects -IInclude -IPython -I. -I../../../../Include   -fPIC -DPy_BUILD_CORE_BUILTIN -c ../../../../Modules/_ctypes/cfield.c -o Modules/_ctypes/cfield.o
/workspaces/MyPython/cpython/cross-build/emsdk/6.0.9/emsdk/upstream/emscripten/emcc -sUSE_SQLITE3 -I../../../../Modules/_sqlite -fno-omit-frame-pointer -mno-omit-leaf-frame-pointer  -fno-strict-overflow -Wsign-compare -Wunreachable-code -DNDEBUG -g -O3 -Wall -DPY_CALL_TRAMPOLINE -sUSE_BZIP2   -std=c11 -Wextra -Wno-unused-parameter -Wno-missing-field-initializers -Wstrict-prototypes -Werror=implicit-function-declaration -fvisibility=hidden  -I../../../../Include/internal -I../../../../Include/internal/mimalloc -IObjects -IInclude -IPython -I. -I../../../../Include   -fPIC -DPy_BUILD_CORE_BUILTIN -c ../../../../Modules/_sqlite/blob.c -o Modules/_sqlite/blob.o
/workspaces/MyPython/cpython/cross-build/emsdk/6.0.9/emsdk/upstream/emscripten/emcc -sUSE_SQLITE3 -I../../../../Modules/_sqlite -fno-omit-frame-pointer -mno-omit-leaf-frame-pointer  -fno-strict-overflow -Wsign-compare -Wunreachable-code -DNDEBUG -g -O3 -Wall -DPY_CALL_TRAMPOLINE -sUSE_BZIP2   -std=c11 -Wextra -Wno-unused-parameter -Wno-missing-field-initializers -Wstrict-prototypes -Werror=implicit-function-declaration -fvisibility=hidden  -I../../../../Include/internal -I../../../../Include/internal/mimalloc -IObjects -IInclude -IPython -I. -I../../../../Include   -fPIC -DPy_BUILD_CORE_BUILTIN -c ../../../../Modules/_sqlite/connection.c -o Modules/_sqlite/connection.o
/workspaces/MyPython/cpython/cross-build/emsdk/6.0.9/emsdk/upstream/emscripten/emcc -sUSE_SQLITE3 -I../../../../Modules/_sqlite -fno-omit-frame-pointer -mno-omit-leaf-frame-pointer  -fno-strict-overflow -Wsign-compare -Wunreachable-code -DNDEBUG -g -O3 -Wall -DPY_CALL_TRAMPOLINE -sUSE_BZIP2   -std=c11 -Wextra -Wno-unused-parameter -Wno-missing-field-initializers -Wstrict-prototypes -Werror=implicit-function-declaration -fvisibility=hidden  -I../../../../Include/internal -I../../../../Include/internal/mimalloc -IObjects -IInclude -IPython -I. -I../../../../Include   -fPIC -DPy_BUILD_CORE_BUILTIN -c ../../../../Modules/_sqlite/cursor.c -o Modules/_sqlite/cursor.o
../../../../Modules/_sqlite/connection.c:2352:19: warning: result of comparison of constant 9223372036854775807 with expression of type 'Py_ssize_t' (aka 'long') is always false [-Wtautological-constant-out-of-range-compare]
 2352 |     if (data->len > 9223372036854775807) {  // (1 << 63) - 1
      |         ~~~~~~~~~ ^ ~~~~~~~~~~~~~~~~~~~
1 warning generated.
/workspaces/MyPython/cpython/cross-build/emsdk/6.0.9/emsdk/upstream/emscripten/emcc -sUSE_SQLITE3 -I../../../../Modules/_sqlite -fno-omit-frame-pointer -mno-omit-leaf-frame-pointer  -fno-strict-overflow -Wsign-compare -Wunreachable-code -DNDEBUG -g -O3 -Wall -DPY_CALL_TRAMPOLINE -sUSE_BZIP2   -std=c11 -Wextra -Wno-unused-parameter -Wno-missing-field-initializers -Wstrict-prototypes -Werror=implicit-function-declaration -fvisibility=hidden  -I../../../../Include/internal -I../../../../Include/internal/mimalloc -IObjects -IInclude -IPython -I. -I../../../../Include   -fPIC -DPy_BUILD_CORE_BUILTIN -c ../../../../Modules/_sqlite/microprotocols.c -o Modules/_sqlite/microprotocols.o
/workspaces/MyPython/cpython/cross-build/emsdk/6.0.9/emsdk/upstream/emscripten/emcc -sUSE_SQLITE3 -I../../../../Modules/_sqlite -fno-omit-frame-pointer -mno-omit-leaf-frame-pointer  -fno-strict-overflow -Wsign-compare -Wunreachable-code -DNDEBUG -g -O3 -Wall -DPY_CALL_TRAMPOLINE -sUSE_BZIP2   -std=c11 -Wextra -Wno-unused-parameter -Wno-missing-field-initializers -Wstrict-prototypes -Werror=implicit-function-declaration -fvisibility=hidden  -I../../../../Include/internal -I../../../../Include/internal/mimalloc -IObjects -IInclude -IPython -I. -I../../../../Include   -fPIC -DPy_BUILD_CORE_BUILTIN -c ../../../../Modules/_sqlite/module.c -o Modules/_sqlite/module.o
/workspaces/MyPython/cpython/cross-build/emsdk/6.0.9/emsdk/upstream/emscripten/emcc -sUSE_SQLITE3 -I../../../../Modules/_sqlite -fno-omit-frame-pointer -mno-omit-leaf-frame-pointer  -fno-strict-overflow -Wsign-compare -Wunreachable-code -DNDEBUG -g -O3 -Wall -DPY_CALL_TRAMPOLINE -sUSE_BZIP2   -std=c11 -Wextra -Wno-unused-parameter -Wno-missing-field-initializers -Wstrict-prototypes -Werror=implicit-function-declaration -fvisibility=hidden  -I../../../../Include/internal -I../../../../Include/internal/mimalloc -IObjects -IInclude -IPython -I. -I../../../../Include   -fPIC -DPy_BUILD_CORE_BUILTIN -c ../../../../Modules/_sqlite/prepare_protocol.c -o Modules/_sqlite/prepare_protocol.o
/workspaces/MyPython/cpython/cross-build/emsdk/6.0.9/emsdk/upstream/emscripten/emcc -sUSE_SQLITE3 -I../../../../Modules/_sqlite -fno-omit-frame-pointer -mno-omit-leaf-frame-pointer  -fno-strict-overflow -Wsign-compare -Wunreachable-code -DNDEBUG -g -O3 -Wall -DPY_CALL_TRAMPOLINE -sUSE_BZIP2   -std=c11 -Wextra -Wno-unused-parameter -Wno-missing-field-initializers -Wstrict-prototypes -Werror=implicit-function-declaration -fvisibility=hidden  -I../../../../Include/internal -I../../../../Include/internal/mimalloc -IObjects -IInclude -IPython -I. -I../../../../Include   -fPIC -DPy_BUILD_CORE_BUILTIN -c ../../../../Modules/_sqlite/row.c -o Modules/_sqlite/row.o
/workspaces/MyPython/cpython/cross-build/emsdk/6.0.9/emsdk/upstream/emscripten/emcc -sUSE_SQLITE3 -I../../../../Modules/_sqlite -fno-omit-frame-pointer -mno-omit-leaf-frame-pointer  -fno-strict-overflow -Wsign-compare -Wunreachable-code -DNDEBUG -g -O3 -Wall -DPY_CALL_TRAMPOLINE -sUSE_BZIP2   -std=c11 -Wextra -Wno-unused-parameter -Wno-missing-field-initializers -Wstrict-prototypes -Werror=implicit-function-declaration -fvisibility=hidden  -I../../../../Include/internal -I../../../../Include/internal/mimalloc -IObjects -IInclude -IPython -I. -I../../../../Include   -fPIC -DPy_BUILD_CORE_BUILTIN -c ../../../../Modules/_sqlite/statement.c -o Modules/_sqlite/statement.o
/workspaces/MyPython/cpython/cross-build/emsdk/6.0.9/emsdk/upstream/emscripten/emcc -sUSE_SQLITE3 -I../../../../Modules/_sqlite -fno-omit-frame-pointer -mno-omit-leaf-frame-pointer  -fno-strict-overflow -Wsign-compare -Wunreachable-code -DNDEBUG -g -O3 -Wall -DPY_CALL_TRAMPOLINE -sUSE_BZIP2   -std=c11 -Wextra -Wno-unused-parameter -Wno-missing-field-initializers -Wstrict-prototypes -Werror=implicit-function-declaration -fvisibility=hidden  -I../../../../Include/internal -I../../../../Include/internal/mimalloc -IObjects -IInclude -IPython -I. -I../../../../Include   -fPIC -DPy_BUILD_CORE_BUILTIN -c ../../../../Modules/_sqlite/util.c -o Modules/_sqlite/util.o
/workspaces/MyPython/cpython/cross-build/emsdk/6.0.9/emsdk/upstream/emscripten/emcc  -fno-omit-frame-pointer -mno-omit-leaf-frame-pointer  -fno-strict-overflow -Wsign-compare -Wunreachable-code -DNDEBUG -g -O3 -Wall -DPY_CALL_TRAMPOLINE -sUSE_BZIP2   -std=c11 -Wextra -Wno-unused-parameter -Wno-missing-field-initializers -Wstrict-prototypes -Werror=implicit-function-declaration -fvisibility=hidden  -I../../../../Include/internal -I../../../../Include/internal/mimalloc -IObjects -IInclude -IPython -I. -I../../../../Include   -fPIC -DPy_BUILD_CORE_BUILTIN -c ../../../../Modules/xxsubtype.c -o Modules/xxsubtype.o
/workspaces/MyPython/cpython/cross-build/emsdk/6.0.9/emsdk/upstream/emscripten/emcc  -fno-omit-frame-pointer -mno-omit-leaf-frame-pointer  -fno-strict-overflow -Wsign-compare -Wunreachable-code -DNDEBUG -g -O3 -Wall -DPY_CALL_TRAMPOLINE -sUSE_BZIP2   -std=c11 -Wextra -Wno-unused-parameter -Wno-missing-field-initializers -Wstrict-prototypes -Werror=implicit-function-declaration -fvisibility=hidden  -I../../../../Include/internal -I../../../../Include/internal/mimalloc -IObjects -IInclude -IPython -I. -I../../../../Include   -fPIC -DPy_BUILD_CORE_BUILTIN -c ../../../../Modules/_xxtestfuzz/_xxtestfuzz.c -o Modules/_xxtestfuzz/_xxtestfuzz.o
/workspaces/MyPython/cpython/cross-build/emsdk/6.0.9/emsdk/upstream/emscripten/emcc  -fno-omit-frame-pointer -mno-omit-leaf-frame-pointer  -fno-strict-overflow -Wsign-compare -Wunreachable-code -DNDEBUG -g -O3 -Wall -DPY_CALL_TRAMPOLINE -sUSE_BZIP2   -std=c11 -Wextra -Wno-unused-parameter -Wno-missing-field-initializers -Wstrict-prototypes -Werror=implicit-function-declaration -fvisibility=hidden  -I../../../../Include/internal -I../../../../Include/internal/mimalloc -IObjects -IInclude -IPython -I. -I../../../../Include   -fPIC -DPy_BUILD_CORE_BUILTIN -c ../../../../Modules/_xxtestfuzz/fuzzer.c -o Modules/_xxtestfuzz/fuzzer.o
/workspaces/MyPython/cpython/cross-build/emsdk/6.0.9/emsdk/upstream/emscripten/emcc  -fno-omit-frame-pointer -mno-omit-leaf-frame-pointer  -fno-strict-overflow -Wsign-compare -Wunreachable-code -DNDEBUG -g -O3 -Wall -DPY_CALL_TRAMPOLINE -sUSE_BZIP2   -std=c11 -Wextra -Wno-unused-parameter -Wno-missing-field-initializers -Wstrict-prototypes -Werror=implicit-function-declaration -fvisibility=hidden  -I../../../../Include/internal -I../../../../Include/internal/mimalloc -IObjects -IInclude -IPython -I. -I../../../../Include   -fPIC -DPy_BUILD_CORE_BUILTIN -c ../../../../Modules/_testbuffer.c -o Modules/_testbuffer.o
/workspaces/MyPython/cpython/cross-build/emsdk/6.0.9/emsdk/upstream/emscripten/emcc  -fno-omit-frame-pointer -mno-omit-leaf-frame-pointer  -fno-strict-overflow -Wsign-compare -Wunreachable-code -DNDEBUG -g -O3 -Wall -DPY_CALL_TRAMPOLINE -sUSE_BZIP2   -std=c11 -Wextra -Wno-unused-parameter -Wno-missing-field-initializers -Wstrict-prototypes -Werror=implicit-function-declaration -fvisibility=hidden  -I../../../../Include/internal -I../../../../Include/internal/mimalloc -IObjects -IInclude -IPython -I. -I../../../../Include   -fPIC -DPy_BUILD_CORE_BUILTIN -c ../../../../Modules/_testinternalcapi.c -o Modules/_testinternalcapi.o
/workspaces/MyPython/cpython/cross-build/emsdk/6.0.9/emsdk/upstream/emscripten/emcc  -fno-omit-frame-pointer -mno-omit-leaf-frame-pointer  -fno-strict-overflow -Wsign-compare -Wunreachable-code -DNDEBUG -g -O3 -Wall -DPY_CALL_TRAMPOLINE -sUSE_BZIP2   -std=c11 -Wextra -Wno-unused-parameter -Wno-missing-field-initializers -Wstrict-prototypes -Werror=implicit-function-declaration -fvisibility=hidden  -I../../../../Include/internal -I../../../../Include/internal/mimalloc -IObjects -IInclude -IPython -I. -I../../../../Include   -fPIC -DPy_BUILD_CORE_BUILTIN -c ../../../../Modules/_testinternalcapi/test_lock.c -o Modules/_testinternalcapi/test_lock.o
/workspaces/MyPython/cpython/cross-build/emsdk/6.0.9/emsdk/upstream/emscripten/emcc  -fno-omit-frame-pointer -mno-omit-leaf-frame-pointer  -fno-strict-overflow -Wsign-compare -Wunreachable-code -DNDEBUG -g -O3 -Wall -DPY_CALL_TRAMPOLINE -sUSE_BZIP2   -std=c11 -Wextra -Wno-unused-parameter -Wno-missing-field-initializers -Wstrict-prototypes -Werror=implicit-function-declaration -fvisibility=hidden  -I../../../../Include/internal -I../../../../Include/internal/mimalloc -IObjects -IInclude -IPython -I. -I../../../../Include   -fPIC -DPy_BUILD_CORE_BUILTIN -c ../../../../Modules/_testinternalcapi/pytime.c -o Modules/_testinternalcapi/pytime.o
/workspaces/MyPython/cpython/cross-build/emsdk/6.0.9/emsdk/upstream/emscripten/emcc  -fno-omit-frame-pointer -mno-omit-leaf-frame-pointer  -fno-strict-overflow -Wsign-compare -Wunreachable-code -DNDEBUG -g -O3 -Wall -DPY_CALL_TRAMPOLINE -sUSE_BZIP2   -std=c11 -Wextra -Wno-unused-parameter -Wno-missing-field-initializers -Wstrict-prototypes -Werror=implicit-function-declaration -fvisibility=hidden  -I../../../../Include/internal -I../../../../Include/internal/mimalloc -IObjects -IInclude -IPython -I. -I../../../../Include   -fPIC -DPy_BUILD_CORE_BUILTIN -c ../../../../Modules/_testinternalcapi/set.c -o Modules/_testinternalcapi/set.o
/workspaces/MyPython/cpython/cross-build/emsdk/6.0.9/emsdk/upstream/emscripten/emcc  -fno-omit-frame-pointer -mno-omit-leaf-frame-pointer  -fno-strict-overflow -Wsign-compare -Wunreachable-code -DNDEBUG -g -O3 -Wall -DPY_CALL_TRAMPOLINE -sUSE_BZIP2   -std=c11 -Wextra -Wno-unused-parameter -Wno-missing-field-initializers -Wstrict-prototypes -Werror=implicit-function-declaration -fvisibility=hidden  -I../../../../Include/internal -I../../../../Include/internal/mimalloc -IObjects -IInclude -IPython -I. -I../../../../Include   -fPIC -DPy_BUILD_CORE_BUILTIN -c ../../../../Modules/_testinternalcapi/test_critical_sections.c -o Modules/_testinternalcapi/test_critical_sections.o
/workspaces/MyPython/cpython/cross-build/emsdk/6.0.9/emsdk/upstream/emscripten/emcc  -fno-omit-frame-pointer -mno-omit-leaf-frame-pointer  -fno-strict-overflow -Wsign-compare -Wunreachable-code -DNDEBUG -g -O3 -Wall -DPY_CALL_TRAMPOLINE -sUSE_BZIP2   -std=c11 -Wextra -Wno-unused-parameter -Wno-missing-field-initializers -Wstrict-prototypes -Werror=implicit-function-declaration -fvisibility=hidden  -I../../../../Include/internal -I../../../../Include/internal/mimalloc -IObjects -IInclude -IPython -I. -I../../../../Include   -fPIC -DPy_BUILD_CORE_BUILTIN -c ../../../../Modules/_testinternalcapi/complex.c -o Modules/_testinternalcapi/complex.o
/workspaces/MyPython/cpython/cross-build/emsdk/6.0.9/emsdk/upstream/emscripten/emcc  -fno-omit-frame-pointer -mno-omit-leaf-frame-pointer  -fno-strict-overflow -Wsign-compare -Wunreachable-code -DNDEBUG -g -O3 -Wall -DPY_CALL_TRAMPOLINE -sUSE_BZIP2   -std=c11 -Wextra -Wno-unused-parameter -Wno-missing-field-initializers -Wstrict-prototypes -Werror=implicit-function-declaration -fvisibility=hidden  -I../../../../Include/internal -I../../../../Include/internal/mimalloc -IObjects -IInclude -IPython -I. -I../../../../Include   -fPIC -DPy_BUILD_CORE_BUILTIN -c ../../../../Modules/_testinternalcapi/interpreter.c -o Modules/_testinternalcapi/interpreter.o
/workspaces/MyPython/cpython/cross-build/emsdk/6.0.9/emsdk/upstream/emscripten/emcc  -fno-omit-frame-pointer -mno-omit-leaf-frame-pointer  -fno-strict-overflow -Wsign-compare -Wunreachable-code -DNDEBUG -g -O3 -Wall -DPY_CALL_TRAMPOLINE -sUSE_BZIP2   -std=c11 -Wextra -Wno-unused-parameter -Wno-missing-field-initializers -Wstrict-prototypes -Werror=implicit-function-declaration -fvisibility=hidden  -I../../../../Include/internal -I../../../../Include/internal/mimalloc -IObjects -IInclude -IPython -I. -I../../../../Include   -fPIC -DPy_BUILD_CORE_BUILTIN -c ../../../../Modules/_testinternalcapi/tokenizer.c -o Modules/_testinternalcapi/tokenizer.o
/workspaces/MyPython/cpython/cross-build/emsdk/6.0.9/emsdk/upstream/emscripten/emcc  -fno-omit-frame-pointer -mno-omit-leaf-frame-pointer  -fno-strict-overflow -Wsign-compare -Wunreachable-code -DNDEBUG -g -O3 -Wall -DPY_CALL_TRAMPOLINE -sUSE_BZIP2   -std=c11 -Wextra -Wno-unused-parameter -Wno-missing-field-initializers -Wstrict-prototypes -Werror=implicit-function-declaration -fvisibility=hidden  -I../../../../Include/internal -I../../../../Include/internal/mimalloc -IObjects -IInclude -IPython -I. -I../../../../Include   -fPIC -DPy_BUILD_CORE_BUILTIN -c ../../../../Modules/_testinternalcapi/tuple.c -o Modules/_testinternalcapi/tuple.o
/workspaces/MyPython/cpython/cross-build/emsdk/6.0.9/emsdk/upstream/emscripten/emcc  -fno-omit-frame-pointer -mno-omit-leaf-frame-pointer  -fno-strict-overflow -Wsign-compare -Wunreachable-code -DNDEBUG -g -O3 -Wall -DPY_CALL_TRAMPOLINE -sUSE_BZIP2   -std=c11 -Wextra -Wno-unused-parameter -Wno-missing-field-initializers -Wstrict-prototypes -Werror=implicit-function-declaration -fvisibility=hidden  -I../../../../Include/internal -I../../../../Include/internal/mimalloc -IObjects -IInclude -IPython -I. -I../../../../Include   -fPIC -DPy_BUILD_CORE_BUILTIN -c ../../../../Modules/_testinternalcapi/typecache.c -o Modules/_testinternalcapi/typecache.o
/workspaces/MyPython/cpython/cross-build/emsdk/6.0.9/emsdk/upstream/emscripten/emcc  -fno-omit-frame-pointer -mno-omit-leaf-frame-pointer  -fno-strict-overflow -Wsign-compare -Wunreachable-code -DNDEBUG -g -O3 -Wall -DPY_CALL_TRAMPOLINE -sUSE_BZIP2   -std=c11 -Wextra -Wno-unused-parameter -Wno-missing-field-initializers -Wstrict-prototypes -Werror=implicit-function-declaration -fvisibility=hidden  -I../../../../Include/internal -I../../../../Include/internal/mimalloc -IObjects -IInclude -IPython -I. -I../../../../Include   -fPIC -DPy_BUILD_CORE_BUILTIN -c ../../../../Modules/_testcapimodule.c -o Modules/_testcapimodule.o
/workspaces/MyPython/cpython/cross-build/emsdk/6.0.9/emsdk/upstream/emscripten/emcc  -fno-omit-frame-pointer -mno-omit-leaf-frame-pointer  -fno-strict-overflow -Wsign-compare -Wunreachable-code -DNDEBUG -g -O3 -Wall -DPY_CALL_TRAMPOLINE -sUSE_BZIP2   -std=c11 -Wextra -Wno-unused-parameter -Wno-missing-field-initializers -Wstrict-prototypes -Werror=implicit-function-declaration -fvisibility=hidden  -I../../../../Include/internal -I../../../../Include/internal/mimalloc -IObjects -IInclude -IPython -I. -I../../../../Include   -fPIC -DPy_BUILD_CORE_BUILTIN -c ../../../../Modules/_testcapi/vectorcall.c -o Modules/_testcapi/vectorcall.o
/workspaces/MyPython/cpython/cross-build/emsdk/6.0.9/emsdk/upstream/emscripten/emcc  -fno-omit-frame-pointer -mno-omit-leaf-frame-pointer  -fno-strict-overflow -Wsign-compare -Wunreachable-code -DNDEBUG -g -O3 -Wall -DPY_CALL_TRAMPOLINE -sUSE_BZIP2   -std=c11 -Wextra -Wno-unused-parameter -Wno-missing-field-initializers -Wstrict-prototypes -Werror=implicit-function-declaration -fvisibility=hidden  -I../../../../Include/internal -I../../../../Include/internal/mimalloc -IObjects -IInclude -IPython -I. -I../../../../Include   -fPIC -DPy_BUILD_CORE_BUILTIN -c ../../../../Modules/_testcapi/heaptype.c -o Modules/_testcapi/heaptype.o
/workspaces/MyPython/cpython/cross-build/emsdk/6.0.9/emsdk/upstream/emscripten/emcc  -fno-omit-frame-pointer -mno-omit-leaf-frame-pointer  -fno-strict-overflow -Wsign-compare -Wunreachable-code -DNDEBUG -g -O3 -Wall -DPY_CALL_TRAMPOLINE -sUSE_BZIP2   -std=c11 -Wextra -Wno-unused-parameter -Wno-missing-field-initializers -Wstrict-prototypes -Werror=implicit-function-declaration -fvisibility=hidden  -I../../../../Include/internal -I../../../../Include/internal/mimalloc -IObjects -IInclude -IPython -I. -I../../../../Include   -fPIC -DPy_BUILD_CORE_BUILTIN -c ../../../../Modules/_testcapi/abstract.c -o Modules/_testcapi/abstract.o
/workspaces/MyPython/cpython/cross-build/emsdk/6.0.9/emsdk/upstream/emscripten/emcc  -fno-omit-frame-pointer -mno-omit-leaf-frame-pointer  -fno-strict-overflow -Wsign-compare -Wunreachable-code -DNDEBUG -g -O3 -Wall -DPY_CALL_TRAMPOLINE -sUSE_BZIP2   -std=c11 -Wextra -Wno-unused-parameter -Wno-missing-field-initializers -Wstrict-prototypes -Werror=implicit-function-declaration -fvisibility=hidden  -I../../../../Include/internal -I../../../../Include/internal/mimalloc -IObjects -IInclude -IPython -I. -I../../../../Include   -fPIC -DPy_BUILD_CORE_BUILTIN -c ../../../../Modules/_testcapi/unicode.c -o Modules/_testcapi/unicode.o
/workspaces/MyPython/cpython/cross-build/emsdk/6.0.9/emsdk/upstream/emscripten/emcc  -fno-omit-frame-pointer -mno-omit-leaf-frame-pointer  -fno-strict-overflow -Wsign-compare -Wunreachable-code -DNDEBUG -g -O3 -Wall -DPY_CALL_TRAMPOLINE -sUSE_BZIP2   -std=c11 -Wextra -Wno-unused-parameter -Wno-missing-field-initializers -Wstrict-prototypes -Werror=implicit-function-declaration -fvisibility=hidden  -I../../../../Include/internal -I../../../../Include/internal/mimalloc -IObjects -IInclude -IPython -I. -I../../../../Include   -fPIC -DPy_BUILD_CORE_BUILTIN -c ../../../../Modules/_testcapi/dict.c -o Modules/_testcapi/dict.o
/workspaces/MyPython/cpython/cross-build/emsdk/6.0.9/emsdk/upstream/emscripten/emcc  -fno-omit-frame-pointer -mno-omit-leaf-frame-pointer  -fno-strict-overflow -Wsign-compare -Wunreachable-code -DNDEBUG -g -O3 -Wall -DPY_CALL_TRAMPOLINE -sUSE_BZIP2   -std=c11 -Wextra -Wno-unused-parameter -Wno-missing-field-initializers -Wstrict-prototypes -Werror=implicit-function-declaration -fvisibility=hidden  -I../../../../Include/internal -I../../../../Include/internal/mimalloc -IObjects -IInclude -IPython -I. -I../../../../Include   -fPIC -DPy_BUILD_CORE_BUILTIN -c ../../../../Modules/_testcapi/set.c -o Modules/_testcapi/set.o
/workspaces/MyPython/cpython/cross-build/emsdk/6.0.9/emsdk/upstream/emscripten/emcc  -fno-omit-frame-pointer -mno-omit-leaf-frame-pointer  -fno-strict-overflow -Wsign-compare -Wunreachable-code -DNDEBUG -g -O3 -Wall -DPY_CALL_TRAMPOLINE -sUSE_BZIP2   -std=c11 -Wextra -Wno-unused-parameter -Wno-missing-field-initializers -Wstrict-prototypes -Werror=implicit-function-declaration -fvisibility=hidden  -I../../../../Include/internal -I../../../../Include/internal/mimalloc -IObjects -IInclude -IPython -I. -I../../../../Include   -fPIC -DPy_BUILD_CORE_BUILTIN -c ../../../../Modules/_testcapi/list.c -o Modules/_testcapi/list.o
/workspaces/MyPython/cpython/cross-build/emsdk/6.0.9/emsdk/upstream/emscripten/emcc  -fno-omit-frame-pointer -mno-omit-leaf-frame-pointer  -fno-strict-overflow -Wsign-compare -Wunreachable-code -DNDEBUG -g -O3 -Wall -DPY_CALL_TRAMPOLINE -sUSE_BZIP2   -std=c11 -Wextra -Wno-unused-parameter -Wno-missing-field-initializers -Wstrict-prototypes -Werror=implicit-function-declaration -fvisibility=hidden  -I../../../../Include/internal -I../../../../Include/internal/mimalloc -IObjects -IInclude -IPython -I. -I../../../../Include   -fPIC -DPy_BUILD_CORE_BUILTIN -c ../../../../Modules/_testcapi/tuple.c -o Modules/_testcapi/tuple.o
/workspaces/MyPython/cpython/cross-build/emsdk/6.0.9/emsdk/upstream/emscripten/emcc  -fno-omit-frame-pointer -mno-omit-leaf-frame-pointer  -fno-strict-overflow -Wsign-compare -Wunreachable-code -DNDEBUG -g -O3 -Wall -DPY_CALL_TRAMPOLINE -sUSE_BZIP2   -std=c11 -Wextra -Wno-unused-parameter -Wno-missing-field-initializers -Wstrict-prototypes -Werror=implicit-function-declaration -fvisibility=hidden  -I../../../../Include/internal -I../../../../Include/internal/mimalloc -IObjects -IInclude -IPython -I. -I../../../../Include   -fPIC -DPy_BUILD_CORE_BUILTIN -c ../../../../Modules/_testcapi/getargs.c -o Modules/_testcapi/getargs.o
/workspaces/MyPython/cpython/cross-build/emsdk/6.0.9/emsdk/upstream/emscripten/emcc  -fno-omit-frame-pointer -mno-omit-leaf-frame-pointer  -fno-strict-overflow -Wsign-compare -Wunreachable-code -DNDEBUG -g -O3 -Wall -DPY_CALL_TRAMPOLINE -sUSE_BZIP2   -std=c11 -Wextra -Wno-unused-parameter -Wno-missing-field-initializers -Wstrict-prototypes -Werror=implicit-function-declaration -fvisibility=hidden  -I../../../../Include/internal -I../../../../Include/internal/mimalloc -IObjects -IInclude -IPython -I. -I../../../../Include   -fPIC -DPy_BUILD_CORE_BUILTIN -c ../../../../Modules/_testcapi/datetime.c -o Modules/_testcapi/datetime.o
/workspaces/MyPython/cpython/cross-build/emsdk/6.0.9/emsdk/upstream/emscripten/emcc  -fno-omit-frame-pointer -mno-omit-leaf-frame-pointer  -fno-strict-overflow -Wsign-compare -Wunreachable-code -DNDEBUG -g -O3 -Wall -DPY_CALL_TRAMPOLINE -sUSE_BZIP2   -std=c11 -Wextra -Wno-unused-parameter -Wno-missing-field-initializers -Wstrict-prototypes -Werror=implicit-function-declaration -fvisibility=hidden  -I../../../../Include/internal -I../../../../Include/internal/mimalloc -IObjects -IInclude -IPython -I. -I../../../../Include   -fPIC -DPy_BUILD_CORE_BUILTIN -c ../../../../Modules/_testcapi/docstring.c -o Modules/_testcapi/docstring.o
/workspaces/MyPython/cpython/cross-build/emsdk/6.0.9/emsdk/upstream/emscripten/emcc  -fno-omit-frame-pointer -mno-omit-leaf-frame-pointer  -fno-strict-overflow -Wsign-compare -Wunreachable-code -DNDEBUG -g -O3 -Wall -DPY_CALL_TRAMPOLINE -sUSE_BZIP2   -std=c11 -Wextra -Wno-unused-parameter -Wno-missing-field-initializers -Wstrict-prototypes -Werror=implicit-function-declaration -fvisibility=hidden  -I../../../../Include/internal -I../../../../Include/internal/mimalloc -IObjects -IInclude -IPython -I. -I../../../../Include   -fPIC -DPy_BUILD_CORE_BUILTIN -c ../../../../Modules/_testcapi/mem.c -o Modules/_testcapi/mem.o
/workspaces/MyPython/cpython/cross-build/emsdk/6.0.9/emsdk/upstream/emscripten/emcc  -fno-omit-frame-pointer -mno-omit-leaf-frame-pointer  -fno-strict-overflow -Wsign-compare -Wunreachable-code -DNDEBUG -g -O3 -Wall -DPY_CALL_TRAMPOLINE -sUSE_BZIP2   -std=c11 -Wextra -Wno-unused-parameter -Wno-missing-field-initializers -Wstrict-prototypes -Werror=implicit-function-declaration -fvisibility=hidden  -I../../../../Include/internal -I../../../../Include/internal/mimalloc -IObjects -IInclude -IPython -I. -I../../../../Include   -fPIC -DPy_BUILD_CORE_BUILTIN -c ../../../../Modules/_testcapi/watchers.c -o Modules/_testcapi/watchers.o
/workspaces/MyPython/cpython/cross-build/emsdk/6.0.9/emsdk/upstream/emscripten/emcc  -fno-omit-frame-pointer -mno-omit-leaf-frame-pointer  -fno-strict-overflow -Wsign-compare -Wunreachable-code -DNDEBUG -g -O3 -Wall -DPY_CALL_TRAMPOLINE -sUSE_BZIP2   -std=c11 -Wextra -Wno-unused-parameter -Wno-missing-field-initializers -Wstrict-prototypes -Werror=implicit-function-declaration -fvisibility=hidden  -I../../../../Include/internal -I../../../../Include/internal/mimalloc -IObjects -IInclude -IPython -I. -I../../../../Include   -fPIC -DPy_BUILD_CORE_BUILTIN -c ../../../../Modules/_testcapi/long.c -o Modules/_testcapi/long.o
/workspaces/MyPython/cpython/cross-build/emsdk/6.0.9/emsdk/upstream/emscripten/emcc  -fno-omit-frame-pointer -mno-omit-leaf-frame-pointer  -fno-strict-overflow -Wsign-compare -Wunreachable-code -DNDEBUG -g -O3 -Wall -DPY_CALL_TRAMPOLINE -sUSE_BZIP2   -std=c11 -Wextra -Wno-unused-parameter -Wno-missing-field-initializers -Wstrict-prototypes -Werror=implicit-function-declaration -fvisibility=hidden  -I../../../../Include/internal -I../../../../Include/internal/mimalloc -IObjects -IInclude -IPython -I. -I../../../../Include   -fPIC -DPy_BUILD_CORE_BUILTIN -c ../../../../Modules/_testcapi/float.c -o Modules/_testcapi/float.o
/workspaces/MyPython/cpython/cross-build/emsdk/6.0.9/emsdk/upstream/emscripten/emcc  -fno-omit-frame-pointer -mno-omit-leaf-frame-pointer  -fno-strict-overflow -Wsign-compare -Wunreachable-code -DNDEBUG -g -O3 -Wall -DPY_CALL_TRAMPOLINE -sUSE_BZIP2   -std=c11 -Wextra -Wno-unused-parameter -Wno-missing-field-initializers -Wstrict-prototypes -Werror=implicit-function-declaration -fvisibility=hidden  -I../../../../Include/internal -I../../../../Include/internal/mimalloc -IObjects -IInclude -IPython -I. -I../../../../Include   -fPIC -DPy_BUILD_CORE_BUILTIN -c ../../../../Modules/_testcapi/complex.c -o Modules/_testcapi/complex.o
/workspaces/MyPython/cpython/cross-build/emsdk/6.0.9/emsdk/upstream/emscripten/emcc  -fno-omit-frame-pointer -mno-omit-leaf-frame-pointer  -fno-strict-overflow -Wsign-compare -Wunreachable-code -DNDEBUG -g -O3 -Wall -DPY_CALL_TRAMPOLINE -sUSE_BZIP2   -std=c11 -Wextra -Wno-unused-parameter -Wno-missing-field-initializers -Wstrict-prototypes -Werror=implicit-function-declaration -fvisibility=hidden  -I../../../../Include/internal -I../../../../Include/internal/mimalloc -IObjects -IInclude -IPython -I. -I../../../../Include   -fPIC -DPy_BUILD_CORE_BUILTIN -c ../../../../Modules/_testcapi/numbers.c -o Modules/_testcapi/numbers.o
/workspaces/MyPython/cpython/cross-build/emsdk/6.0.9/emsdk/upstream/emscripten/emcc  -fno-omit-frame-pointer -mno-omit-leaf-frame-pointer  -fno-strict-overflow -Wsign-compare -Wunreachable-code -DNDEBUG -g -O3 -Wall -DPY_CALL_TRAMPOLINE -sUSE_BZIP2   -std=c11 -Wextra -Wno-unused-parameter -Wno-missing-field-initializers -Wstrict-prototypes -Werror=implicit-function-declaration -fvisibility=hidden  -I../../../../Include/internal -I../../../../Include/internal/mimalloc -IObjects -IInclude -IPython -I. -I../../../../Include   -fPIC -DPy_BUILD_CORE_BUILTIN -c ../../../../Modules/_testcapi/structmember.c -o Modules/_testcapi/structmember.o
/workspaces/MyPython/cpython/cross-build/emsdk/6.0.9/emsdk/upstream/emscripten/emcc  -fno-omit-frame-pointer -mno-omit-leaf-frame-pointer  -fno-strict-overflow -Wsign-compare -Wunreachable-code -DNDEBUG -g -O3 -Wall -DPY_CALL_TRAMPOLINE -sUSE_BZIP2   -std=c11 -Wextra -Wno-unused-parameter -Wno-missing-field-initializers -Wstrict-prototypes -Werror=implicit-function-declaration -fvisibility=hidden  -I../../../../Include/internal -I../../../../Include/internal/mimalloc -IObjects -IInclude -IPython -I. -I../../../../Include   -fPIC -DPy_BUILD_CORE_BUILTIN -c ../../../../Modules/_testcapi/exceptions.c -o Modules/_testcapi/exceptions.o
/workspaces/MyPython/cpython/cross-build/emsdk/6.0.9/emsdk/upstream/emscripten/emcc  -fno-omit-frame-pointer -mno-omit-leaf-frame-pointer  -fno-strict-overflow -Wsign-compare -Wunreachable-code -DNDEBUG -g -O3 -Wall -DPY_CALL_TRAMPOLINE -sUSE_BZIP2   -std=c11 -Wextra -Wno-unused-parameter -Wno-missing-field-initializers -Wstrict-prototypes -Werror=implicit-function-declaration -fvisibility=hidden  -I../../../../Include/internal -I../../../../Include/internal/mimalloc -IObjects -IInclude -IPython -I. -I../../../../Include   -fPIC -DPy_BUILD_CORE_BUILTIN -c ../../../../Modules/_testcapi/code.c -o Modules/_testcapi/code.o
/workspaces/MyPython/cpython/cross-build/emsdk/6.0.9/emsdk/upstream/emscripten/emcc  -fno-omit-frame-pointer -mno-omit-leaf-frame-pointer  -fno-strict-overflow -Wsign-compare -Wunreachable-code -DNDEBUG -g -O3 -Wall -DPY_CALL_TRAMPOLINE -sUSE_BZIP2   -std=c11 -Wextra -Wno-unused-parameter -Wno-missing-field-initializers -Wstrict-prototypes -Werror=implicit-function-declaration -fvisibility=hidden  -I../../../../Include/internal -I../../../../Include/internal/mimalloc -IObjects -IInclude -IPython -I. -I../../../../Include   -fPIC -DPy_BUILD_CORE_BUILTIN -c ../../../../Modules/_testcapi/buffer.c -o Modules/_testcapi/buffer.o
/workspaces/MyPython/cpython/cross-build/emsdk/6.0.9/emsdk/upstream/emscripten/emcc  -fno-omit-frame-pointer -mno-omit-leaf-frame-pointer  -fno-strict-overflow -Wsign-compare -Wunreachable-code -DNDEBUG -g -O3 -Wall -DPY_CALL_TRAMPOLINE -sUSE_BZIP2   -std=c11 -Wextra -Wno-unused-parameter -Wno-missing-field-initializers -Wstrict-prototypes -Werror=implicit-function-declaration -fvisibility=hidden  -I../../../../Include/internal -I../../../../Include/internal/mimalloc -IObjects -IInclude -IPython -I. -I../../../../Include   -fPIC -DPy_BUILD_CORE_BUILTIN -c ../../../../Modules/_testcapi/pyatomic.c -o Modules/_testcapi/pyatomic.o
/workspaces/MyPython/cpython/cross-build/emsdk/6.0.9/emsdk/upstream/emscripten/emcc  -fno-omit-frame-pointer -mno-omit-leaf-frame-pointer  -fno-strict-overflow -Wsign-compare -Wunreachable-code -DNDEBUG -g -O3 -Wall -DPY_CALL_TRAMPOLINE -sUSE_BZIP2   -std=c11 -Wextra -Wno-unused-parameter -Wno-missing-field-initializers -Wstrict-prototypes -Werror=implicit-function-declaration -fvisibility=hidden  -I../../../../Include/internal -I../../../../Include/internal/mimalloc -IObjects -IInclude -IPython -I. -I../../../../Include   -fPIC -DPy_BUILD_CORE_BUILTIN -c ../../../../Modules/_testcapi/run.c -o Modules/_testcapi/run.o
/workspaces/MyPython/cpython/cross-build/emsdk/6.0.9/emsdk/upstream/emscripten/emcc  -fno-omit-frame-pointer -mno-omit-leaf-frame-pointer  -fno-strict-overflow -Wsign-compare -Wunreachable-code -DNDEBUG -g -O3 -Wall -DPY_CALL_TRAMPOLINE -sUSE_BZIP2   -std=c11 -Wextra -Wno-unused-parameter -Wno-missing-field-initializers -Wstrict-prototypes -Werror=implicit-function-declaration -fvisibility=hidden  -I../../../../Include/internal -I../../../../Include/internal/mimalloc -IObjects -IInclude -IPython -I. -I../../../../Include   -fPIC -DPy_BUILD_CORE_BUILTIN -c ../../../../Modules/_testcapi/file.c -o Modules/_testcapi/file.o
/workspaces/MyPython/cpython/cross-build/emsdk/6.0.9/emsdk/upstream/emscripten/emcc  -fno-omit-frame-pointer -mno-omit-leaf-frame-pointer  -fno-strict-overflow -Wsign-compare -Wunreachable-code -DNDEBUG -g -O3 -Wall -DPY_CALL_TRAMPOLINE -sUSE_BZIP2   -std=c11 -Wextra -Wno-unused-parameter -Wno-missing-field-initializers -Wstrict-prototypes -Werror=implicit-function-declaration -fvisibility=hidden  -I../../../../Include/internal -I../../../../Include/internal/mimalloc -IObjects -IInclude -IPython -I. -I../../../../Include   -fPIC -DPy_BUILD_CORE_BUILTIN -c ../../../../Modules/_testcapi/codec.c -o Modules/_testcapi/codec.o
/workspaces/MyPython/cpython/cross-build/emsdk/6.0.9/emsdk/upstream/emscripten/emcc  -fno-omit-frame-pointer -mno-omit-leaf-frame-pointer  -fno-strict-overflow -Wsign-compare -Wunreachable-code -DNDEBUG -g -O3 -Wall -DPY_CALL_TRAMPOLINE -sUSE_BZIP2   -std=c11 -Wextra -Wno-unused-parameter -Wno-missing-field-initializers -Wstrict-prototypes -Werror=implicit-function-declaration -fvisibility=hidden  -I../../../../Include/internal -I../../../../Include/internal/mimalloc -IObjects -IInclude -IPython -I. -I../../../../Include   -fPIC -DPy_BUILD_CORE_BUILTIN -c ../../../../Modules/_testcapi/immortal.c -o Modules/_testcapi/immortal.o
/workspaces/MyPython/cpython/cross-build/emsdk/6.0.9/emsdk/upstream/emscripten/emcc  -fno-omit-frame-pointer -mno-omit-leaf-frame-pointer  -fno-strict-overflow -Wsign-compare -Wunreachable-code -DNDEBUG -g -O3 -Wall -DPY_CALL_TRAMPOLINE -sUSE_BZIP2   -std=c11 -Wextra -Wno-unused-parameter -Wno-missing-field-initializers -Wstrict-prototypes -Werror=implicit-function-declaration -fvisibility=hidden  -I../../../../Include/internal -I../../../../Include/internal/mimalloc -IObjects -IInclude -IPython -I. -I../../../../Include   -fPIC -DPy_BUILD_CORE_BUILTIN -c ../../../../Modules/_testcapi/gc.c -o Modules/_testcapi/gc.o
/workspaces/MyPython/cpython/cross-build/emsdk/6.0.9/emsdk/upstream/emscripten/emcc  -fno-omit-frame-pointer -mno-omit-leaf-frame-pointer  -fno-strict-overflow -Wsign-compare -Wunreachable-code -DNDEBUG -g -O3 -Wall -DPY_CALL_TRAMPOLINE -sUSE_BZIP2   -std=c11 -Wextra -Wno-unused-parameter -Wno-missing-field-initializers -Wstrict-prototypes -Werror=implicit-function-declaration -fvisibility=hidden  -I../../../../Include/internal -I../../../../Include/internal/mimalloc -IObjects -IInclude -IPython -I. -I../../../../Include   -fPIC -DPy_BUILD_CORE_BUILTIN -c ../../../../Modules/_testcapi/hash.c -o Modules/_testcapi/hash.o
/workspaces/MyPython/cpython/cross-build/emsdk/6.0.9/emsdk/upstream/emscripten/emcc  -fno-omit-frame-pointer -mno-omit-leaf-frame-pointer  -fno-strict-overflow -Wsign-compare -Wunreachable-code -DNDEBUG -g -O3 -Wall -DPY_CALL_TRAMPOLINE -sUSE_BZIP2   -std=c11 -Wextra -Wno-unused-parameter -Wno-missing-field-initializers -Wstrict-prototypes -Werror=implicit-function-declaration -fvisibility=hidden  -I../../../../Include/internal -I../../../../Include/internal/mimalloc -IObjects -IInclude -IPython -I. -I../../../../Include   -fPIC -DPy_BUILD_CORE_BUILTIN -c ../../../../Modules/_testcapi/time.c -o Modules/_testcapi/time.o
/workspaces/MyPython/cpython/cross-build/emsdk/6.0.9/emsdk/upstream/emscripten/emcc  -fno-omit-frame-pointer -mno-omit-leaf-frame-pointer  -fno-strict-overflow -Wsign-compare -Wunreachable-code -DNDEBUG -g -O3 -Wall -DPY_CALL_TRAMPOLINE -sUSE_BZIP2   -std=c11 -Wextra -Wno-unused-parameter -Wno-missing-field-initializers -Wstrict-prototypes -Werror=implicit-function-declaration -fvisibility=hidden  -I../../../../Include/internal -I../../../../Include/internal/mimalloc -IObjects -IInclude -IPython -I. -I../../../../Include   -fPIC -DPy_BUILD_CORE_BUILTIN -c ../../../../Modules/_testcapi/bytes.c -o Modules/_testcapi/bytes.o
/workspaces/MyPython/cpython/cross-build/emsdk/6.0.9/emsdk/upstream/emscripten/emcc  -fno-omit-frame-pointer -mno-omit-leaf-frame-pointer  -fno-strict-overflow -Wsign-compare -Wunreachable-code -DNDEBUG -g -O3 -Wall -DPY_CALL_TRAMPOLINE -sUSE_BZIP2   -std=c11 -Wextra -Wno-unused-parameter -Wno-missing-field-initializers -Wstrict-prototypes -Werror=implicit-function-declaration -fvisibility=hidden  -I../../../../Include/internal -I../../../../Include/internal/mimalloc -IObjects -IInclude -IPython -I. -I../../../../Include   -fPIC -DPy_BUILD_CORE_BUILTIN -c ../../../../Modules/_testcapi/object.c -o Modules/_testcapi/object.o
/workspaces/MyPython/cpython/cross-build/emsdk/6.0.9/emsdk/upstream/emscripten/emcc  -fno-omit-frame-pointer -mno-omit-leaf-frame-pointer  -fno-strict-overflow -Wsign-compare -Wunreachable-code -DNDEBUG -g -O3 -Wall -DPY_CALL_TRAMPOLINE -sUSE_BZIP2   -std=c11 -Wextra -Wno-unused-parameter -Wno-missing-field-initializers -Wstrict-prototypes -Werror=implicit-function-declaration -fvisibility=hidden  -I../../../../Include/internal -I../../../../Include/internal/mimalloc -IObjects -IInclude -IPython -I. -I../../../../Include   -fPIC -DPy_BUILD_CORE_BUILTIN -c ../../../../Modules/_testcapi/modsupport.c -o Modules/_testcapi/modsupport.o
/workspaces/MyPython/cpython/cross-build/emsdk/6.0.9/emsdk/upstream/emscripten/emcc  -fno-omit-frame-pointer -mno-omit-leaf-frame-pointer  -fno-strict-overflow -Wsign-compare -Wunreachable-code -DNDEBUG -g -O3 -Wall -DPY_CALL_TRAMPOLINE -sUSE_BZIP2   -std=c11 -Wextra -Wno-unused-parameter -Wno-missing-field-initializers -Wstrict-prototypes -Werror=implicit-function-declaration -fvisibility=hidden  -I../../../../Include/internal -I../../../../Include/internal/mimalloc -IObjects -IInclude -IPython -I. -I../../../../Include   -fPIC -DPy_BUILD_CORE_BUILTIN -c ../../../../Modules/_testcapi/monitoring.c -o Modules/_testcapi/monitoring.o
/workspaces/MyPython/cpython/cross-build/emsdk/6.0.9/emsdk/upstream/emscripten/emcc  -fno-omit-frame-pointer -mno-omit-leaf-frame-pointer  -fno-strict-overflow -Wsign-compare -Wunreachable-code -DNDEBUG -g -O3 -Wall -DPY_CALL_TRAMPOLINE -sUSE_BZIP2   -std=c11 -Wextra -Wno-unused-parameter -Wno-missing-field-initializers -Wstrict-prototypes -Werror=implicit-function-declaration -fvisibility=hidden  -I../../../../Include/internal -I../../../../Include/internal/mimalloc -IObjects -IInclude -IPython -I. -I../../../../Include   -fPIC -DPy_BUILD_CORE_BUILTIN -c ../../../../Modules/_testcapi/config.c -o Modules/_testcapi/config.o
/workspaces/MyPython/cpython/cross-build/emsdk/6.0.9/emsdk/upstream/emscripten/emcc  -fno-omit-frame-pointer -mno-omit-leaf-frame-pointer  -fno-strict-overflow -Wsign-compare -Wunreachable-code -DNDEBUG -g -O3 -Wall -DPY_CALL_TRAMPOLINE -sUSE_BZIP2   -std=c11 -Wextra -Wno-unused-parameter -Wno-missing-field-initializers -Wstrict-prototypes -Werror=implicit-function-declaration -fvisibility=hidden  -I../../../../Include/internal -I../../../../Include/internal/mimalloc -IObjects -IInclude -IPython -I. -I../../../../Include   -fPIC -DPy_BUILD_CORE_BUILTIN -c ../../../../Modules/_testcapi/import.c -o Modules/_testcapi/import.o
/workspaces/MyPython/cpython/cross-build/emsdk/6.0.9/emsdk/upstream/emscripten/emcc  -fno-omit-frame-pointer -mno-omit-leaf-frame-pointer  -fno-strict-overflow -Wsign-compare -Wunreachable-code -DNDEBUG -g -O3 -Wall -DPY_CALL_TRAMPOLINE -sUSE_BZIP2   -std=c11 -Wextra -Wno-unused-parameter -Wno-missing-field-initializers -Wstrict-prototypes -Werror=implicit-function-declaration -fvisibility=hidden  -I../../../../Include/internal -I../../../../Include/internal/mimalloc -IObjects -IInclude -IPython -I. -I../../../../Include   -fPIC -DPy_BUILD_CORE_BUILTIN -c ../../../../Modules/_testcapi/frame.c -o Modules/_testcapi/frame.o
/workspaces/MyPython/cpython/cross-build/emsdk/6.0.9/emsdk/upstream/emscripten/emcc  -fno-omit-frame-pointer -mno-omit-leaf-frame-pointer  -fno-strict-overflow -Wsign-compare -Wunreachable-code -DNDEBUG -g -O3 -Wall -DPY_CALL_TRAMPOLINE -sUSE_BZIP2   -std=c11 -Wextra -Wno-unused-parameter -Wno-missing-field-initializers -Wstrict-prototypes -Werror=implicit-function-declaration -fvisibility=hidden  -I../../../../Include/internal -I../../../../Include/internal/mimalloc -IObjects -IInclude -IPython -I. -I../../../../Include   -fPIC -DPy_BUILD_CORE_BUILTIN -c ../../../../Modules/_testcapi/type.c -o Modules/_testcapi/type.o
/workspaces/MyPython/cpython/cross-build/emsdk/6.0.9/emsdk/upstream/emscripten/emcc  -fno-omit-frame-pointer -mno-omit-leaf-frame-pointer  -fno-strict-overflow -Wsign-compare -Wunreachable-code -DNDEBUG -g -O3 -Wall -DPY_CALL_TRAMPOLINE -sUSE_BZIP2   -std=c11 -Wextra -Wno-unused-parameter -Wno-missing-field-initializers -Wstrict-prototypes -Werror=implicit-function-declaration -fvisibility=hidden  -I../../../../Include/internal -I../../../../Include/internal/mimalloc -IObjects -IInclude -IPython -I. -I../../../../Include   -fPIC -DPy_BUILD_CORE_BUILTIN -c ../../../../Modules/_testcapi/function.c -o Modules/_testcapi/function.o
/workspaces/MyPython/cpython/cross-build/emsdk/6.0.9/emsdk/upstream/emscripten/emcc  -fno-omit-frame-pointer -mno-omit-leaf-frame-pointer  -fno-strict-overflow -Wsign-compare -Wunreachable-code -DNDEBUG -g -O3 -Wall -DPY_CALL_TRAMPOLINE -sUSE_BZIP2   -std=c11 -Wextra -Wno-unused-parameter -Wno-missing-field-initializers -Wstrict-prototypes -Werror=implicit-function-declaration -fvisibility=hidden  -I../../../../Include/internal -I../../../../Include/internal/mimalloc -IObjects -IInclude -IPython -I. -I../../../../Include   -fPIC -DPy_BUILD_CORE_BUILTIN -c ../../../../Modules/_testcapi/module.c -o Modules/_testcapi/module.o
/workspaces/MyPython/cpython/cross-build/emsdk/6.0.9/emsdk/upstream/emscripten/emcc  -fno-omit-frame-pointer -mno-omit-leaf-frame-pointer  -fno-strict-overflow -Wsign-compare -Wunreachable-code -DNDEBUG -g -O3 -Wall -DPY_CALL_TRAMPOLINE -sUSE_BZIP2   -std=c11 -Wextra -Wno-unused-parameter -Wno-missing-field-initializers -Wstrict-prototypes -Werror=implicit-function-declaration -fvisibility=hidden  -I../../../../Include/internal -I../../../../Include/internal/mimalloc -IObjects -IInclude -IPython -I. -I../../../../Include   -fPIC -DPy_BUILD_CORE_BUILTIN -c ../../../../Modules/_testcapi/weakref.c -o Modules/_testcapi/weakref.o
/workspaces/MyPython/cpython/cross-build/emsdk/6.0.9/emsdk/upstream/emscripten/emcc  -fno-omit-frame-pointer -mno-omit-leaf-frame-pointer  -fno-strict-overflow -Wsign-compare -Wunreachable-code -DNDEBUG -g -O3 -Wall -DPY_CALL_TRAMPOLINE -sUSE_BZIP2   -std=c11 -Wextra -Wno-unused-parameter -Wno-missing-field-initializers -Wstrict-prototypes -Werror=implicit-function-declaration -fvisibility=hidden  -I../../../../Include/internal -I../../../../Include/internal/mimalloc -IObjects -IInclude -IPython -I. -I../../../../Include   -fPIC -DPy_BUILD_CORE_BUILTIN -c ../../../../Modules/_testcapi/marshal.c -o Modules/_testcapi/marshal.o
/workspaces/MyPython/cpython/cross-build/emsdk/6.0.9/emsdk/upstream/emscripten/emcc  -fno-omit-frame-pointer -mno-omit-leaf-frame-pointer  -fno-strict-overflow -Wsign-compare -Wunreachable-code -DNDEBUG -g -O3 -Wall -DPY_CALL_TRAMPOLINE -sUSE_BZIP2   -std=c11 -Wextra -Wno-unused-parameter -Wno-missing-field-initializers -Wstrict-prototypes -Werror=implicit-function-declaration -fvisibility=hidden  -I../../../../Include/internal -I../../../../Include/internal/mimalloc -IObjects -IInclude -IPython -I. -I../../../../Include   -fPIC -DPy_BUILD_CORE_BUILTIN -c ../../../../Modules/_testlimitedcapi.c -o Modules/_testlimitedcapi.o
/workspaces/MyPython/cpython/cross-build/emsdk/6.0.9/emsdk/upstream/emscripten/emcc  -fno-omit-frame-pointer -mno-omit-leaf-frame-pointer  -fno-strict-overflow -Wsign-compare -Wunreachable-code -DNDEBUG -g -O3 -Wall -DPY_CALL_TRAMPOLINE -sUSE_BZIP2   -std=c11 -Wextra -Wno-unused-parameter -Wno-missing-field-initializers -Wstrict-prototypes -Werror=implicit-function-declaration -fvisibility=hidden  -I../../../../Include/internal -I../../../../Include/internal/mimalloc -IObjects -IInclude -IPython -I. -I../../../../Include   -fPIC -DPy_BUILD_CORE_BUILTIN -c ../../../../Modules/_testlimitedcapi/abstract.c -o Modules/_testlimitedcapi/abstract.o
/workspaces/MyPython/cpython/cross-build/emsdk/6.0.9/emsdk/upstream/emscripten/emcc  -fno-omit-frame-pointer -mno-omit-leaf-frame-pointer  -fno-strict-overflow -Wsign-compare -Wunreachable-code -DNDEBUG -g -O3 -Wall -DPY_CALL_TRAMPOLINE -sUSE_BZIP2   -std=c11 -Wextra -Wno-unused-parameter -Wno-missing-field-initializers -Wstrict-prototypes -Werror=implicit-function-declaration -fvisibility=hidden  -I../../../../Include/internal -I../../../../Include/internal/mimalloc -IObjects -IInclude -IPython -I. -I../../../../Include   -fPIC -DPy_BUILD_CORE_BUILTIN -c ../../../../Modules/_testlimitedcapi/bytearray.c -o Modules/_testlimitedcapi/bytearray.o
/workspaces/MyPython/cpython/cross-build/emsdk/6.0.9/emsdk/upstream/emscripten/emcc  -fno-omit-frame-pointer -mno-omit-leaf-frame-pointer  -fno-strict-overflow -Wsign-compare -Wunreachable-code -DNDEBUG -g -O3 -Wall -DPY_CALL_TRAMPOLINE -sUSE_BZIP2   -std=c11 -Wextra -Wno-unused-parameter -Wno-missing-field-initializers -Wstrict-prototypes -Werror=implicit-function-declaration -fvisibility=hidden  -I../../../../Include/internal -I../../../../Include/internal/mimalloc -IObjects -IInclude -IPython -I. -I../../../../Include   -fPIC -DPy_BUILD_CORE_BUILTIN -c ../../../../Modules/_testlimitedcapi/bytes.c -o Modules/_testlimitedcapi/bytes.o
/workspaces/MyPython/cpython/cross-build/emsdk/6.0.9/emsdk/upstream/emscripten/emcc  -fno-omit-frame-pointer -mno-omit-leaf-frame-pointer  -fno-strict-overflow -Wsign-compare -Wunreachable-code -DNDEBUG -g -O3 -Wall -DPY_CALL_TRAMPOLINE -sUSE_BZIP2   -std=c11 -Wextra -Wno-unused-parameter -Wno-missing-field-initializers -Wstrict-prototypes -Werror=implicit-function-declaration -fvisibility=hidden  -I../../../../Include/internal -I../../../../Include/internal/mimalloc -IObjects -IInclude -IPython -I. -I../../../../Include   -fPIC -DPy_BUILD_CORE_BUILTIN -c ../../../../Modules/_testlimitedcapi/capsule.c -o Modules/_testlimitedcapi/capsule.o
/workspaces/MyPython/cpython/cross-build/emsdk/6.0.9/emsdk/upstream/emscripten/emcc  -fno-omit-frame-pointer -mno-omit-leaf-frame-pointer  -fno-strict-overflow -Wsign-compare -Wunreachable-code -DNDEBUG -g -O3 -Wall -DPY_CALL_TRAMPOLINE -sUSE_BZIP2   -std=c11 -Wextra -Wno-unused-parameter -Wno-missing-field-initializers -Wstrict-prototypes -Werror=implicit-function-declaration -fvisibility=hidden  -I../../../../Include/internal -I../../../../Include/internal/mimalloc -IObjects -IInclude -IPython -I. -I../../../../Include   -fPIC -DPy_BUILD_CORE_BUILTIN -c ../../../../Modules/_testlimitedcapi/codec.c -o Modules/_testlimitedcapi/codec.o
/workspaces/MyPython/cpython/cross-build/emsdk/6.0.9/emsdk/upstream/emscripten/emcc  -fno-omit-frame-pointer -mno-omit-leaf-frame-pointer  -fno-strict-overflow -Wsign-compare -Wunreachable-code -DNDEBUG -g -O3 -Wall -DPY_CALL_TRAMPOLINE -sUSE_BZIP2   -std=c11 -Wextra -Wno-unused-parameter -Wno-missing-field-initializers -Wstrict-prototypes -Werror=implicit-function-declaration -fvisibility=hidden  -I../../../../Include/internal -I../../../../Include/internal/mimalloc -IObjects -IInclude -IPython -I. -I../../../../Include   -fPIC -DPy_BUILD_CORE_BUILTIN -c ../../../../Modules/_testlimitedcapi/complex.c -o Modules/_testlimitedcapi/complex.o
/workspaces/MyPython/cpython/cross-build/emsdk/6.0.9/emsdk/upstream/emscripten/emcc  -fno-omit-frame-pointer -mno-omit-leaf-frame-pointer  -fno-strict-overflow -Wsign-compare -Wunreachable-code -DNDEBUG -g -O3 -Wall -DPY_CALL_TRAMPOLINE -sUSE_BZIP2   -std=c11 -Wextra -Wno-unused-parameter -Wno-missing-field-initializers -Wstrict-prototypes -Werror=implicit-function-declaration -fvisibility=hidden  -I../../../../Include/internal -I../../../../Include/internal/mimalloc -IObjects -IInclude -IPython -I. -I../../../../Include   -fPIC -DPy_BUILD_CORE_BUILTIN -c ../../../../Modules/_testlimitedcapi/dict.c -o Modules/_testlimitedcapi/dict.o
/workspaces/MyPython/cpython/cross-build/emsdk/6.0.9/emsdk/upstream/emscripten/emcc  -fno-omit-frame-pointer -mno-omit-leaf-frame-pointer  -fno-strict-overflow -Wsign-compare -Wunreachable-code -DNDEBUG -g -O3 -Wall -DPY_CALL_TRAMPOLINE -sUSE_BZIP2   -std=c11 -Wextra -Wno-unused-parameter -Wno-missing-field-initializers -Wstrict-prototypes -Werror=implicit-function-declaration -fvisibility=hidden  -I../../../../Include/internal -I../../../../Include/internal/mimalloc -IObjects -IInclude -IPython -I. -I../../../../Include   -fPIC -DPy_BUILD_CORE_BUILTIN -c ../../../../Modules/_testlimitedcapi/eval.c -o Modules/_testlimitedcapi/eval.o
/workspaces/MyPython/cpython/cross-build/emsdk/6.0.9/emsdk/upstream/emscripten/emcc  -fno-omit-frame-pointer -mno-omit-leaf-frame-pointer  -fno-strict-overflow -Wsign-compare -Wunreachable-code -DNDEBUG -g -O3 -Wall -DPY_CALL_TRAMPOLINE -sUSE_BZIP2   -std=c11 -Wextra -Wno-unused-parameter -Wno-missing-field-initializers -Wstrict-prototypes -Werror=implicit-function-declaration -fvisibility=hidden  -I../../../../Include/internal -I../../../../Include/internal/mimalloc -IObjects -IInclude -IPython -I. -I../../../../Include   -fPIC -DPy_BUILD_CORE_BUILTIN -c ../../../../Modules/_testlimitedcapi/float.c -o Modules/_testlimitedcapi/float.o
/workspaces/MyPython/cpython/cross-build/emsdk/6.0.9/emsdk/upstream/emscripten/emcc  -fno-omit-frame-pointer -mno-omit-leaf-frame-pointer  -fno-strict-overflow -Wsign-compare -Wunreachable-code -DNDEBUG -g -O3 -Wall -DPY_CALL_TRAMPOLINE -sUSE_BZIP2   -std=c11 -Wextra -Wno-unused-parameter -Wno-missing-field-initializers -Wstrict-prototypes -Werror=implicit-function-declaration -fvisibility=hidden  -I../../../../Include/internal -I../../../../Include/internal/mimalloc -IObjects -IInclude -IPython -I. -I../../../../Include   -fPIC -DPy_BUILD_CORE_BUILTIN -c ../../../../Modules/_testlimitedcapi/heaptype_relative.c -o Modules/_testlimitedcapi/heaptype_relative.o
/workspaces/MyPython/cpython/cross-build/emsdk/6.0.9/emsdk/upstream/emscripten/emcc  -fno-omit-frame-pointer -mno-omit-leaf-frame-pointer  -fno-strict-overflow -Wsign-compare -Wunreachable-code -DNDEBUG -g -O3 -Wall -DPY_CALL_TRAMPOLINE -sUSE_BZIP2   -std=c11 -Wextra -Wno-unused-parameter -Wno-missing-field-initializers -Wstrict-prototypes -Werror=implicit-function-declaration -fvisibility=hidden  -I../../../../Include/internal -I../../../../Include/internal/mimalloc -IObjects -IInclude -IPython -I. -I../../../../Include   -fPIC -DPy_BUILD_CORE_BUILTIN -c ../../../../Modules/_testlimitedcapi/import.c -o Modules/_testlimitedcapi/import.o
/workspaces/MyPython/cpython/cross-build/emsdk/6.0.9/emsdk/upstream/emscripten/emcc  -fno-omit-frame-pointer -mno-omit-leaf-frame-pointer  -fno-strict-overflow -Wsign-compare -Wunreachable-code -DNDEBUG -g -O3 -Wall -DPY_CALL_TRAMPOLINE -sUSE_BZIP2   -std=c11 -Wextra -Wno-unused-parameter -Wno-missing-field-initializers -Wstrict-prototypes -Werror=implicit-function-declaration -fvisibility=hidden  -I../../../../Include/internal -I../../../../Include/internal/mimalloc -IObjects -IInclude -IPython -I. -I../../../../Include   -fPIC -DPy_BUILD_CORE_BUILTIN -c ../../../../Modules/_testlimitedcapi/list.c -o Modules/_testlimitedcapi/list.o
/workspaces/MyPython/cpython/cross-build/emsdk/6.0.9/emsdk/upstream/emscripten/emcc  -fno-omit-frame-pointer -mno-omit-leaf-frame-pointer  -fno-strict-overflow -Wsign-compare -Wunreachable-code -DNDEBUG -g -O3 -Wall -DPY_CALL_TRAMPOLINE -sUSE_BZIP2   -std=c11 -Wextra -Wno-unused-parameter -Wno-missing-field-initializers -Wstrict-prototypes -Werror=implicit-function-declaration -fvisibility=hidden  -I../../../../Include/internal -I../../../../Include/internal/mimalloc -IObjects -IInclude -IPython -I. -I../../../../Include   -fPIC -DPy_BUILD_CORE_BUILTIN -c ../../../../Modules/_testlimitedcapi/long.c -o Modules/_testlimitedcapi/long.o
/workspaces/MyPython/cpython/cross-build/emsdk/6.0.9/emsdk/upstream/emscripten/emcc  -fno-omit-frame-pointer -mno-omit-leaf-frame-pointer  -fno-strict-overflow -Wsign-compare -Wunreachable-code -DNDEBUG -g -O3 -Wall -DPY_CALL_TRAMPOLINE -sUSE_BZIP2   -std=c11 -Wextra -Wno-unused-parameter -Wno-missing-field-initializers -Wstrict-prototypes -Werror=implicit-function-declaration -fvisibility=hidden  -I../../../../Include/internal -I../../../../Include/internal/mimalloc -IObjects -IInclude -IPython -I. -I../../../../Include   -fPIC -DPy_BUILD_CORE_BUILTIN -c ../../../../Modules/_testlimitedcapi/object.c -o Modules/_testlimitedcapi/object.o
/workspaces/MyPython/cpython/cross-build/emsdk/6.0.9/emsdk/upstream/emscripten/emcc  -fno-omit-frame-pointer -mno-omit-leaf-frame-pointer  -fno-strict-overflow -Wsign-compare -Wunreachable-code -DNDEBUG -g -O3 -Wall -DPY_CALL_TRAMPOLINE -sUSE_BZIP2   -std=c11 -Wextra -Wno-unused-parameter -Wno-missing-field-initializers -Wstrict-prototypes -Werror=implicit-function-declaration -fvisibility=hidden  -I../../../../Include/internal -I../../../../Include/internal/mimalloc -IObjects -IInclude -IPython -I. -I../../../../Include   -fPIC -DPy_BUILD_CORE_BUILTIN -c ../../../../Modules/_testlimitedcapi/pyos.c -o Modules/_testlimitedcapi/pyos.o
/workspaces/MyPython/cpython/cross-build/emsdk/6.0.9/emsdk/upstream/emscripten/emcc  -fno-omit-frame-pointer -mno-omit-leaf-frame-pointer  -fno-strict-overflow -Wsign-compare -Wunreachable-code -DNDEBUG -g -O3 -Wall -DPY_CALL_TRAMPOLINE -sUSE_BZIP2   -std=c11 -Wextra -Wno-unused-parameter -Wno-missing-field-initializers -Wstrict-prototypes -Werror=implicit-function-declaration -fvisibility=hidden  -I../../../../Include/internal -I../../../../Include/internal/mimalloc -IObjects -IInclude -IPython -I. -I../../../../Include   -fPIC -DPy_BUILD_CORE_BUILTIN -c ../../../../Modules/_testlimitedcapi/set.c -o Modules/_testlimitedcapi/set.o
/workspaces/MyPython/cpython/cross-build/emsdk/6.0.9/emsdk/upstream/emscripten/emcc  -fno-omit-frame-pointer -mno-omit-leaf-frame-pointer  -fno-strict-overflow -Wsign-compare -Wunreachable-code -DNDEBUG -g -O3 -Wall -DPY_CALL_TRAMPOLINE -sUSE_BZIP2   -std=c11 -Wextra -Wno-unused-parameter -Wno-missing-field-initializers -Wstrict-prototypes -Werror=implicit-function-declaration -fvisibility=hidden  -I../../../../Include/internal -I../../../../Include/internal/mimalloc -IObjects -IInclude -IPython -I. -I../../../../Include   -fPIC -DPy_BUILD_CORE_BUILTIN -c ../../../../Modules/_testlimitedcapi/slots.c -o Modules/_testlimitedcapi/slots.o
/workspaces/MyPython/cpython/cross-build/emsdk/6.0.9/emsdk/upstream/emscripten/emcc  -fno-omit-frame-pointer -mno-omit-leaf-frame-pointer  -fno-strict-overflow -Wsign-compare -Wunreachable-code -DNDEBUG -g -O3 -Wall -DPY_CALL_TRAMPOLINE -sUSE_BZIP2   -std=c11 -Wextra -Wno-unused-parameter -Wno-missing-field-initializers -Wstrict-prototypes -Werror=implicit-function-declaration -fvisibility=hidden  -I../../../../Include/internal -I../../../../Include/internal/mimalloc -IObjects -IInclude -IPython -I. -I../../../../Include   -fPIC -DPy_BUILD_CORE_BUILTIN -c ../../../../Modules/_testlimitedcapi/sys.c -o Modules/_testlimitedcapi/sys.o
/workspaces/MyPython/cpython/cross-build/emsdk/6.0.9/emsdk/upstream/emscripten/emcc  -fno-omit-frame-pointer -mno-omit-leaf-frame-pointer  -fno-strict-overflow -Wsign-compare -Wunreachable-code -DNDEBUG -g -O3 -Wall -DPY_CALL_TRAMPOLINE -sUSE_BZIP2   -std=c11 -Wextra -Wno-unused-parameter -Wno-missing-field-initializers -Wstrict-prototypes -Werror=implicit-function-declaration -fvisibility=hidden  -I../../../../Include/internal -I../../../../Include/internal/mimalloc -IObjects -IInclude -IPython -I. -I../../../../Include   -fPIC -DPy_BUILD_CORE_BUILTIN -c ../../../../Modules/_testlimitedcapi/threadstate.c -o Modules/_testlimitedcapi/threadstate.o
/workspaces/MyPython/cpython/cross-build/emsdk/6.0.9/emsdk/upstream/emscripten/emcc  -fno-omit-frame-pointer -mno-omit-leaf-frame-pointer  -fno-strict-overflow -Wsign-compare -Wunreachable-code -DNDEBUG -g -O3 -Wall -DPY_CALL_TRAMPOLINE -sUSE_BZIP2   -std=c11 -Wextra -Wno-unused-parameter -Wno-missing-field-initializers -Wstrict-prototypes -Werror=implicit-function-declaration -fvisibility=hidden  -I../../../../Include/internal -I../../../../Include/internal/mimalloc -IObjects -IInclude -IPython -I. -I../../../../Include   -fPIC -DPy_BUILD_CORE_BUILTIN -c ../../../../Modules/_testlimitedcapi/tuple.c -o Modules/_testlimitedcapi/tuple.o
/workspaces/MyPython/cpython/cross-build/emsdk/6.0.9/emsdk/upstream/emscripten/emcc  -fno-omit-frame-pointer -mno-omit-leaf-frame-pointer  -fno-strict-overflow -Wsign-compare -Wunreachable-code -DNDEBUG -g -O3 -Wall -DPY_CALL_TRAMPOLINE -sUSE_BZIP2   -std=c11 -Wextra -Wno-unused-parameter -Wno-missing-field-initializers -Wstrict-prototypes -Werror=implicit-function-declaration -fvisibility=hidden  -I../../../../Include/internal -I../../../../Include/internal/mimalloc -IObjects -IInclude -IPython -I. -I../../../../Include   -fPIC -DPy_BUILD_CORE_BUILTIN -c ../../../../Modules/_testlimitedcapi/unicode.c -o Modules/_testlimitedcapi/unicode.o
/workspaces/MyPython/cpython/cross-build/emsdk/6.0.9/emsdk/upstream/emscripten/emcc  -fno-omit-frame-pointer -mno-omit-leaf-frame-pointer  -fno-strict-overflow -Wsign-compare -Wunreachable-code -DNDEBUG -g -O3 -Wall -DPY_CALL_TRAMPOLINE -sUSE_BZIP2   -std=c11 -Wextra -Wno-unused-parameter -Wno-missing-field-initializers -Wstrict-prototypes -Werror=implicit-function-declaration -fvisibility=hidden  -I../../../../Include/internal -I../../../../Include/internal/mimalloc -IObjects -IInclude -IPython -I. -I../../../../Include   -fPIC -DPy_BUILD_CORE_BUILTIN -c ../../../../Modules/_testlimitedcapi/vectorcall_limited.c -o Modules/_testlimitedcapi/vectorcall_limited.o
/workspaces/MyPython/cpython/cross-build/emsdk/6.0.9/emsdk/upstream/emscripten/emcc  -fno-omit-frame-pointer -mno-omit-leaf-frame-pointer  -fno-strict-overflow -Wsign-compare -Wunreachable-code -DNDEBUG -g -O3 -Wall -DPY_CALL_TRAMPOLINE -sUSE_BZIP2   -std=c11 -Wextra -Wno-unused-parameter -Wno-missing-field-initializers -Wstrict-prototypes -Werror=implicit-function-declaration -fvisibility=hidden  -I../../../../Include/internal -I../../../../Include/internal/mimalloc -IObjects -IInclude -IPython -I. -I../../../../Include   -fPIC -DPy_BUILD_CORE_BUILTIN -c ../../../../Modules/_testlimitedcapi/version.c -o Modules/_testlimitedcapi/version.o
/workspaces/MyPython/cpython/cross-build/emsdk/6.0.9/emsdk/upstream/emscripten/emcc  -fno-omit-frame-pointer -mno-omit-leaf-frame-pointer  -fno-strict-overflow -Wsign-compare -Wunreachable-code -DNDEBUG -g -O3 -Wall -DPY_CALL_TRAMPOLINE -sUSE_BZIP2   -std=c11 -Wextra -Wno-unused-parameter -Wno-missing-field-initializers -Wstrict-prototypes -Werror=implicit-function-declaration -fvisibility=hidden  -I../../../../Include/internal -I../../../../Include/internal/mimalloc -IObjects -IInclude -IPython -I. -I../../../../Include   -fPIC -DPy_BUILD_CORE_BUILTIN -c ../../../../Modules/_testlimitedcapi/file.c -o Modules/_testlimitedcapi/file.o
/workspaces/MyPython/cpython/cross-build/emsdk/6.0.9/emsdk/upstream/emscripten/emcc  -fno-omit-frame-pointer -mno-omit-leaf-frame-pointer  -fno-strict-overflow -Wsign-compare -Wunreachable-code -DNDEBUG -g -O3 -Wall -DPY_CALL_TRAMPOLINE -sUSE_BZIP2   -std=c11 -Wextra -Wno-unused-parameter -Wno-missing-field-initializers -Wstrict-prototypes -Werror=implicit-function-declaration -fvisibility=hidden  -I../../../../Include/internal -I../../../../Include/internal/mimalloc -IObjects -IInclude -IPython -I. -I../../../../Include   -fPIC -DPy_BUILD_CORE_BUILTIN -c ../../../../Modules/_testlimitedcapi/weakref.c -o Modules/_testlimitedcapi/weakref.o
/workspaces/MyPython/cpython/cross-build/emsdk/6.0.9/emsdk/upstream/emscripten/emcc  -fno-omit-frame-pointer -mno-omit-leaf-frame-pointer  -fno-strict-overflow -Wsign-compare -Wunreachable-code -DNDEBUG -g -O3 -Wall -DPY_CALL_TRAMPOLINE -sUSE_BZIP2   -std=c11 -Wextra -Wno-unused-parameter -Wno-missing-field-initializers -Wstrict-prototypes -Werror=implicit-function-declaration -fvisibility=hidden  -I../../../../Include/internal -I../../../../Include/internal/mimalloc -IObjects -IInclude -IPython -I. -I../../../../Include   -fPIC -DPy_BUILD_CORE_BUILTIN -c ../../../../Modules/_testlimitedcapi/run.c -o Modules/_testlimitedcapi/run.o
/workspaces/MyPython/cpython/cross-build/emsdk/6.0.9/emsdk/upstream/emscripten/emcc  -fno-omit-frame-pointer -mno-omit-leaf-frame-pointer  -fno-strict-overflow -Wsign-compare -Wunreachable-code -DNDEBUG -g -O3 -Wall -DPY_CALL_TRAMPOLINE -sUSE_BZIP2   -std=c11 -Wextra -Wno-unused-parameter -Wno-missing-field-initializers -Wstrict-prototypes -Werror=implicit-function-declaration -fvisibility=hidden  -I../../../../Include/internal -I../../../../Include/internal/mimalloc -IObjects -IInclude -IPython -I. -I../../../../Include   -fPIC -DPy_BUILD_CORE_BUILTIN -c ../../../../Modules/_testlimitedcapi/type.c -o Modules/_testlimitedcapi/type.o
/workspaces/MyPython/cpython/cross-build/emsdk/6.0.9/emsdk/upstream/emscripten/emcc  -fno-omit-frame-pointer -mno-omit-leaf-frame-pointer  -fno-strict-overflow -Wsign-compare -Wunreachable-code -DNDEBUG -g -O3 -Wall -DPY_CALL_TRAMPOLINE -sUSE_BZIP2   -std=c11 -Wextra -Wno-unused-parameter -Wno-missing-field-initializers -Wstrict-prototypes -Werror=implicit-function-declaration -fvisibility=hidden  -I../../../../Include/internal -I../../../../Include/internal/mimalloc -IObjects -IInclude -IPython -I. -I../../../../Include   -fPIC -DPy_BUILD_CORE_BUILTIN -c ../../../../Modules/_testclinic.c -o Modules/_testclinic.o
/workspaces/MyPython/cpython/cross-build/emsdk/6.0.9/emsdk/upstream/emscripten/emcc  -fno-omit-frame-pointer -mno-omit-leaf-frame-pointer  -fno-strict-overflow -Wsign-compare -Wunreachable-code -DNDEBUG -g -O3 -Wall -DPY_CALL_TRAMPOLINE -sUSE_BZIP2   -std=c11 -Wextra -Wno-unused-parameter -Wno-missing-field-initializers -Wstrict-prototypes -Werror=implicit-function-declaration -fvisibility=hidden  -I../../../../Include/internal -I../../../../Include/internal/mimalloc -IObjects -IInclude -IPython -I. -I../../../../Include   -fPIC -DPy_BUILD_CORE_BUILTIN -c ../../../../Modules/_testclinic_limited.c -o Modules/_testclinic_limited.o
/workspaces/MyPython/cpython/cross-build/emsdk/6.0.9/emsdk/upstream/emscripten/emcc  -fno-omit-frame-pointer -mno-omit-leaf-frame-pointer  -fno-strict-overflow -Wsign-compare -Wunreachable-code -DNDEBUG -g -O3 -Wall -DPY_CALL_TRAMPOLINE -sUSE_BZIP2   -std=c11 -Wextra -Wno-unused-parameter -Wno-missing-field-initializers -Wstrict-prototypes -Werror=implicit-function-declaration -fvisibility=hidden  -I../../../../Include/internal -I../../../../Include/internal/mimalloc -IObjects -IInclude -IPython -I. -I../../../../Include   -fPIC -DPy_BUILD_CORE_BUILTIN -c ../../../../Modules/_asynciomodule.c -o Modules/_asynciomodule.o
/workspaces/MyPython/cpython/cross-build/emsdk/6.0.9/emsdk/upstream/emscripten/emcc  -fno-omit-frame-pointer -mno-omit-leaf-frame-pointer  -fno-strict-overflow -Wsign-compare -Wunreachable-code -DNDEBUG -g -O3 -Wall -DPY_CALL_TRAMPOLINE -sUSE_BZIP2   -std=c11 -Wextra -Wno-unused-parameter -Wno-missing-field-initializers -Wstrict-prototypes -Werror=implicit-function-declaration -fvisibility=hidden  -I../../../../Include/internal -I../../../../Include/internal/mimalloc -IObjects -IInclude -IPython -I. -I../../../../Include   -fPIC -DPy_BUILD_CORE_BUILTIN -c ../../../../Modules/atexitmodule.c -o Modules/atexitmodule.o
/workspaces/MyPython/cpython/cross-build/emsdk/6.0.9/emsdk/upstream/emscripten/emcc  -fno-omit-frame-pointer -mno-omit-leaf-frame-pointer  -fno-strict-overflow -Wsign-compare -Wunreachable-code -DNDEBUG -g -O3 -Wall -DPY_CALL_TRAMPOLINE -sUSE_BZIP2   -std=c11 -Wextra -Wno-unused-parameter -Wno-missing-field-initializers -Wstrict-prototypes -Werror=implicit-function-declaration -fvisibility=hidden  -I../../../../Include/internal -I../../../../Include/internal/mimalloc -IObjects -IInclude -IPython -I. -I../../../../Include   -fPIC -DPy_BUILD_CORE_BUILTIN -c ../../../../Modules/faulthandler.c -o Modules/faulthandler.o
/workspaces/MyPython/cpython/cross-build/emsdk/6.0.9/emsdk/upstream/emscripten/emcc  -fno-omit-frame-pointer -mno-omit-leaf-frame-pointer  -fno-strict-overflow -Wsign-compare -Wunreachable-code -DNDEBUG -g -O3 -Wall -DPY_CALL_TRAMPOLINE -sUSE_BZIP2   -std=c11 -Wextra -Wno-unused-parameter -Wno-missing-field-initializers -Wstrict-prototypes -Werror=implicit-function-declaration -fvisibility=hidden  -I../../../../Include/internal -I../../../../Include/internal/mimalloc -IObjects -IInclude -IPython -I. -I../../../../Include   -fPIC -DPy_BUILD_CORE_BUILTIN -c ../../../../Modules/posixmodule.c -o Modules/posixmodule.o
/workspaces/MyPython/cpython/cross-build/emsdk/6.0.9/emsdk/upstream/emscripten/emcc  -fno-omit-frame-pointer -mno-omit-leaf-frame-pointer  -fno-strict-overflow -Wsign-compare -Wunreachable-code -DNDEBUG -g -O3 -Wall -DPY_CALL_TRAMPOLINE -sUSE_BZIP2   -std=c11 -Wextra -Wno-unused-parameter -Wno-missing-field-initializers -Wstrict-prototypes -Werror=implicit-function-declaration -fvisibility=hidden  -I../../../../Include/internal -I../../../../Include/internal/mimalloc -IObjects -IInclude -IPython -I. -I../../../../Include   -fPIC -DPy_BUILD_CORE_BUILTIN -c ../../../../Modules/signalmodule.c -o Modules/signalmodule.o
/workspaces/MyPython/cpython/cross-build/emsdk/6.0.9/emsdk/upstream/emscripten/emcc  -fno-omit-frame-pointer -mno-omit-leaf-frame-pointer  -fno-strict-overflow -Wsign-compare -Wunreachable-code -DNDEBUG -g -O3 -Wall -DPY_CALL_TRAMPOLINE -sUSE_BZIP2   -std=c11 -Wextra -Wno-unused-parameter -Wno-missing-field-initializers -Wstrict-prototypes -Werror=implicit-function-declaration -fvisibility=hidden  -I../../../../Include/internal -I../../../../Include/internal/mimalloc -IObjects -IInclude -IPython -I. -I../../../../Include   -fPIC -DPy_BUILD_CORE_BUILTIN -c ../../../../Modules/_tracemalloc.c -o Modules/_tracemalloc.o
/workspaces/MyPython/cpython/cross-build/emsdk/6.0.9/emsdk/upstream/emscripten/emcc  -fno-omit-frame-pointer -mno-omit-leaf-frame-pointer  -fno-strict-overflow -Wsign-compare -Wunreachable-code -DNDEBUG -g -O3 -Wall -DPY_CALL_TRAMPOLINE -sUSE_BZIP2   -std=c11 -Wextra -Wno-unused-parameter -Wno-missing-field-initializers -Wstrict-prototypes -Werror=implicit-function-declaration -fvisibility=hidden  -I../../../../Include/internal -I../../../../Include/internal/mimalloc -IObjects -IInclude -IPython -I. -I../../../../Include   -fPIC -DPy_BUILD_CORE_BUILTIN -c ../../../../Modules/_suggestions.c -o Modules/_suggestions.o
/workspaces/MyPython/cpython/cross-build/emsdk/6.0.9/emsdk/upstream/emscripten/emcc  -fno-omit-frame-pointer -mno-omit-leaf-frame-pointer  -fno-strict-overflow -Wsign-compare -Wunreachable-code -DNDEBUG -g -O3 -Wall -DPY_CALL_TRAMPOLINE -sUSE_BZIP2   -std=c11 -Wextra -Wno-unused-parameter -Wno-missing-field-initializers -Wstrict-prototypes -Werror=implicit-function-declaration -fvisibility=hidden  -I../../../../Include/internal -I../../../../Include/internal/mimalloc -IObjects -IInclude -IPython -I. -I../../../../Include   -fPIC -DPy_BUILD_CORE_BUILTIN -c ../../../../Modules/_datetimemodule.c -o Modules/_datetimemodule.o
/workspaces/MyPython/cpython/cross-build/emsdk/6.0.9/emsdk/upstream/emscripten/emcc  -fno-omit-frame-pointer -mno-omit-leaf-frame-pointer  -fno-strict-overflow -Wsign-compare -Wunreachable-code -DNDEBUG -g -O3 -Wall -DPY_CALL_TRAMPOLINE -sUSE_BZIP2   -std=c11 -Wextra -Wno-unused-parameter -Wno-missing-field-initializers -Wstrict-prototypes -Werror=implicit-function-declaration -fvisibility=hidden  -I../../../../Include/internal -I../../../../Include/internal/mimalloc -IObjects -IInclude -IPython -I. -I../../../../Include   -fPIC -DPy_BUILD_CORE_BUILTIN -c ../../../../Modules/_codecsmodule.c -o Modules/_codecsmodule.o
/workspaces/MyPython/cpython/cross-build/emsdk/6.0.9/emsdk/upstream/emscripten/emcc  -fno-omit-frame-pointer -mno-omit-leaf-frame-pointer  -fno-strict-overflow -Wsign-compare -Wunreachable-code -DNDEBUG -g -O3 -Wall -DPY_CALL_TRAMPOLINE -sUSE_BZIP2   -std=c11 -Wextra -Wno-unused-parameter -Wno-missing-field-initializers -Wstrict-prototypes -Werror=implicit-function-declaration -fvisibility=hidden  -I../../../../Include/internal -I../../../../Include/internal/mimalloc -IObjects -IInclude -IPython -I. -I../../../../Include   -fPIC -DPy_BUILD_CORE_BUILTIN -c ../../../../Modules/_collectionsmodule.c -o Modules/_collectionsmodule.o
/workspaces/MyPython/cpython/cross-build/emsdk/6.0.9/emsdk/upstream/emscripten/emcc  -fno-omit-frame-pointer -mno-omit-leaf-frame-pointer  -fno-strict-overflow -Wsign-compare -Wunreachable-code -DNDEBUG -g -O3 -Wall -DPY_CALL_TRAMPOLINE -sUSE_BZIP2   -std=c11 -Wextra -Wno-unused-parameter -Wno-missing-field-initializers -Wstrict-prototypes -Werror=implicit-function-declaration -fvisibility=hidden  -I../../../../Include/internal -I../../../../Include/internal/mimalloc -IObjects -IInclude -IPython -I. -I../../../../Include   -fPIC -DPy_BUILD_CORE_BUILTIN -c ../../../../Modules/errnomodule.c -o Modules/errnomodule.o
/workspaces/MyPython/cpython/cross-build/emsdk/6.0.9/emsdk/upstream/emscripten/emcc -I../../../../Modules/_io -fno-omit-frame-pointer -mno-omit-leaf-frame-pointer  -fno-strict-overflow -Wsign-compare -Wunreachable-code -DNDEBUG -g -O3 -Wall -DPY_CALL_TRAMPOLINE -sUSE_BZIP2   -std=c11 -Wextra -Wno-unused-parameter -Wno-missing-field-initializers -Wstrict-prototypes -Werror=implicit-function-declaration -fvisibility=hidden  -I../../../../Include/internal -I../../../../Include/internal/mimalloc -IObjects -IInclude -IPython -I. -I../../../../Include   -fPIC -DPy_BUILD_CORE_BUILTIN -c ../../../../Modules/_io/_iomodule.c -o Modules/_io/_iomodule.o
/workspaces/MyPython/cpython/cross-build/emsdk/6.0.9/emsdk/upstream/emscripten/emcc -I../../../../Modules/_io -fno-omit-frame-pointer -mno-omit-leaf-frame-pointer  -fno-strict-overflow -Wsign-compare -Wunreachable-code -DNDEBUG -g -O3 -Wall -DPY_CALL_TRAMPOLINE -sUSE_BZIP2   -std=c11 -Wextra -Wno-unused-parameter -Wno-missing-field-initializers -Wstrict-prototypes -Werror=implicit-function-declaration -fvisibility=hidden  -I../../../../Include/internal -I../../../../Include/internal/mimalloc -IObjects -IInclude -IPython -I. -I../../../../Include   -fPIC -DPy_BUILD_CORE_BUILTIN -c ../../../../Modules/_io/iobase.c -o Modules/_io/iobase.o
/workspaces/MyPython/cpython/cross-build/emsdk/6.0.9/emsdk/upstream/emscripten/emcc -I../../../../Modules/_io -fno-omit-frame-pointer -mno-omit-leaf-frame-pointer  -fno-strict-overflow -Wsign-compare -Wunreachable-code -DNDEBUG -g -O3 -Wall -DPY_CALL_TRAMPOLINE -sUSE_BZIP2   -std=c11 -Wextra -Wno-unused-parameter -Wno-missing-field-initializers -Wstrict-prototypes -Werror=implicit-function-declaration -fvisibility=hidden  -I../../../../Include/internal -I../../../../Include/internal/mimalloc -IObjects -IInclude -IPython -I. -I../../../../Include   -fPIC -DPy_BUILD_CORE_BUILTIN -c ../../../../Modules/_io/fileio.c -o Modules/_io/fileio.o
/workspaces/MyPython/cpython/cross-build/emsdk/6.0.9/emsdk/upstream/emscripten/emcc -I../../../../Modules/_io -fno-omit-frame-pointer -mno-omit-leaf-frame-pointer  -fno-strict-overflow -Wsign-compare -Wunreachable-code -DNDEBUG -g -O3 -Wall -DPY_CALL_TRAMPOLINE -sUSE_BZIP2   -std=c11 -Wextra -Wno-unused-parameter -Wno-missing-field-initializers -Wstrict-prototypes -Werror=implicit-function-declaration -fvisibility=hidden  -I../../../../Include/internal -I../../../../Include/internal/mimalloc -IObjects -IInclude -IPython -I. -I../../../../Include   -fPIC -DPy_BUILD_CORE_BUILTIN -c ../../../../Modules/_io/bytesio.c -o Modules/_io/bytesio.o
/workspaces/MyPython/cpython/cross-build/emsdk/6.0.9/emsdk/upstream/emscripten/emcc -I../../../../Modules/_io -fno-omit-frame-pointer -mno-omit-leaf-frame-pointer  -fno-strict-overflow -Wsign-compare -Wunreachable-code -DNDEBUG -g -O3 -Wall -DPY_CALL_TRAMPOLINE -sUSE_BZIP2   -std=c11 -Wextra -Wno-unused-parameter -Wno-missing-field-initializers -Wstrict-prototypes -Werror=implicit-function-declaration -fvisibility=hidden  -I../../../../Include/internal -I../../../../Include/internal/mimalloc -IObjects -IInclude -IPython -I. -I../../../../Include   -fPIC -DPy_BUILD_CORE_BUILTIN -c ../../../../Modules/_io/bufferedio.c -o Modules/_io/bufferedio.o
/workspaces/MyPython/cpython/cross-build/emsdk/6.0.9/emsdk/upstream/emscripten/emcc -I../../../../Modules/_io -fno-omit-frame-pointer -mno-omit-leaf-frame-pointer  -fno-strict-overflow -Wsign-compare -Wunreachable-code -DNDEBUG -g -O3 -Wall -DPY_CALL_TRAMPOLINE -sUSE_BZIP2   -std=c11 -Wextra -Wno-unused-parameter -Wno-missing-field-initializers -Wstrict-prototypes -Werror=implicit-function-declaration -fvisibility=hidden  -I../../../../Include/internal -I../../../../Include/internal/mimalloc -IObjects -IInclude -IPython -I. -I../../../../Include   -fPIC -DPy_BUILD_CORE_BUILTIN -c ../../../../Modules/_io/textio.c -o Modules/_io/textio.o
/workspaces/MyPython/cpython/cross-build/emsdk/6.0.9/emsdk/upstream/emscripten/emcc -I../../../../Modules/_io -fno-omit-frame-pointer -mno-omit-leaf-frame-pointer  -fno-strict-overflow -Wsign-compare -Wunreachable-code -DNDEBUG -g -O3 -Wall -DPY_CALL_TRAMPOLINE -sUSE_BZIP2   -std=c11 -Wextra -Wno-unused-parameter -Wno-missing-field-initializers -Wstrict-prototypes -Werror=implicit-function-declaration -fvisibility=hidden  -I../../../../Include/internal -I../../../../Include/internal/mimalloc -IObjects -IInclude -IPython -I. -I../../../../Include   -fPIC -DPy_BUILD_CORE_BUILTIN -c ../../../../Modules/_io/stringio.c -o Modules/_io/stringio.o
/workspaces/MyPython/cpython/cross-build/emsdk/6.0.9/emsdk/upstream/emscripten/emcc  -fno-omit-frame-pointer -mno-omit-leaf-frame-pointer  -fno-strict-overflow -Wsign-compare -Wunreachable-code -DNDEBUG -g -O3 -Wall -DPY_CALL_TRAMPOLINE -sUSE_BZIP2   -std=c11 -Wextra -Wno-unused-parameter -Wno-missing-field-initializers -Wstrict-prototypes -Werror=implicit-function-declaration -fvisibility=hidden  -I../../../../Include/internal -I../../../../Include/internal/mimalloc -IObjects -IInclude -IPython -I. -I../../../../Include   -fPIC -DPy_BUILD_CORE_BUILTIN -c ../../../../Modules/itertoolsmodule.c -o Modules/itertoolsmodule.o
/workspaces/MyPython/cpython/cross-build/emsdk/6.0.9/emsdk/upstream/emscripten/emcc  -fno-omit-frame-pointer -mno-omit-leaf-frame-pointer  -fno-strict-overflow -Wsign-compare -Wunreachable-code -DNDEBUG -g -O3 -Wall -DPY_CALL_TRAMPOLINE -sUSE_BZIP2   -std=c11 -Wextra -Wno-unused-parameter -Wno-missing-field-initializers -Wstrict-prototypes -Werror=implicit-function-declaration -fvisibility=hidden  -I../../../../Include/internal -I../../../../Include/internal/mimalloc -IObjects -IInclude -IPython -I. -I../../../../Include   -fPIC -DPy_BUILD_CORE_BUILTIN -c ../../../../Modules/_sre/sre.c -o Modules/_sre/sre.o
/workspaces/MyPython/cpython/cross-build/emsdk/6.0.9/emsdk/upstream/emscripten/emcc  -fno-omit-frame-pointer -mno-omit-leaf-frame-pointer  -fno-strict-overflow -Wsign-compare -Wunreachable-code -DNDEBUG -g -O3 -Wall -DPY_CALL_TRAMPOLINE -sUSE_BZIP2   -std=c11 -Wextra -Wno-unused-parameter -Wno-missing-field-initializers -Wstrict-prototypes -Werror=implicit-function-declaration -fvisibility=hidden  -I../../../../Include/internal -I../../../../Include/internal/mimalloc -IObjects -IInclude -IPython -I. -I../../../../Include   -fPIC -DPy_BUILD_CORE_BUILTIN -c ../../../../Modules/_sysconfig.c -o Modules/_sysconfig.o
/workspaces/MyPython/cpython/cross-build/emsdk/6.0.9/emsdk/upstream/emscripten/emcc  -fno-omit-frame-pointer -mno-omit-leaf-frame-pointer  -fno-strict-overflow -Wsign-compare -Wunreachable-code -DNDEBUG -g -O3 -Wall -DPY_CALL_TRAMPOLINE -sUSE_BZIP2   -std=c11 -Wextra -Wno-unused-parameter -Wno-missing-field-initializers -Wstrict-prototypes -Werror=implicit-function-declaration -fvisibility=hidden  -I../../../../Include/internal -I../../../../Include/internal/mimalloc -IObjects -IInclude -IPython -I. -I../../../../Include   -fPIC -DPy_BUILD_CORE_BUILTIN -c ../../../../Modules/_threadmodule.c -o Modules/_threadmodule.o
/workspaces/MyPython/cpython/cross-build/emsdk/6.0.9/emsdk/upstream/emscripten/emcc  -fno-omit-frame-pointer -mno-omit-leaf-frame-pointer  -fno-strict-overflow -Wsign-compare -Wunreachable-code -DNDEBUG -g -O3 -Wall -DPY_CALL_TRAMPOLINE -sUSE_BZIP2   -std=c11 -Wextra -Wno-unused-parameter -Wno-missing-field-initializers -Wstrict-prototypes -Werror=implicit-function-declaration -fvisibility=hidden  -I../../../../Include/internal -I../../../../Include/internal/mimalloc -IObjects -IInclude -IPython -I. -I../../../../Include   -fPIC -DPy_BUILD_CORE_BUILTIN -c ../../../../Modules/timemodule.c -o Modules/timemodule.o
/workspaces/MyPython/cpython/cross-build/emsdk/6.0.9/emsdk/upstream/emscripten/emcc  -fno-omit-frame-pointer -mno-omit-leaf-frame-pointer  -fno-strict-overflow -Wsign-compare -Wunreachable-code -DNDEBUG -g -O3 -Wall -DPY_CALL_TRAMPOLINE -sUSE_BZIP2   -std=c11 -Wextra -Wno-unused-parameter -Wno-missing-field-initializers -Wstrict-prototypes -Werror=implicit-function-declaration -fvisibility=hidden  -I../../../../Include/internal -I../../../../Include/internal/mimalloc -IObjects -IInclude -IPython -I. -I../../../../Include   -fPIC -DPy_BUILD_CORE_BUILTIN -c ../../../../Modules/_typesmodule.c -o Modules/_typesmodule.o
/workspaces/MyPython/cpython/cross-build/emsdk/6.0.9/emsdk/upstream/emscripten/emcc  -fno-omit-frame-pointer -mno-omit-leaf-frame-pointer  -fno-strict-overflow -Wsign-compare -Wunreachable-code -DNDEBUG -g -O3 -Wall -DPY_CALL_TRAMPOLINE -sUSE_BZIP2   -std=c11 -Wextra -Wno-unused-parameter -Wno-missing-field-initializers -Wstrict-prototypes -Werror=implicit-function-declaration -fvisibility=hidden  -I../../../../Include/internal -I../../../../Include/internal/mimalloc -IObjects -IInclude -IPython -I. -I../../../../Include   -fPIC -DPy_BUILD_CORE_BUILTIN -c ../../../../Modules/_typingmodule.c -o Modules/_typingmodule.o
/workspaces/MyPython/cpython/cross-build/emsdk/6.0.9/emsdk/upstream/emscripten/emcc  -fno-omit-frame-pointer -mno-omit-leaf-frame-pointer  -fno-strict-overflow -Wsign-compare -Wunreachable-code -DNDEBUG -g -O3 -Wall -DPY_CALL_TRAMPOLINE -sUSE_BZIP2   -std=c11 -Wextra -Wno-unused-parameter -Wno-missing-field-initializers -Wstrict-prototypes -Werror=implicit-function-declaration -fvisibility=hidden  -I../../../../Include/internal -I../../../../Include/internal/mimalloc -IObjects -IInclude -IPython -I. -I../../../../Include   -fPIC -DPy_BUILD_CORE_BUILTIN -c ../../../../Modules/_weakref.c -o Modules/_weakref.o
/workspaces/MyPython/cpython/cross-build/emsdk/6.0.9/emsdk/upstream/emscripten/emcc  -fno-omit-frame-pointer -mno-omit-leaf-frame-pointer  -fno-strict-overflow -Wsign-compare -Wunreachable-code -DNDEBUG -g -O3 -Wall -DPY_CALL_TRAMPOLINE -sUSE_BZIP2   -std=c11 -Wextra -Wno-unused-parameter -Wno-missing-field-initializers -Wstrict-prototypes -Werror=implicit-function-declaration -fvisibility=hidden  -I../../../../Include/internal -I../../../../Include/internal/mimalloc -IObjects -IInclude -IPython -I. -I../../../../Include   -fPIC -DPy_BUILD_CORE_BUILTIN -c ../../../../Modules/_abc.c -o Modules/_abc.o
/workspaces/MyPython/cpython/cross-build/emsdk/6.0.9/emsdk/upstream/emscripten/emcc  -fno-omit-frame-pointer -mno-omit-leaf-frame-pointer  -fno-strict-overflow -Wsign-compare -Wunreachable-code -DNDEBUG -g -O3 -Wall -DPY_CALL_TRAMPOLINE -sUSE_BZIP2   -std=c11 -Wextra -Wno-unused-parameter -Wno-missing-field-initializers -Wstrict-prototypes -Werror=implicit-function-declaration -fvisibility=hidden  -I../../../../Include/internal -I../../../../Include/internal/mimalloc -IObjects -IInclude -IPython -I. -I../../../../Include   -fPIC -DPy_BUILD_CORE_BUILTIN -c ../../../../Modules/_functoolsmodule.c -o Modules/_functoolsmodule.o
/workspaces/MyPython/cpython/cross-build/emsdk/6.0.9/emsdk/upstream/emscripten/emcc  -fno-omit-frame-pointer -mno-omit-leaf-frame-pointer  -fno-strict-overflow -Wsign-compare -Wunreachable-code -DNDEBUG -g -O3 -Wall -DPY_CALL_TRAMPOLINE -sUSE_BZIP2   -std=c11 -Wextra -Wno-unused-parameter -Wno-missing-field-initializers -Wstrict-prototypes -Werror=implicit-function-declaration -fvisibility=hidden  -I../../../../Include/internal -I../../../../Include/internal/mimalloc -IObjects -IInclude -IPython -I. -I../../../../Include   -fPIC -DPy_BUILD_CORE_BUILTIN -c ../../../../Modules/_localemodule.c -o Modules/_localemodule.o
/workspaces/MyPython/cpython/cross-build/emsdk/6.0.9/emsdk/upstream/emscripten/emcc  -fno-omit-frame-pointer -mno-omit-leaf-frame-pointer  -fno-strict-overflow -Wsign-compare -Wunreachable-code -DNDEBUG -g -O3 -Wall -DPY_CALL_TRAMPOLINE -sUSE_BZIP2   -std=c11 -Wextra -Wno-unused-parameter -Wno-missing-field-initializers -Wstrict-prototypes -Werror=implicit-function-declaration -fvisibility=hidden  -I../../../../Include/internal -I../../../../Include/internal/mimalloc -IObjects -IInclude -IPython -I. -I../../../../Include   -fPIC -DPy_BUILD_CORE_BUILTIN -c ../../../../Modules/_opcode.c -o Modules/_opcode.o
/workspaces/MyPython/cpython/cross-build/emsdk/6.0.9/emsdk/upstream/emscripten/emcc  -fno-omit-frame-pointer -mno-omit-leaf-frame-pointer  -fno-strict-overflow -Wsign-compare -Wunreachable-code -DNDEBUG -g -O3 -Wall -DPY_CALL_TRAMPOLINE -sUSE_BZIP2   -std=c11 -Wextra -Wno-unused-parameter -Wno-missing-field-initializers -Wstrict-prototypes -Werror=implicit-function-declaration -fvisibility=hidden  -I../../../../Include/internal -I../../../../Include/internal/mimalloc -IObjects -IInclude -IPython -I. -I../../../../Include   -fPIC -DPy_BUILD_CORE_BUILTIN -c ../../../../Modules/_operator.c -o Modules/_operator.o
/workspaces/MyPython/cpython/cross-build/emsdk/6.0.9/emsdk/upstream/emscripten/emcc  -fno-omit-frame-pointer -mno-omit-leaf-frame-pointer  -fno-strict-overflow -Wsign-compare -Wunreachable-code -DNDEBUG -g -O3 -Wall -DPY_CALL_TRAMPOLINE -sUSE_BZIP2   -std=c11 -Wextra -Wno-unused-parameter -Wno-missing-field-initializers -Wstrict-prototypes -Werror=implicit-function-declaration -fvisibility=hidden  -I../../../../Include/internal -I../../../../Include/internal/mimalloc -IObjects -IInclude -IPython -I. -I../../../../Include   -fPIC -DPy_BUILD_CORE_BUILTIN -c ../../../../Modules/_stat.c -o Modules/_stat.o
/workspaces/MyPython/cpython/cross-build/emsdk/6.0.9/emsdk/upstream/emscripten/emcc  -fno-omit-frame-pointer -mno-omit-leaf-frame-pointer  -fno-strict-overflow -Wsign-compare -Wunreachable-code -DNDEBUG -g -O3 -Wall -DPY_CALL_TRAMPOLINE -sUSE_BZIP2   -std=c11 -Wextra -Wno-unused-parameter -Wno-missing-field-initializers -Wstrict-prototypes -Werror=implicit-function-declaration -fvisibility=hidden  -I../../../../Include/internal -I../../../../Include/internal/mimalloc -IObjects -IInclude -IPython -I. -I../../../../Include   -fPIC -DPy_BUILD_CORE_BUILTIN -c ../../../../Modules/symtablemodule.c -o Modules/symtablemodule.o
/workspaces/MyPython/cpython/cross-build/build/python ../../../../Programs/_freeze_module.py getpath ../../../../Modules/getpath.py Python/frozen_modules/getpath.h
/workspaces/MyPython/cpython/cross-build/build/python ../../../../Programs/_freeze_module.py importlib._bootstrap ../../../../Lib/importlib/_bootstrap.py Python/frozen_modules/importlib._bootstrap.h
/workspaces/MyPython/cpython/cross-build/build/python ../../../../Programs/_freeze_module.py importlib._bootstrap_external ../../../../Lib/importlib/_bootstrap_external.py Python/frozen_modules/importlib._bootstrap_external.h
/workspaces/MyPython/cpython/cross-build/build/python ../../../../Programs/_freeze_module.py zipimport ../../../../Lib/zipimport.py Python/frozen_modules/zipimport.h
/workspaces/MyPython/cpython/cross-build/build/python ../../../../Programs/_freeze_module.py builtins ../../../../Lib/_pybuiltins.py Python/frozen_modules/builtins.h
/workspaces/MyPython/cpython/cross-build/build/python ../../../../Programs/_freeze_module.py abc ../../../../Lib/abc.py Python/frozen_modules/abc.h
/workspaces/MyPython/cpython/cross-build/build/python ../../../../Programs/_freeze_module.py codecs ../../../../Lib/codecs.py Python/frozen_modules/codecs.h
/workspaces/MyPython/cpython/cross-build/build/python ../../../../Programs/_freeze_module.py io ../../../../Lib/io.py Python/frozen_modules/io.h
/workspaces/MyPython/cpython/cross-build/build/python ../../../../Programs/_freeze_module.py _collections_abc ../../../../Lib/_collections_abc.py Python/frozen_modules/_collections_abc.h
/workspaces/MyPython/cpython/cross-build/build/python ../../../../Programs/_freeze_module.py _sitebuiltins ../../../../Lib/_sitebuiltins.py Python/frozen_modules/_sitebuiltins.h
/workspaces/MyPython/cpython/cross-build/build/python ../../../../Programs/_freeze_module.py genericpath ../../../../Lib/genericpath.py Python/frozen_modules/genericpath.h
/workspaces/MyPython/cpython/cross-build/build/python ../../../../Programs/_freeze_module.py ntpath ../../../../Lib/ntpath.py Python/frozen_modules/ntpath.h
/workspaces/MyPython/cpython/cross-build/build/python ../../../../Programs/_freeze_module.py posixpath ../../../../Lib/posixpath.py Python/frozen_modules/posixpath.h
/workspaces/MyPython/cpython/cross-build/build/python ../../../../Programs/_freeze_module.py os ../../../../Lib/os.py Python/frozen_modules/os.h
/workspaces/MyPython/cpython/cross-build/build/python ../../../../Programs/_freeze_module.py site ../../../../Lib/site.py Python/frozen_modules/site.h
/workspaces/MyPython/cpython/cross-build/build/python ../../../../Programs/_freeze_module.py stat ../../../../Lib/stat.py Python/frozen_modules/stat.h
/workspaces/MyPython/cpython/cross-build/build/python ../../../../Programs/_freeze_module.py linecache ../../../../Lib/linecache.py Python/frozen_modules/linecache.h
/workspaces/MyPython/cpython/cross-build/build/python ../../../../Programs/_freeze_module.py importlib.util ../../../../Lib/importlib/util.py Python/frozen_modules/importlib.util.h
/workspaces/MyPython/cpython/cross-build/build/python ../../../../Programs/_freeze_module.py importlib.machinery ../../../../Lib/importlib/machinery.py Python/frozen_modules/importlib.machinery.h
/workspaces/MyPython/cpython/cross-build/build/python ../../../../Programs/_freeze_module.py runpy ../../../../Lib/runpy.py Python/frozen_modules/runpy.h
/workspaces/MyPython/cpython/cross-build/build/python ../../../../Programs/_freeze_module.py __hello__ ../../../../Lib/__hello__.py Python/frozen_modules/__hello__.h
/workspaces/MyPython/cpython/cross-build/build/python ../../../../Programs/_freeze_module.py __phello__ ../../../../Lib/__phello__/__init__.py Python/frozen_modules/__phello__.h
/workspaces/MyPython/cpython/cross-build/build/python ../../../../Programs/_freeze_module.py __phello__.ham ../../../../Lib/__phello__/ham/__init__.py Python/frozen_modules/__phello__.ham.h
/workspaces/MyPython/cpython/cross-build/build/python ../../../../Programs/_freeze_module.py __phello__.ham.eggs ../../../../Lib/__phello__/ham/eggs.py Python/frozen_modules/__phello__.ham.eggs.h
/workspaces/MyPython/cpython/cross-build/build/python ../../../../Programs/_freeze_module.py __phello__.spam ../../../../Lib/__phello__/spam.py Python/frozen_modules/__phello__.spam.h
/workspaces/MyPython/cpython/cross-build/build/python ../../../../Programs/_freeze_module.py frozen_only ../../../../Tools/freeze/flag.py Python/frozen_modules/frozen_only.h
_PYTHON_HOSTRUNNER='/home/codespace/nvm/current/bin/node' _PYTHON_PROJECT_BASE=/workspaces/MyPython/cpython/cross-build/wasm32-emscripten/build/python _PYTHON_HOST_PLATFORM=emscripten-6.0.9-wasm32 PYTHONPATH=../../../../Lib _PYTHON_SYSCONFIGDATA_NAME=_sysconfigdata__emscripten_wasm32-emscripten _PYTHON_SYSCONFIGDATA_PATH= /workspaces/MyPython/cpython/cross-build/build/python -S -X pathconfig_warnings=0 -m sysconfig --generate-posix-vars ;\
if test $? -ne 0 ; then \
	echo "generate-posix-vars failed" ; \
	rm -f ./pybuilddir.txt ; \
	exit 1 ; \
fi
/workspaces/MyPython/cpython/cross-build/emsdk/6.0.9/emsdk/upstream/emscripten/emcc  -fno-omit-frame-pointer -mno-omit-leaf-frame-pointer  -fno-strict-overflow -Wsign-compare -Wunreachable-code -DNDEBUG -g -O3 -Wall -DPY_CALL_TRAMPOLINE -sUSE_BZIP2   -std=c11 -Wextra -Wno-unused-parameter -Wno-missing-field-initializers -Wstrict-prototypes -Werror=implicit-function-declaration -fvisibility=hidden  -I../../../../Include/internal -I../../../../Include/internal/mimalloc -IObjects -IInclude -IPython -I. -I../../../../Include   -fPIC -fPIC -c ../../../../Modules/_testimportmultiple.c -o Modules/_testimportmultiple.o
Written build/lib.emscripten-6.0.9-wasm32-3.16/_sysconfigdata__emscripten_wasm32-emscripten.py
Written build/lib.emscripten-6.0.9-wasm32-3.16/_sysconfig_vars__emscripten_wasm32-emscripten.json
/workspaces/MyPython/cpython/cross-build/emsdk/6.0.9/emsdk/upstream/emscripten/emcc  -fno-omit-frame-pointer -mno-omit-leaf-frame-pointer  -fno-strict-overflow -Wsign-compare -Wunreachable-code -DNDEBUG -g -O3 -Wall -DPY_CALL_TRAMPOLINE -sUSE_BZIP2   -std=c11 -Wextra -Wno-unused-parameter -Wno-missing-field-initializers -Wstrict-prototypes -Werror=implicit-function-declaration -fvisibility=hidden  -I../../../../Include/internal -I../../../../Include/internal/mimalloc -IObjects -IInclude -IPython -I. -I../../../../Include   -fPIC -fPIC -c ../../../../Modules/_testmultiphase.c -o Modules/_testmultiphase.o
/workspaces/MyPython/cpython/cross-build/emsdk/6.0.9/emsdk/upstream/emscripten/emcc  -fno-omit-frame-pointer -mno-omit-leaf-frame-pointer  -fno-strict-overflow -Wsign-compare -Wunreachable-code -DNDEBUG -g -O3 -Wall -DPY_CALL_TRAMPOLINE -sUSE_BZIP2   -std=c11 -Wextra -Wno-unused-parameter -Wno-missing-field-initializers -Wstrict-prototypes -Werror=implicit-function-declaration -fvisibility=hidden  -I../../../../Include/internal -I../../../../Include/internal/mimalloc -IObjects -IInclude -IPython -I. -I../../../../Include   -fPIC -fPIC -c ../../../../Modules/_testsinglephase.c -o Modules/_testsinglephase.o
/workspaces/MyPython/cpython/cross-build/emsdk/6.0.9/emsdk/upstream/emscripten/emcc  -fno-omit-frame-pointer -mno-omit-leaf-frame-pointer  -fno-strict-overflow -Wsign-compare -Wunreachable-code -DNDEBUG -g -O3 -Wall -DPY_CALL_TRAMPOLINE -sUSE_BZIP2   -std=c11 -Wextra -Wno-unused-parameter -Wno-missing-field-initializers -Wstrict-prototypes -Werror=implicit-function-declaration -fvisibility=hidden  -I../../../../Include/internal -I../../../../Include/internal/mimalloc -IObjects -IInclude -IPython -I. -I../../../../Include   -fPIC -fPIC -c ../../../../Modules/_ctypes/_ctypes_test.c -o Modules/_ctypes/_ctypes_test.o
/workspaces/MyPython/cpython/cross-build/emsdk/6.0.9/emsdk/upstream/emscripten/emcc  -fno-omit-frame-pointer -mno-omit-leaf-frame-pointer  -fno-strict-overflow -Wsign-compare -Wunreachable-code -DNDEBUG -g -O3 -Wall -DPY_CALL_TRAMPOLINE -sUSE_BZIP2   -std=c11 -Wextra -Wno-unused-parameter -Wno-missing-field-initializers -Wstrict-prototypes -Werror=implicit-function-declaration -fvisibility=hidden  -I../../../../Include/internal -I../../../../Include/internal/mimalloc -IObjects -IInclude -IPython -I. -I../../../../Include   -fPIC -fPIC -c ../../../../Modules/xxlimited.c -o Modules/xxlimited.o
/workspaces/MyPython/cpython/cross-build/emsdk/6.0.9/emsdk/upstream/emscripten/emcc  -fno-omit-frame-pointer -mno-omit-leaf-frame-pointer  -fno-strict-overflow -Wsign-compare -Wunreachable-code -DNDEBUG -g -O3 -Wall -DPY_CALL_TRAMPOLINE -sUSE_BZIP2   -std=c11 -Wextra -Wno-unused-parameter -Wno-missing-field-initializers -Wstrict-prototypes -Werror=implicit-function-declaration -fvisibility=hidden  -I../../../../Include/internal -I../../../../Include/internal/mimalloc -IObjects -IInclude -IPython -I. -I../../../../Include   -fPIC -fPIC -c ../../../../Modules/xxlimited_35.c -o Modules/xxlimited_35.o
/workspaces/MyPython/cpython/cross-build/emsdk/6.0.9/emsdk/upstream/emscripten/emcc  -fno-omit-frame-pointer -mno-omit-leaf-frame-pointer  -fno-strict-overflow -Wsign-compare -Wunreachable-code -DNDEBUG -g -O3 -Wall -DPY_CALL_TRAMPOLINE -sUSE_BZIP2   -std=c11 -Wextra -Wno-unused-parameter -Wno-missing-field-initializers -Wstrict-prototypes -Werror=implicit-function-declaration -fvisibility=hidden  -I../../../../Include/internal -I../../../../Include/internal/mimalloc -IObjects -IInclude -IPython -I. -I../../../../Include   -fPIC -fPIC -c ../../../../Modules/xxlimited_3_13.c -o Modules/xxlimited_3_13.o
sed -e "s,@EXENAME@,/workspaces/MyPython/cpython/cross-build/emsdk/6.0.9/prefix/bin/python3.16.mjs," < ../../../../Misc/python-config.in >python-config.py
LC_ALL=C sed -e 's,\$(\([A-Za-z0-9_]*\)),\$\{\1\},g' < Misc/python-config.sh >python-config
_PYTHON_HOSTRUNNER='/home/codespace/nvm/current/bin/node' _PYTHON_PROJECT_BASE=/workspaces/MyPython/cpython/cross-build/wasm32-emscripten/build/python _PYTHON_HOST_PLATFORM=emscripten-6.0.9-wasm32 PYTHONPATH=../../../../Lib _PYTHON_SYSCONFIGDATA_NAME=_sysconfigdata__emscripten_wasm32-emscripten _PYTHON_SYSCONFIGDATA_PATH=/workspaces/MyPython/cpython/cross-build/wasm32-emscripten/build/python/build/lib.emscripten-6.0.9-wasm32-3.16 /workspaces/MyPython/cpython/cross-build/build/python ../../../../Tools/build/generate-build-details.py `cat pybuilddir.txt`/build-details.json
_PYTHON_HOSTRUNNER='/home/codespace/nvm/current/bin/node' _PYTHON_PROJECT_BASE=/workspaces/MyPython/cpython/cross-build/wasm32-emscripten/build/python _PYTHON_HOST_PLATFORM=emscripten-6.0.9-wasm32 PYTHONPATH=../../../../Lib _PYTHON_SYSCONFIGDATA_NAME=_sysconfigdata__emscripten_wasm32-emscripten _PYTHON_SYSCONFIGDATA_PATH=/workspaces/MyPython/cpython/cross-build/wasm32-emscripten/build/python/build/lib.emscripten-6.0.9-wasm32-3.16 /workspaces/MyPython/cpython/cross-build/build/python ../../../../Platforms/emscripten/wasm_assets.py \
    --buildroot . --prefix /workspaces/MyPython/cpython/cross-build/emsdk/6.0.9/prefix -o python3.16.zip
/workspaces/MyPython/cpython/cross-build/build/python ../../../../Platforms/emscripten/prepare_external_wasm.py Python/emscripten_trampoline_inner.wasm Python/emscripten_trampoline_wasm.c getWasmTrampolineModule
Successfully compiled Python/emscripten_trampoline_inner.wasm and generated Python/emscripten_trampoline_wasm.c
rm -f Modules/_hacl/libHacl_Hash_MD5.a
/workspaces/MyPython/cpython/cross-build/emsdk/6.0.9/emsdk/upstream/emscripten/emar rcs Modules/_hacl/libHacl_Hash_MD5.a Modules/_hacl/Hacl_Hash_MD5.o
rm -f Modules/_hacl/libHacl_Hash_SHA1.a
/workspaces/MyPython/cpython/cross-build/emsdk/6.0.9/emsdk/upstream/emscripten/emar rcs Modules/_hacl/libHacl_Hash_SHA1.a Modules/_hacl/Hacl_Hash_SHA1.o
rm -f Modules/_hacl/libHacl_Hash_SHA2.a
/workspaces/MyPython/cpython/cross-build/emsdk/6.0.9/emsdk/upstream/emscripten/emar rcs Modules/_hacl/libHacl_Hash_SHA2.a Modules/_hacl/Hacl_Hash_SHA2.o
rm -f Modules/_hacl/libHacl_Hash_SHA3.a
/workspaces/MyPython/cpython/cross-build/emsdk/6.0.9/emsdk/upstream/emscripten/emar rcs Modules/_hacl/libHacl_Hash_SHA3.a Modules/_hacl/Hacl_Hash_SHA3.o
rm -f Modules/_hacl/libHacl_Hash_BLAKE2.a
/workspaces/MyPython/cpython/cross-build/emsdk/6.0.9/emsdk/upstream/emscripten/emar rcs Modules/_hacl/libHacl_Hash_BLAKE2.a Modules/_hacl/Hacl_Hash_Blake2s.o Modules/_hacl/Hacl_Hash_Blake2b.o Modules/_hacl/Lib_Memzero0.o  
rm -f Modules/expat/libexpat.a
/workspaces/MyPython/cpython/cross-build/emsdk/6.0.9/emsdk/upstream/emscripten/emar rcs Modules/expat/libexpat.a Modules/expat/xmlparse.o Modules/expat/xmlrole.o Modules/expat/xmltok.o
/workspaces/MyPython/cpython/cross-build/emsdk/6.0.9/emsdk/upstream/emscripten/emcc -c -fno-omit-frame-pointer -mno-omit-leaf-frame-pointer  -fno-strict-overflow -Wsign-compare -Wunreachable-code -DNDEBUG -g -O3 -Wall -DPY_CALL_TRAMPOLINE -sUSE_BZIP2   -std=c11 -Wextra -Wno-unused-parameter -Wno-missing-field-initializers -Wstrict-prototypes -Werror=implicit-function-declaration -fvisibility=hidden  -I../../../../Include/internal -I../../../../Include/internal/mimalloc -IObjects -IInclude -IPython -I. -I../../../../Include   -fPIC -DPy_BUILD_CORE -DPYTHONPATH='""' \
	-DPREFIX='"/"' \
	-DEXEC_PREFIX='"/"' \
	-DVERSION='"3.16"' \
	-DVPATH='"../../../.."' \
	-DPLATLIBDIR='"lib"' \
	-DPYTHONFRAMEWORK='""' \
	-o Modules/getpath.o ../../../../Modules/getpath.c
/workspaces/MyPython/cpython/cross-build/emsdk/6.0.9/emsdk/upstream/emscripten/emcc -c -fno-omit-frame-pointer -mno-omit-leaf-frame-pointer  -fno-strict-overflow -Wsign-compare -Wunreachable-code -DNDEBUG -g -O3 -Wall -DPY_CALL_TRAMPOLINE -sUSE_BZIP2   -std=c11 -Wextra -Wno-unused-parameter -Wno-missing-field-initializers -Wstrict-prototypes -Werror=implicit-function-declaration -fvisibility=hidden  -I../../../../Include/internal -I../../../../Include/internal/mimalloc -IObjects -IInclude -IPython -I. -I../../../../Include   -fPIC -DPy_BUILD_CORE -o Python/frozen.o ../../../../Python/frozen.c
_PYTHON_HOSTRUNNER='/home/codespace/nvm/current/bin/node' _PYTHON_PROJECT_BASE=/workspaces/MyPython/cpython/cross-build/wasm32-emscripten/build/python _PYTHON_HOST_PLATFORM=emscripten-6.0.9-wasm32 PYTHONPATH=../../../../Lib _PYTHON_SYSCONFIGDATA_NAME=_sysconfigdata__emscripten_wasm32-emscripten _PYTHON_SYSCONFIGDATA_PATH=/workspaces/MyPython/cpython/cross-build/wasm32-emscripten/build/python/build/lib.emscripten-6.0.9-wasm32-3.16 /workspaces/MyPython/cpython/cross-build/build/python -c 'import sys ; from sysconfig import get_platform ; print("%s-%d.%d" % (get_platform(), *sys.version_info[:2]))' >platform
/workspaces/MyPython/cpython/cross-build/emsdk/6.0.9/emsdk/upstream/emscripten/emcc -shared -sSIDE_MODULE=1   -sWASM_BIGINT -sEXIT_RUNTIME   Modules/_testimportmultiple.o   -o Modules/_testimportmultiple.cpython-316-wasm32-emscripten.so
emcc: warning: WASM_BIGINT is deprecated (no longer needed. Should only ever be implicitly disabled by -sWASM=0). Please open a bug if you have a continuing need for this setting [-Wdeprecated]
/workspaces/MyPython/cpython/cross-build/emsdk/6.0.9/emsdk/upstream/emscripten/emcc -shared -sSIDE_MODULE=1   -sWASM_BIGINT -sEXIT_RUNTIME   Modules/_testmultiphase.o   -o Modules/_testmultiphase.cpython-316-wasm32-emscripten.so
emcc: warning: WASM_BIGINT is deprecated (no longer needed. Should only ever be implicitly disabled by -sWASM=0). Please open a bug if you have a continuing need for this setting [-Wdeprecated]
/workspaces/MyPython/cpython/cross-build/emsdk/6.0.9/emsdk/upstream/emscripten/emcc -shared -sSIDE_MODULE=1   -sWASM_BIGINT -sEXIT_RUNTIME   Modules/_testsinglephase.o   -o Modules/_testsinglephase.cpython-316-wasm32-emscripten.so
emcc: warning: WASM_BIGINT is deprecated (no longer needed. Should only ever be implicitly disabled by -sWASM=0). Please open a bug if you have a continuing need for this setting [-Wdeprecated]
/workspaces/MyPython/cpython/cross-build/emsdk/6.0.9/emsdk/upstream/emscripten/emcc -shared -sSIDE_MODULE=1   -sWASM_BIGINT -sEXIT_RUNTIME   Modules/_ctypes/_ctypes_test.o -lm  -o Modules/_ctypes_test.cpython-316-wasm32-emscripten.so
emcc: warning: WASM_BIGINT is deprecated (no longer needed. Should only ever be implicitly disabled by -sWASM=0). Please open a bug if you have a continuing need for this setting [-Wdeprecated]
/workspaces/MyPython/cpython/cross-build/emsdk/6.0.9/emsdk/upstream/emscripten/emcc -shared -sSIDE_MODULE=1   -sWASM_BIGINT -sEXIT_RUNTIME   Modules/xxlimited.o   -o Modules/xxlimited.cpython-316-wasm32-emscripten.so
Created /workspaces/MyPython/cpython/cross-build/wasm32-emscripten/build/python/python3.16.zip (3.99 MiB)
/workspaces/MyPython/cpython/cross-build/emsdk/6.0.9/emsdk/upstream/emscripten/emcc -shared -sSIDE_MODULE=1   -sWASM_BIGINT -sEXIT_RUNTIME   Modules/xxlimited_35.o   -o Modules/xxlimited_35.cpython-316-wasm32-emscripten.so
emcc: warning: WASM_BIGINT is deprecated (no longer needed. Should only ever be implicitly disabled by -sWASM=0). Please open a bug if you have a continuing need for this setting [-Wdeprecated]
emcc: warning: WASM_BIGINT is deprecated (no longer needed. Should only ever be implicitly disabled by -sWASM=0). Please open a bug if you have a continuing need for this setting [-Wdeprecated]
/workspaces/MyPython/cpython/cross-build/emsdk/6.0.9/emsdk/upstream/emscripten/emcc -shared -sSIDE_MODULE=1   -sWASM_BIGINT -sEXIT_RUNTIME   Modules/xxlimited_3_13.o   -o Modules/xxlimited_3_13.cpython-316-wasm32-emscripten.so
/workspaces/MyPython/cpython/cross-build/emsdk/6.0.9/emsdk/upstream/emscripten/emcc -c -fno-omit-frame-pointer -mno-omit-leaf-frame-pointer  -fno-strict-overflow -Wsign-compare -Wunreachable-code -DNDEBUG -g -O3 -Wall -DPY_CALL_TRAMPOLINE -sUSE_BZIP2   -std=c11 -Wextra -Wno-unused-parameter -Wno-missing-field-initializers -Wstrict-prototypes -Werror=implicit-function-declaration -fvisibility=hidden  -I../../../../Include/internal -I../../../../Include/internal/mimalloc -IObjects -IInclude -IPython -I. -I../../../../Include   -fPIC -DPy_BUILD_CORE -o Python/emscripten_trampoline_wasm.o Python/emscripten_trampoline_wasm.c
emcc: warning: WASM_BIGINT is deprecated (no longer needed. Should only ever be implicitly disabled by -sWASM=0). Please open a bug if you have a continuing need for this setting [-Wdeprecated]
/workspaces/MyPython/cpython/cross-build/emsdk/6.0.9/emsdk/upstream/emscripten/emcc -I../../../../Modules/_hacl -I../../../../Modules/_hacl/include -D_BSD_SOURCE -D_DEFAULT_SOURCE -fno-omit-frame-pointer -mno-omit-leaf-frame-pointer  -fno-strict-overflow -Wsign-compare -Wunreachable-code -DNDEBUG -g -O3 -Wall -DPY_CALL_TRAMPOLINE -sUSE_BZIP2   -std=c11 -Wextra -Wno-unused-parameter -Wno-missing-field-initializers -Wstrict-prototypes -Werror=implicit-function-declaration -fvisibility=hidden  -I../../../../Include/internal -I../../../../Include/internal/mimalloc -IObjects -IInclude -IPython -I. -I../../../../Include   -fPIC -fPIC -fno-omit-frame-pointer -mno-omit-leaf-frame-pointer  -fno-strict-overflow -Wsign-compare -Wunreachable-code -DNDEBUG -g -O3 -Wall -DPY_CALL_TRAMPOLINE -sUSE_BZIP2   -std=c11 -Wextra -Wno-unused-parameter -Wno-missing-field-initializers -Wstrict-prototypes -Werror=implicit-function-declaration -fvisibility=hidden  -I../../../../Include/internal -I../../../../Include/internal/mimalloc -IObjects -IInclude -IPython -I. -I../../../../Include   -fPIC -DPy_BUILD_CORE_BUILTIN -c ../../../../Modules/md5module.c -o Modules/md5module.o
/workspaces/MyPython/cpython/cross-build/emsdk/6.0.9/emsdk/upstream/emscripten/emcc -I../../../../Modules/_hacl -I../../../../Modules/_hacl/include -D_BSD_SOURCE -D_DEFAULT_SOURCE -fno-omit-frame-pointer -mno-omit-leaf-frame-pointer  -fno-strict-overflow -Wsign-compare -Wunreachable-code -DNDEBUG -g -O3 -Wall -DPY_CALL_TRAMPOLINE -sUSE_BZIP2   -std=c11 -Wextra -Wno-unused-parameter -Wno-missing-field-initializers -Wstrict-prototypes -Werror=implicit-function-declaration -fvisibility=hidden  -I../../../../Include/internal -I../../../../Include/internal/mimalloc -IObjects -IInclude -IPython -I. -I../../../../Include   -fPIC -fPIC -fno-omit-frame-pointer -mno-omit-leaf-frame-pointer  -fno-strict-overflow -Wsign-compare -Wunreachable-code -DNDEBUG -g -O3 -Wall -DPY_CALL_TRAMPOLINE -sUSE_BZIP2   -std=c11 -Wextra -Wno-unused-parameter -Wno-missing-field-initializers -Wstrict-prototypes -Werror=implicit-function-declaration -fvisibility=hidden  -I../../../../Include/internal -I../../../../Include/internal/mimalloc -IObjects -IInclude -IPython -I. -I../../../../Include   -fPIC -DPy_BUILD_CORE_BUILTIN -c ../../../../Modules/sha1module.c -o Modules/sha1module.o
In file included from ../../../../Modules/md5module.c:30:
In file included from ../../../../Modules/_hacl/Hacl_Hash_MD5.h:35:
In file included from ../../../../Modules/_hacl/include/krml/internal/types.h:89:
../../../../Modules/_hacl/include/krml/lowstar_endianness.h:83:11: warning: 'htobe16' macro redefined [-Wmacro-redefined]
   83 | #  define htobe16(x) __builtin_bswap16(x)
      |           ^
/workspaces/MyPython/cpython/cross-build/emsdk/6.0.9/emsdk/upstream/emscripten/cache/sysroot/include/endian.h:35:9: note: previous definition is here
   35 | #define htobe16(x) __bswap16(x)
      |         ^
In file included from ../../../../Modules/md5module.c:30:
In file included from ../../../../Modules/_hacl/Hacl_Hash_MD5.h:35:
In file included from ../../../../Modules/_hacl/include/krml/internal/types.h:89:
../../../../Modules/_hacl/include/krml/lowstar_endianness.h:84:11: warning: 'htole16' macro redefined [-Wmacro-redefined]
   84 | #  definIn file included from e../../../../Modules/sha1module.c: 28:
hIn file included from ../../../../Modules/_hacl/Hacl_Hash_SHA1.ht:o35:
lIn file included from ../../../../Modules/_hacl/include/krml/internal/types.he:189:
6(x) (x)
      |           ^
../../../../Modules/_hacl/include/krml/lowstar_endianness.h:/workspaces/MyPython/cpython/cross-build/emsdk/6.0.9/emsdk/upstream/emscripten/cache/sysroot/include/endian.h83::4111::9 : warning: note: 'htobe16' macro redefined [-Wmacro-redefined]previous definition is here

      4183 |  | ##d e fdienfei nhet ohlteo1b6e(1x6)( x()u i_n_tb1u6i_ltt)i(nx_)b
s      |         ^
In file included from ../../../../Modules/md5module.c:30:
In file included from ../../../../Modules/_hacl/Hacl_Hash_MD5.h:35w:
aIn file included from ../../../../Modules/_hacl/include/krml/internal/types.hp:891:
6../../../../Modules/_hacl/include/krml/lowstar_endianness.h(:85x:11): 
      warning: | 'be16toh' macro redefined [-Wmacro-redefined]          ^

   85 | #/workspaces/MyPython/cpython/cross-build/emsdk/6.0.9/emsdk/upstream/emscripten/cache/sysroot/include/endian.h :35 :9d:e fnote: iprevious definition is heren
e    35b | e#1d6etfoihn(ex )h t_o_bbeu1i6l(txi)n __b_sbwsawpa1p61(6x()x
)      
|                 ^| 
/workspaces/MyPython/cpython/cross-build/emsdk/6.0.9/emsdk/upstream/emscripten/cache/sysroot/include/endian.h:36:9: note: previous definition is here        ^

   36 | #dIn file included from e../../../../Modules/sha1module.c:f28:
iIn file included from n../../../../Modules/_hacl/Hacl_Hash_SHA1.h:e35:
 In file included from ../../../../Modules/_hacl/include/krml/internal/types.hb:e89:
1../../../../Modules/_hacl/include/krml/lowstar_endianness.h6:84t:11o:h (warning: x'htole16' macro redefined [-Wmacro-redefined])
    _84_ | b#s w adpe1f6i(nxe) 
h      t| o        ^
le1In file included from ../../../../Modules/md5module.c6:(30:
xIn file included from ../../../../Modules/_hacl/Hacl_Hash_MD5.h):35 :
(In file included from ../../../../Modules/_hacl/include/krml/internal/types.hx:89):

../../../../Modules/_hacl/include/krml/lowstar_endianness.h      :| 86          ^:
11: /workspaces/MyPython/cpython/cross-build/emsdk/6.0.9/emsdk/upstream/emscripten/cache/sysroot/include/endian.h:warning: 41'le16toh' macro redefined [-Wmacro-redefined]:
9:    86note:  | previous definition is here#
     41d | e#fdienfei nlee 1h6ttooh(x) (lxe)1
6      | (          ^x
) /workspaces/MyPython/cpython/cross-build/emsdk/6.0.9/emsdk/upstream/emscripten/cache/sysroot/include/endian.h:(42:u9:i nnote: tprevious definition is here1
6_   t42 | )#(dxe)f
i      | n        ^e
 leIn file included from ../../../../Modules/sha1module.c1:628:
tIn file included from ../../../../Modules/_hacl/Hacl_Hash_SHA1.ho:h35:
(In file included from ../../../../Modules/_hacl/include/krml/internal/types.hx:)89:
 ../../../../Modules/_hacl/include/krml/lowstar_endianness.h(:85u:11i:n twarning: 1'be16toh' macro redefined [-Wmacro-redefined]6
_t   85) | (#x ) 
d      | e        ^f
inIn file included from e../../../../Modules/md5module.c :30b:
In file included from e../../../../Modules/_hacl/Hacl_Hash_MD5.h:1356:
In file included from t../../../../Modules/_hacl/include/krml/internal/types.ho:h89:
(../../../../Modules/_hacl/include/krml/lowstar_endianness.hx:88):11 :_ _warning: b'htobe32' macro redefined [-Wmacro-redefined]u
il   88t | i#n _ bdsewfaipn1e6 (hxt)o
b      e| 3          ^
2(/workspaces/MyPython/cpython/cross-build/emsdk/6.0.9/emsdk/upstream/emscripten/cache/sysroot/include/endian.h:x36):9 : __note: bprevious definition is here
ui   l36 | t#idne_fbisnwea pb3e21(6xt)o
h      | (          ^x
)/workspaces/MyPython/cpython/cross-build/emsdk/6.0.9/emsdk/upstream/emscripten/cache/sysroot/include/endian.h :_37:_9:b snote: wprevious definition is herea
p   1376 | (#xd)e
f      i| n        ^
e In file included from h../../../../Modules/sha1module.ct:28o:
In file included from b../../../../Modules/_hacl/Hacl_Hash_SHA1.h:e353:
In file included from 2../../../../Modules/_hacl/include/krml/internal/types.h:(89x:
)../../../../Modules/_hacl/include/krml/lowstar_endianness.h: 86:_11:_ bwarning: s'le16toh' macro redefined [-Wmacro-redefined]w
ap   863 | 2#( x )d
e      | f        ^i
neIn file included from ../../../../Modules/md5module.c :30l:
eIn file included from ../../../../Modules/_hacl/Hacl_Hash_MD5.h:35:
In file included from ../../../../Modules/_hacl/include/krml/internal/types.h:89:
../../../../Modules/_hacl/include/krml/lowstar_endianness.h:89:11: 1warning: 6t'htole32' macro redefined [-Wmacro-redefined]
oh   89( | x#)   (dxe)f
i      | n          ^e
 /workspaces/MyPython/cpython/cross-build/emsdk/6.0.9/emsdk/upstream/emscripten/cache/sysroot/include/endian.hh:t42:o9:l enote: 3previous definition is here2
(   x42) |  #(dxe)f
i      n| e          ^
 l/workspaces/MyPython/cpython/cross-build/emsdk/6.0.9/emsdk/upstream/emscripten/cache/sysroot/include/endian.h:e431:96: tonote: hprevious definition is here
(x   43) |  #(dueifnitn1e6 _htt)o(lxe)3
2      | (        ^x
) In file included from (../../../../Modules/sha1module.c:u28:
iIn file included from n../../../../Modules/_hacl/Hacl_Hash_SHA1.h:t35:
3In file included from ../../../../Modules/_hacl/include/krml/internal/types.h2:_89:
t../../../../Modules/_hacl/include/krml/lowstar_endianness.h):88(:11x: )
warning:       | 'htobe32' macro redefined [-Wmacro-redefined]
        ^
   88In file included from  | ../../../../Modules/md5module.c:#30 :
In file included from  ../../../../Modules/_hacl/Hacl_Hash_MD5.h:d35e:
In file included from f../../../../Modules/_hacl/include/krml/internal/types.h:i89:
ne../../../../Modules/_hacl/include/krml/lowstar_endianness.h: 90:h11:t owarning: be'be32toh' macro redefined [-Wmacro-redefined]
32   (90 | x#)   _d_ebfuiinlet ibne_3b2stwoahp(3x2)( x_)_
      b| u          ^
il/workspaces/MyPython/cpython/cross-build/emsdk/6.0.9/emsdk/upstream/emscripten/cache/sysroot/include/endian.ht:37i:9n: _bnote: sprevious definition is herew
a   p373 | 2#(dxe)f
i      n| e          ^
 h/workspaces/MyPython/cpython/cross-build/emsdk/6.0.9/emsdk/upstream/emscripten/cache/sysroot/include/endian.h:t38o:9b: e3note: 2previous definition is here
(x   38) |  #_d_ebfsiwnaep 3b2e(3x2)t
o      | h        ^(
x)In file included from ../../../../Modules/sha1module.c :28_:
_In file included from ../../../../Modules/_hacl/Hacl_Hash_SHA1.hb:35s:
In file included from w../../../../Modules/_hacl/include/krml/internal/types.ha:89p:
3../../../../Modules/_hacl/include/krml/lowstar_endianness.h:289:(11x: )
warning:       | 'htole32' macro redefined [-Wmacro-redefined]
        ^
   89 | In file included from ../../../../Modules/md5module.c#:30 :
 In file included from ../../../../Modules/_hacl/Hacl_Hash_MD5.hd:35e:
In file included from f../../../../Modules/_hacl/include/krml/internal/types.hi:89n:
e../../../../Modules/_hacl/include/krml/lowstar_endianness.h: 91:h11t: olwarning: e'le32toh' macro redefined [-Wmacro-redefined]
32   91( | x#)   (dxe)f
i      | n          ^e
 /workspaces/MyPython/cpython/cross-build/emsdk/6.0.9/emsdk/upstream/emscripten/cache/sysroot/include/endian.hl:43e:39:2 tnote: oprevious definition is hereh
(   x43) |  #(dxe)f
i      n| e          ^
 h/workspaces/MyPython/cpython/cross-build/emsdk/6.0.9/emsdk/upstream/emscripten/cache/sysroot/include/endian.ht:o44:l9:e 3note: 2previous definition is here(
x   )44  | (#udienfti3n2e_ tl)e(3x2)t
o      h| (        ^
x)In file included from  ../../../../Modules/sha1module.c(:28u:
In file included from i../../../../Modules/_hacl/Hacl_Hash_SHA1.h:n35t:
In file included from ../../../../Modules/_hacl/include/krml/internal/types.h:89:
../../../../Modules/_hacl/include/krml/lowstar_endianness.h:90:11: warning: 'be32toh' macro redefined [-Wmacro-redefined]
   90 | #  define be32toh(x) __builtin_bswap32(x)
      |           ^
/workspaces/MyPython/cpython/cross-build/emsdk/6.0.9/emsdk/upstream/emscripten/cache/sysroot/include/endian.h:38:9: note: previous definition is here
   38 | #define be32toh(x) __bswap32(x)
      |         ^
In file included from ../../../../Modules/sha1module.c:28:
In file included from ../../../../Modules/_hacl/Hacl_Hash_SHA1.h:35:
In file included from ../../../../Modules/_hacl/include/krml/internal/types.h:89:
../../../../Modules/_hacl/include/krml/lowstar_endianness.h:91:11: warning: 'le32toh' macro redefined [-Wmacro-redefined]
   91 | #  define le32toh(x) (x)
      |           ^
/workspaces/MyPython/cpython/cross-build/emsdk/6.0.9/emsdk/upstream/emscripten/cache/sysroot/include/endian.h:44:9: note: previous definition is here
   44 | #define le32toh(x) (uint32_t)(x)
      |         ^
In file included from ../../../../Modules/sha1module.c:28:
In file included from ../../../../Modules/_hacl/Hacl_Hash_SHA1.h:35:
In file included from ../../../../Modules/_hacl/include/krml/internal/types.h:89:
../../../../Modules/_hacl/include/krml/lowstar_endianness.h:93:11: warning: 'htobe64' macro redefined [-Wmacro-redefined]
   93 | #  define htobe64(x) __builtin_bswap64(x)
      |           ^
/workspaces/MyPython/cpython/cross-build/emsdk/6.0.9/emsdk/upstream/emscripten/cache/sysroot/include/endian.h:39:9: note: previous definition is here
   39 | #define htobe64(x) __bswap64(x)
      |         ^
In file included from ../../../../Modules/sha1module.c:28:
In file included from ../../../../Modules/_hacl/Hacl_Hash_SHA1.h:35:
In file included from ../../../../Modules/_hacl/include/krml/internal/types.h:89:
../../../../Modules/_hacl/include/krml/lowstar_endianness.h:94:11: warning: 'htole64' macro redefined [-Wmacro-redefined]
   94 | #  define htole64(x) (x)
      |           ^
/workspaces/MyPython/cpython/cross-build/emsdk/6.0.9/emsdk/upstream/emscripten/cache/sysroot/include/endian.h:45:9: note: previous definition is here
   45 | #define htole64(x) (uint64_t)(x)
      |         ^
In file included from ../../../../Modules/sha1module.c:28:
In file included from ../../../../Modules/_hacl/Hacl_Hash_SHA1.h:35:
In file included from ../../../../Modules/_hacl/include/krml/internal/types.h:89:
../../../../Modules/_hacl/include/krml/lowstar_endianness.h:95:11: warning: 'be64toh' macro redefined [-Wmacro-redefined]
   95 | #  define be64toh(x) __builtin_bswap64(x)
      |           ^
/workspaces/MyPython/cpython/cross-build/emsdk/6.0.9/emsdk/upstream/emscripten/cache/sysroot/include/endian.h:40:9: note: previous definition is here
   40 | #define be64toh(x) __bswap64(x)
      |         ^
In file included from ../../../../Modules/sha1module.c:28:
In file included from ../../../../Modules/_hacl/Hacl_Hash_SHA1.h:35:
In file included from ../../../../Modules/_hacl/include/krml/internal/types.h:89:
../../../../Modules/_hacl/include/krml/lowstar_endianness.h:96:11: warning: 'le64toh' macro redefined [-Wmacro-redefined]
   96 | #  define le64toh(x) (x)
      |           ^
/workspaces/MyPython/cpython/cross-build/emsdk/6.0.9/emsdk/upstream/emscripten/cache/sysroot/include/endian.h:46:9: note: previous definition is here
   46 | #define le64toh(x) (uint64_t)(x)
      |         ^
32_t)(x)
      |         ^
In file included from ../../../../Modules/md5module.c:30:
In file included from ../../../../Modules/_hacl/Hacl_Hash_MD5.h:35:
In file included from ../../../../Modules/_hacl/include/krml/internal/types.h:89:
../../../../Modules/_hacl/include/krml/lowstar_endianness.h:93:11: warning: 'htobe64' macro redefined [-Wmacro-redefined]
   93 | #  define htobe64(x) __builtin_bswap64(x)
      |           ^
/workspaces/MyPython/cpython/cross-build/emsdk/6.0.9/emsdk/upstream/emscripten/cache/sysroot/include/endian.h:39:9: note: previous definition is here
   39 | #define htobe64(x) __bswap64(x)
      |         ^
In file included from ../../../../Modules/md5module.c:30:
In file included from ../../../../Modules/_hacl/Hacl_Hash_MD5.h:35:
In file included from ../../../../Modules/_hacl/include/krml/internal/types.h:89:
../../../../Modules/_hacl/include/krml/lowstar_endianness.h:94:11: warning: 'htole64' macro redefined [-Wmacro-redefined]
   94 | #  define htole64(x) (x)
      |           ^
/workspaces/MyPython/cpython/cross-build/emsdk/6.0.9/emsdk/upstream/emscripten/cache/sysroot/include/endian.h:45:9: note: previous definition is here
   45 | #define htole64(x) (uint64_t)(x)
      |         ^
In file included from ../../../../Modules/md5module.c:30:
In file included from ../../../../Modules/_hacl/Hacl_Hash_MD5.h:35:
In file included from ../../../../Modules/_hacl/include/krml/internal/types.h:89:
../../../../Modules/_hacl/include/krml/lowstar_endianness.h:95:11: warning: 'be64toh' macro redefined [-Wmacro-redefined]
   95 | #  define be64toh(x) __builtin_bswap64(x)
      |           ^
/workspaces/MyPython/cpython/cross-build/emsdk/6.0.9/emsdk/upstream/emscripten/cache/sysroot/include/endian.h:40:9: note: previous definition is here
   40 | #define be64toh(x) __bswap64(x)
      |         ^
In file included from ../../../../Modules/md5module.c:30:
In file included from ../../../../Modules/_hacl/Hacl_Hash_MD5.h:35:
In file included from ../../../../Modules/_hacl/include/krml/internal/types.h:89:
../../../../Modules/_hacl/include/krml/lowstar_endianness.h:96:11: warning: 'le64toh' macro redefined [-Wmacro-redefined]
   96 | #  define le64toh(x) (x)
      |           ^
/workspaces/MyPython/cpython/cross-build/emsdk/6.0.9/emsdk/upstream/emscripten/cache/sysroot/include/endian.h:46:9: note: previous definition is here
   46 | #define le64toh(x) (uint64_t)(x)
      |         ^
12 warning12 warnings generated.
s generated.
/workspaces/MyPython/cpython/cross-build/emsdk/6.0.9/emsdk/upstream/emscripten/emcc -I../../../../Modules/_hacl -I../../../../Modules/_hacl/include -D_BSD_SOURCE -D_DEFAULT_SOURCE -fno-omit-frame-pointer -mno-omit-leaf-frame-pointer  -fno-strict-overflow -Wsign-compare -Wunreachable-code -DNDEBUG -g -O3 -Wall -DPY_CALL_TRAMPOLINE -sUSE_BZIP2   -std=c11 -Wextra -Wno-unused-parameter -Wno-missing-field-initializers -Wstrict-prototypes -Werror=implicit-function-declaration -fvisibility=hidden  -I../../../../Include/internal -I../../../../Include/internal/mimalloc -IObjects -IInclude -IPython -I. -I../../../../Include   -fPIC -fPIC -fno-omit-frame-pointer -mno-omit-leaf-frame-pointer  -fno-strict-overflow -Wsign-compare -Wunreachable-code -DNDEBUG -g -O3 -Wall -DPY_CALL_TRAMPOLINE -sUSE_BZIP2   -std=c11 -Wextra -Wno-unused-parameter -Wno-missing-field-initializers -Wstrict-prototypes -Werror=implicit-function-declaration -fvisibility=hidden  -I../../../../Include/internal -I../../../../Include/internal/mimalloc -IObjects -IInclude -IPython -I. -I../../../../Include   -fPIC -DPy_BUILD_CORE_BUILTIN -c ../../../../Modules/sha2module.c -o Modules/sha2module.o
/workspaces/MyPython/cpython/cross-build/emsdk/6.0.9/emsdk/upstream/emscripten/emcc -I../../../../Modules/_hacl -I../../../../Modules/_hacl/include -D_BSD_SOURCE -D_DEFAULT_SOURCE -fno-omit-frame-pointer -mno-omit-leaf-frame-pointer  -fno-strict-overflow -Wsign-compare -Wunreachable-code -DNDEBUG -g -O3 -Wall -DPY_CALL_TRAMPOLINE -sUSE_BZIP2   -std=c11 -Wextra -Wno-unused-parameter -Wno-missing-field-initializers -Wstrict-prototypes -Werror=implicit-function-declaration -fvisibility=hidden  -I../../../../Include/internal -I../../../../Include/internal/mimalloc -IObjects -IInclude -IPython -I. -I../../../../Include   -fPIC -fPIC -fno-omit-frame-pointer -mno-omit-leaf-frame-pointer  -fno-strict-overflow -Wsign-compare -Wunreachable-code -DNDEBUG -g -O3 -Wall -DPY_CALL_TRAMPOLINE -sUSE_BZIP2   -std=c11 -Wextra -Wno-unused-parameter -Wno-missing-field-initializers -Wstrict-prototypes -Werror=implicit-function-declaration -fvisibility=hidden  -I../../../../Include/internal -I../../../../Include/internal/mimalloc -IObjects -IInclude -IPython -I. -I../../../../Include   -fPIC -DPy_BUILD_CORE_BUILTIN -c ../../../../Modules/sha3module.c -o Modules/sha3module.o
In file included from ../../../../Modules/sha2module.c:31:
In file included from ../../../../Modules/_hacl/Hacl_Hash_SHA2.h:35:
In file included from ../../../../Modules/_hacl/include/krml/internal/types.h:89:
../../../../Modules/_hacl/include/krml/lowstar_endianness.h:83:11: warning: 'htobe16' macro redefined [-Wmacro-redefined]
   83 | #  define htobe16(x) __builtin_bswap16(x)
      |           ^
/workspaces/MyPython/cpython/cross-build/emsdk/6.0.9/emsdk/upstream/emscripten/cache/sysroot/include/endian.h:35:9: note: previous definition is here
   35 | #define htobe16(x) __bswap16(x)
      |         ^
In file included from ../../../../Modules/sha2module.c:31:
In file included from ../../../../Modules/_hacl/Hacl_Hash_SHA2.h:35:
In file included from ../../../../Modules/_hacl/include/krml/internal/types.h:89:
../../../../Modules/_hacl/include/krml/lowstar_endianness.h:84:11: warning: 'htole16' macro redefined [-Wmacro-redefined]
   84 | #  define htole16(x) (x)
      |           ^
/workspaces/MyPython/cpython/cross-build/emsdk/6.0.9/emsdk/upstream/emscripten/cache/sysroot/include/endian.h:41:9: note: previous definition is here
   41 | #define htole16(x) (uint16_t)(x)
      |         ^
In file included from ../../../../Modules/sha2module.c:31:
In file included from ../../../../Modules/_hacl/Hacl_Hash_SHA2.h:35:
In file included from ../../../../Modules/_hacl/include/krml/internal/types.h:89:
../../../../Modules/_hacl/include/krml/lowstar_endianness.h:85:11: warning: 'be16toh' macro redefined [-Wmacro-redefined]
   85 | #  define be16toh(x) __builtin_bswap16(x)
      |           ^
/workspaces/MyPython/cpython/cross-build/emsdk/6.0.9/emsdk/upstream/emscripten/cache/sysroot/include/endian.h:36:9: note: previous definition is here
   36 | #define be16toh(x) __bswap16(x)
      |         ^
In file included from ../../../../Modules/sha2module.c:31:
In file included from ../../../../Modules/_hacl/Hacl_Hash_SHA2.h:35:
In file included from ../../../../Modules/_hacl/include/krml/internal/types.h:89:
../../../../Modules/_hacl/include/krml/lowstar_endianness.h:86:11: warning: 'le16toh' macro redefined [-Wmacro-redefined]
   86 | #  define le16toh(x) (x)
      |           ^
/workspaces/MyPython/cpython/cross-build/emsdk/6.0.9/emsdk/upstream/emscripten/cache/sysroot/include/endian.h:42:9: note: previous definition is here
   42 | #define le16toh(x) (uint16_t)(x)
      |         ^
In file included from ../../../../Modules/sha2module.c:31:
In file included from ../../../../Modules/_hacl/Hacl_Hash_SHA2.h:35:
In file included from ../../../../Modules/_hacl/include/krml/internal/types.h:89:
../../../../Modules/_hacl/include/krml/lowstar_endianness.h:88:11: warning: 'htobe32' macro redefined [-Wmacro-redefined]
   88 | #  define htobe32(x) __builtin_bswap32(x)
      |           ^
/workspaces/MyPython/cpython/cross-build/emsdk/6.0.9/emsdk/upstream/emscripten/cache/sysroot/include/endian.h:37:9: note: previous definition is here
   37 | #define htobe32(x) __bswap32(x)
      |         ^
In file included from ../../../../Modules/sha2module.c:31:
In file included from ../../../../Modules/_hacl/Hacl_Hash_SHA2.h:35:
In file included from ../../../../Modules/_hacl/include/krml/internal/types.h:89:
../../../../Modules/_hacl/include/krml/lowstar_endianness.h:89:11: warning: 'htole32' macro redefined [-Wmacro-redefined]
   89 | #  define htole32(x) (x)
      |           ^
/workspaces/MyPython/cpython/cross-build/emsdk/6.0.9/emsdk/upstream/emscripten/cache/sysroot/include/endian.h:43:9: note: previous definition is here
   43 | #define htole32(x) (uint32_t)(x)
      |         ^
In file included from ../../../../Modules/sha2module.c:31:
In file included from ../../../../Modules/_hacl/Hacl_Hash_SHA2.h:35:
In file included from ../../../../Modules/_hacl/include/krml/internal/types.h:89:
../../../../Modules/_hacl/include/krml/lowstar_endianness.h:90:11: warning: 'be32toh' macro redefined [-Wmacro-redefined]
   90 | #  define be32toh(x) __builtin_bswap32(x)
      |           ^
/workspaces/MyPython/cpython/cross-build/emsdk/6.0.9/emsdk/upstream/emscripten/cache/sysroot/include/endian.h:38:9: note: previous definition is here
   38 | #define be32toh(x) __bswap32(x)
      |         ^
In file included from ../../../../Modules/sha2module.c:31:
In file included from ../../../../Modules/_hacl/Hacl_Hash_SHA2.h:35:
In file included from ../../../../Modules/_hacl/include/krml/internal/types.h:89:
../../../../Modules/_hacl/include/krml/lowstar_endianness.h:91:11: warning: 'le32toh' macro redefined [-Wmacro-redefined]
   91 | #  define le32toh(x) (x)
      |           ^
/workspaces/MyPython/cpython/cross-build/emsdk/6.0.9/emsdk/upstream/emscripten/cache/sysroot/include/endian.h:44:9: note: previous definition is here
   44 | #define le32toh(x) (uint32_t)(x)
      |         ^
In file included from ../../../../Modules/sha2module.c:31:
In file included from ../../../../Modules/_hacl/Hacl_Hash_SHA2.h:35:
In file included from ../../../../Modules/_hacl/include/krml/internal/types.h:89:
../../../../Modules/_hacl/include/krml/lowstar_endianness.h:93:11: warning: 'htobe64' macro redefined [-Wmacro-redefined]
   93 | #  define htobe64(x) __builtin_bswap64(x)
      |           ^
/workspaces/MyPython/cpython/cross-build/emsdk/6.0.9/emsdk/upstream/emscripten/cache/sysroot/include/endian.h:39:9: note: previous definition is here
   39 | #define htobe64(x) __bswap64(x)
      |         ^
In file included from ../../../../Modules/sha2module.c:31:
In file included from ../../../../Modules/_hacl/Hacl_Hash_SHA2.h:35:
In file included from ../../../../Modules/_hacl/include/krml/internal/types.h:89:
../../../../Modules/_hacl/include/krml/lowstar_endianness.h:94:11: warning: 'htole64' macro redefined [-Wmacro-redefined]
   94 | #  define htole64(x) (x)
      |           ^
/workspaces/MyPython/cpython/cross-build/emsdk/6.0.9/emsdk/upstream/emscripten/cache/sysroot/include/endian.h:45:9: note: previous definition is here
   45 | #define htole64(x) (uint64_t)(x)
      |         ^
In file included from ../../../../Modules/sha2module.c:31:
In file included from ../../../../Modules/_hacl/Hacl_Hash_SHA2.h:35:
In file included from ../../../../Modules/_hacl/include/krml/internal/types.h:89:
../../../../Modules/_hacl/include/krml/lowstar_endianness.h:95:11: warning: 'be64toh' macro redefined [-Wmacro-redefined]
   95 | #  define be64toh(x) __builtin_bswap64(x)
      |           ^
/workspaces/MyPython/cpython/cross-build/emsdk/6.0.9/emsdk/upstream/emscripten/cache/sysroot/include/endian.h:40:9: note: previous definition is here
   40 | #define be64toh(x) __bswap64(x)
      |         ^
In file included from ../../../../Modules/sha2module.c:31:
In file included from ../../../../Modules/_hacl/Hacl_Hash_SHA2.h:35:
In file included from ../../../../Modules/_hacl/include/krml/internal/types.h:89:
../../../../Modules/_hacl/include/krml/lowstar_endianness.h:96:11: warning: 'le64toh' macro redefined [-Wmacro-redefined]
   96 | #  define le64toh(x) (x)
      |           ^
/workspaces/MyPython/cpython/cross-build/emsdk/6.0.9/emsdk/upstream/emscripten/cache/sysroot/include/endian.h:46:9: note: previous definition is here
   46 | #define le64toh(x) (uint64_t)(x)
      |         ^
In file included from ../../../../Modules/sha3module.c:29:
In file included from ../../../../Modules/_hacl/Hacl_Hash_SHA3.h:35:
In file included from ../../../../Modules/_hacl/include/krml/internal/types.h:89:
../../../../Modules/_hacl/include/krml/lowstar_endianness.h:83:11: warning: 'htobe16' macro redefined [-Wmacro-redefined]
   83 | #  define htobe16(x) __builtin_bswap16(x)
      |           ^
/workspaces/MyPython/cpython/cross-build/emsdk/6.0.9/emsdk/upstream/emscripten/cache/sysroot/include/endian.h:35:9: note: previous definition is here
   35 | #define htobe16(x) __bswap16(x)
      |         ^
In file included from ../../../../Modules/sha3module.c:29:
In file included from ../../../../Modules/_hacl/Hacl_Hash_SHA3.h:35:
In file included from ../../../../Modules/_hacl/include/krml/internal/types.h:89:
../../../../Modules/_hacl/include/krml/lowstar_endianness.h:84:11: warning: 'htole16' macro redefined [-Wmacro-redefined]
   84 | #  define htole16(x) (x)
      |           ^
/workspaces/MyPython/cpython/cross-build/emsdk/6.0.9/emsdk/upstream/emscripten/cache/sysroot/include/endian.h:41:9: note: previous definition is here
   41 | #define htole16(x) (uint16_t)(x)
      |         ^
In file included from ../../../../Modules/sha3module.c:29:
In file included from ../../../../Modules/_hacl/Hacl_Hash_SHA3.h:35:
In file included from ../../../../Modules/_hacl/include/krml/internal/types.h:89:
../../../../Modules/_hacl/include/krml/lowstar_endianness.h:85:11: warning: 'be16toh' macro redefined [-Wmacro-redefined]
   85 | #  define be16toh(x) __builtin_bswap16(x)
      |           ^
/workspaces/MyPython/cpython/cross-build/emsdk/6.0.9/emsdk/upstream/emscripten/cache/sysroot/include/endian.h:36:9: note: previous definition is here
   36 | #define be16toh(x) __bswap16(x)
      |         ^
In file included from ../../../../Modules/sha3module.c:29:
In file included from ../../../../Modules/_hacl/Hacl_Hash_SHA3.h:35:
In file included from ../../../../Modules/_hacl/include/krml/internal/types.h:89:
../../../../Modules/_hacl/include/krml/lowstar_endianness.h:86:11: warning: 'le16toh' macro redefined [-Wmacro-redefined]
   86 | #  define le16toh(x) (x)
      |           ^
/workspaces/MyPython/cpython/cross-build/emsdk/6.0.9/emsdk/upstream/emscripten/cache/sysroot/include/endian.h:42:9: note: previous definition is here
   42 | #define le16toh(x) (uint16_t)(x)
      |         ^
In file included from ../../../../Modules/sha3module.c:29:
In file included from ../../../../Modules/_hacl/Hacl_Hash_SHA3.h:35:
In file included from ../../../../Modules/_hacl/include/krml/internal/types.h:89:
../../../../Modules/_hacl/include/krml/lowstar_endianness.h:88:11: warning: 'htobe32' macro redefined [-Wmacro-redefined]
   88 | #  define htobe32(x) __builtin_bswap32(x)
      |           ^
/workspaces/MyPython/cpython/cross-build/emsdk/6.0.9/emsdk/upstream/emscripten/cache/sysroot/include/endian.h:37:9: note: previous definition is here
   37 | #define htobe32(x) __bswap32(x)
      |         ^
In file included from ../../../../Modules/sha3module.c:29:
In file included from ../../../../Modules/_hacl/Hacl_Hash_SHA3.h:35:
In file included from ../../../../Modules/_hacl/include/krml/internal/types.h:89:
../../../../Modules/_hacl/include/krml/lowstar_endianness.h:89:11: warning: 'htole32' macro redefined [-Wmacro-redefined]
   89 | #  define htole32(x) (x)
      |           ^
/workspaces/MyPython/cpython/cross-build/emsdk/6.0.9/emsdk/upstream/emscripten/cache/sysroot/include/endian.h:43:9: note: previous definition is here
   43 | #define htole32(x) (uint32_t)(x)
      |         ^
In file included from ../../../../Modules/sha3module.c:29:
In file included from ../../../../Modules/_hacl/Hacl_Hash_SHA3.h:35:
In file included from ../../../../Modules/_hacl/include/krml/internal/types.h:89:
../../../../Modules/_hacl/include/krml/lowstar_endianness.h:90:11: warning: 'be32toh' macro redefined [-Wmacro-redefined]
   90 | #  define be32toh(x) __builtin_bswap32(x)
      |           ^
/workspaces/MyPython/cpython/cross-build/emsdk/6.0.9/emsdk/upstream/emscripten/cache/sysroot/include/endian.h:38:9: note: previous definition is here
   38 | #define be32toh(x) __bswap32(x)
      |         ^
In file included from ../../../../Modules/sha3module.c:29:
In file included from ../../../../Modules/_hacl/Hacl_Hash_SHA3.h:35:
In file included from ../../../../Modules/_hacl/include/krml/internal/types.h:89:
../../../../Modules/_hacl/include/krml/lowstar_endianness.h:91:11: warning: 'le32toh' macro redefined [-Wmacro-redefined]
   91 | #  define le32toh(x) (x)
      |           ^
/workspaces/MyPython/cpython/cross-build/emsdk/6.0.9/emsdk/upstream/emscripten/cache/sysroot/include/endian.h:44:9: note: previous definition is here
   44 | #define le32toh(x) (uint32_t)(x)
      |         ^
In file included from ../../../../Modules/sha3module.c:29:
In file included from ../../../../Modules/_hacl/Hacl_Hash_SHA3.h:35:
In file included from ../../../../Modules/_hacl/include/krml/internal/types.h:89:
../../../../Modules/_hacl/include/krml/lowstar_endianness.h:93:11: warning: 'htobe64' macro redefined [-Wmacro-redefined]
   93 | #  define htobe64(x) __builtin_bswap64(x)
      |           ^
/workspaces/MyPython/cpython/cross-build/emsdk/6.0.9/emsdk/upstream/emscripten/cache/sysroot/include/endian.h:39:9: note: previous definition is here
   39 | #define htobe64(x) __bswap64(x)
      |         ^
In file included from ../../../../Modules/sha3module.c:29:
In file included from ../../../../Modules/_hacl/Hacl_Hash_SHA3.h:35:
In file included from ../../../../Modules/_hacl/include/krml/internal/types.h:89:
../../../../Modules/_hacl/include/krml/lowstar_endianness.h:94:11: warning: 'htole64' macro redefined [-Wmacro-redefined]
   94 | #  define htole64(x) (x)
      |           ^
/workspaces/MyPython/cpython/cross-build/emsdk/6.0.9/emsdk/upstream/emscripten/cache/sysroot/include/endian.h:45:9: note: previous definition is here
   45 | #define htole64(x) (uint64_t)(x)
      |         ^
In file included from ../../../../Modules/sha3module.c:29:
In file included from ../../../../Modules/_hacl/Hacl_Hash_SHA3.h:35:
In file included from ../../../../Modules/_hacl/include/krml/internal/types.h:89:
../../../../Modules/_hacl/include/krml/lowstar_endianness.h:95:11: warning: 'be64toh' macro redefined [-Wmacro-redefined]
   95 | #  define be64toh(x) __builtin_bswap64(x)
      |           ^
/workspaces/MyPython/cpython/cross-build/emsdk/6.0.9/emsdk/upstream/emscripten/cache/sysroot/include/endian.h:40:9: note: previous definition is here
   40 | #define be64toh(x) __bswap64(x)
      |         ^
In file included from ../../../../Modules/sha3module.c:29:
In file included from ../../../../Modules/_hacl/Hacl_Hash_SHA3.h:35:
In file included from ../../../../Modules/_hacl/include/krml/internal/types.h:89:
../../../../Modules/_hacl/include/krml/lowstar_endianness.h:96:11: warning: 'le64toh' macro redefined [-Wmacro-redefined]
   96 | #  define le64toh(x) (x)
      |           ^
/workspaces/MyPython/cpython/cross-build/emsdk/6.0.9/emsdk/upstream/emscripten/cache/sysroot/include/endian.h:46:9: note: previous definition is here
   46 | #define le64toh(x) (uint64_t)(x)
      |         ^
12 warnings generated.
/workspaces/MyPython/cpython/cross-build/emsdk/6.0.9/emsdk/upstream/emscripten/emcc -I../../../../Modules/_hacl -I../../../../Modules/_hacl/include -D_BSD_SOURCE -D_DEFAULT_SOURCE -fno-omit-frame-pointer -mno-omit-leaf-frame-pointer  -fno-strict-overflow -Wsign-compare -Wunreachable-code -DNDEBUG -g -O3 -Wall -DPY_CALL_TRAMPOLINE -sUSE_BZIP2   -std=c11 -Wextra -Wno-unused-parameter -Wno-missing-field-initializers -Wstrict-prototypes -Werror=implicit-function-declaration -fvisibility=hidden  -I../../../../Include/internal -I../../../../Include/internal/mimalloc -IObjects -IInclude -IPython -I. -I../../../../Include   -fPIC -fPIC -fno-omit-frame-pointer -mno-omit-leaf-frame-pointer  -fno-strict-overflow -Wsign-compare -Wunreachable-code -DNDEBUG -g -O3 -Wall -DPY_CALL_TRAMPOLINE -sUSE_BZIP2   -std=c11 -Wextra -Wno-unused-parameter -Wno-missing-field-initializers -Wstrict-prototypes -Werror=implicit-function-declaration -fvisibility=hidden  -I../../../../Include/internal -I../../../../Include/internal/mimalloc -IObjects -IInclude -IPython -I. -I../../../../Include   -fPIC -DPy_BUILD_CORE_BUILTIN -c ../../../../Modules/blake2module.c -o Modules/blake2module.o
12 warnings generated.
/workspaces/MyPython/cpython/cross-build/emsdk/6.0.9/emsdk/upstream/emscripten/emcc -I../../../../Modules/expat -fno-omit-frame-pointer -mno-omit-leaf-frame-pointer  -fno-strict-overflow -Wsign-compare -Wunreachable-code -DNDEBUG -g -O3 -Wall -DPY_CALL_TRAMPOLINE -sUSE_BZIP2   -std=c11 -Wextra -Wno-unused-parameter -Wno-missing-field-initializers -Wstrict-prototypes -Werror=implicit-function-declaration -fvisibility=hidden  -I../../../../Include/internal -I../../../../Include/internal/mimalloc -IObjects -IInclude -IPython -I. -I../../../../Include   -fPIC -DPy_BUILD_CORE_BUILTIN -c ../../../../Modules/pyexpat.c -o Modules/pyexpat.o
In file included from ../../../../Modules/blake2module.c:60:
In file included from ../../../../Modules/_hacl/Hacl_Hash_Blake2s.h:35:
In file included from ../../../../Modules/_hacl/include/krml/internal/types.h:89:
../../../../Modules/_hacl/include/krml/lowstar_endianness.h:83:11: warning: 'htobe16' macro redefined [-Wmacro-redefined]
   83 | #  define htobe16(x) __builtin_bswap16(x)
      |           ^
/workspaces/MyPython/cpython/cross-build/emsdk/6.0.9/emsdk/upstream/emscripten/cache/sysroot/include/endian.h:35:9: note: previous definition is here
   35 | #define htobe16(x) __bswap16(x)
      |         ^
In file included from ../../../../Modules/blake2module.c:60:
In file included from ../../../../Modules/_hacl/Hacl_Hash_Blake2s.h:35:
In file included from ../../../../Modules/_hacl/include/krml/internal/types.h:89:
../../../../Modules/_hacl/include/krml/lowstar_endianness.h:84:11: warning: 'htole16' macro redefined [-Wmacro-redefined]
   84 | #  define htole16(x) (x)
      |           ^
/workspaces/MyPython/cpython/cross-build/emsdk/6.0.9/emsdk/upstream/emscripten/cache/sysroot/include/endian.h:41:9: note: previous definition is here
   41 | #define htole16(x) (uint16_t)(x)
      |         ^
In file included from ../../../../Modules/blake2module.c:60:
In file included from ../../../../Modules/_hacl/Hacl_Hash_Blake2s.h:35:
In file included from ../../../../Modules/_hacl/include/krml/internal/types.h:89:
../../../../Modules/_hacl/include/krml/lowstar_endianness.h:85:11: warning: 'be16toh' macro redefined [-Wmacro-redefined]
   85 | #  define be16toh(x) __builtin_bswap16(x)
      |           ^
/workspaces/MyPython/cpython/cross-build/emsdk/6.0.9/emsdk/upstream/emscripten/cache/sysroot/include/endian.h:36:9: note: previous definition is here
   36 | #define be16toh(x) __bswap16(x)
      |         ^
In file included from ../../../../Modules/blake2module.c:60:
In file included from ../../../../Modules/_hacl/Hacl_Hash_Blake2s.h:35:
In file included from ../../../../Modules/_hacl/include/krml/internal/types.h:89:
../../../../Modules/_hacl/include/krml/lowstar_endianness.h:86:11: warning: 'le16toh' macro redefined [-Wmacro-redefined]
   86 | #  define le16toh(x) (x)
      |           ^
/workspaces/MyPython/cpython/cross-build/emsdk/6.0.9/emsdk/upstream/emscripten/cache/sysroot/include/endian.h:42:9: note: previous definition is here
   42 | #define le16toh(x) (uint16_t)(x)
      |         ^
In file included from ../../../../Modules/blake2module.c:60:
In file included from ../../../../Modules/_hacl/Hacl_Hash_Blake2s.h:35:
In file included from ../../../../Modules/_hacl/include/krml/internal/types.h:89:
../../../../Modules/_hacl/include/krml/lowstar_endianness.h:88:11: warning: 'htobe32' macro redefined [-Wmacro-redefined]
   88 | #  define htobe32(x) __builtin_bswap32(x)
      |           ^
/workspaces/MyPython/cpython/cross-build/emsdk/6.0.9/emsdk/upstream/emscripten/cache/sysroot/include/endian.h:37:9: note: previous definition is here
   37 | #define htobe32(x) __bswap32(x)
      |         ^
In file included from ../../../../Modules/blake2module.c:60:
In file included from ../../../../Modules/_hacl/Hacl_Hash_Blake2s.h:35:
In file included from ../../../../Modules/_hacl/include/krml/internal/types.h:89:
../../../../Modules/_hacl/include/krml/lowstar_endianness.h:89:11: warning: 'htole32' macro redefined [-Wmacro-redefined]
   89 | #  define htole32(x) (x)
      |           ^
/workspaces/MyPython/cpython/cross-build/emsdk/6.0.9/emsdk/upstream/emscripten/cache/sysroot/include/endian.h:43:9: note: previous definition is here
   43 | #define htole32(x) (uint32_t)(x)
      |         ^
In file included from ../../../../Modules/blake2module.c:60:
In file included from ../../../../Modules/_hacl/Hacl_Hash_Blake2s.h:35:
In file included from ../../../../Modules/_hacl/include/krml/internal/types.h:89:
../../../../Modules/_hacl/include/krml/lowstar_endianness.h:90:11: warning: 'be32toh' macro redefined [-Wmacro-redefined]
   90 | #  define be32toh(x) __builtin_bswap32(x)
      |           ^
/workspaces/MyPython/cpython/cross-build/emsdk/6.0.9/emsdk/upstream/emscripten/cache/sysroot/include/endian.h:38:9: note: previous definition is here
   38 | #define be32toh(x) __bswap32(x)
      |         ^
In file included from ../../../../Modules/blake2module.c:60:
In file included from ../../../../Modules/_hacl/Hacl_Hash_Blake2s.h:35:
In file included from ../../../../Modules/_hacl/include/krml/internal/types.h:89:
../../../../Modules/_hacl/include/krml/lowstar_endianness.h:91:11: warning: 'le32toh' macro redefined [-Wmacro-redefined]
   91 | #  define le32toh(x) (x)
      |           ^
/workspaces/MyPython/cpython/cross-build/emsdk/6.0.9/emsdk/upstream/emscripten/cache/sysroot/include/endian.h:44:9: note: previous definition is here
   44 | #define le32toh(x) (uint32_t)(x)
      |         ^
In file included from ../../../../Modules/blake2module.c:60:
In file included from ../../../../Modules/_hacl/Hacl_Hash_Blake2s.h:35:
In file included from ../../../../Modules/_hacl/include/krml/internal/types.h:89:
../../../../Modules/_hacl/include/krml/lowstar_endianness.h:93:11: warning: 'htobe64' macro redefined [-Wmacro-redefined]
   93 | #  define htobe64(x) __builtin_bswap64(x)
      |           ^
/workspaces/MyPython/cpython/cross-build/emsdk/6.0.9/emsdk/upstream/emscripten/cache/sysroot/include/endian.h:39:9: note: previous definition is here
   39 | #define htobe64(x) __bswap64(x)
      |         ^
In file included from ../../../../Modules/blake2module.c:60:
In file included from ../../../../Modules/_hacl/Hacl_Hash_Blake2s.h:35:
In file included from ../../../../Modules/_hacl/include/krml/internal/types.h:89:
../../../../Modules/_hacl/include/krml/lowstar_endianness.h:94:11: warning: 'htole64' macro redefined [-Wmacro-redefined]
   94 | #  define htole64(x) (x)
      |           ^
/workspaces/MyPython/cpython/cross-build/emsdk/6.0.9/emsdk/upstream/emscripten/cache/sysroot/include/endian.h:45:9: note: previous definition is here
   45 | #define htole64(x) (uint64_t)(x)
      |         ^
In file included from ../../../../Modules/blake2module.c:60:
In file included from ../../../../Modules/_hacl/Hacl_Hash_Blake2s.h:35:
In file included from ../../../../Modules/_hacl/include/krml/internal/types.h:89:
../../../../Modules/_hacl/include/krml/lowstar_endianness.h:95:11: warning: 'be64toh' macro redefined [-Wmacro-redefined]
   95 | #  define be64toh(x) __builtin_bswap64(x)
      |           ^
/workspaces/MyPython/cpython/cross-build/emsdk/6.0.9/emsdk/upstream/emscripten/cache/sysroot/include/endian.h:40:9: note: previous definition is here
   40 | #define be64toh(x) __bswap64(x)
      |         ^
In file included from ../../../../Modules/blake2module.c:60:
In file included from ../../../../Modules/_hacl/Hacl_Hash_Blake2s.h:35:
In file included from ../../../../Modules/_hacl/include/krml/internal/types.h:89:
../../../../Modules/_hacl/include/krml/lowstar_endianness.h:96:11: warning: 'le64toh' macro redefined [-Wmacro-redefined]
   96 | #  define le64toh(x) (x)
      |           ^
/workspaces/MyPython/cpython/cross-build/emsdk/6.0.9/emsdk/upstream/emscripten/cache/sysroot/include/endian.h:46:9: note: previous definition is here
   46 | #define le64toh(x) (uint64_t)(x)
      |         ^
12 warnings generated.
/workspaces/MyPython/cpython/cross-build/emsdk/6.0.9/emsdk/upstream/emscripten/emcc -I../../../../Modules/expat -fno-omit-frame-pointer -mno-omit-leaf-frame-pointer  -fno-strict-overflow -Wsign-compare -Wunreachable-code -DNDEBUG -g -O3 -Wall -DPY_CALL_TRAMPOLINE -sUSE_BZIP2   -std=c11 -Wextra -Wno-unused-parameter -Wno-missing-field-initializers -Wstrict-prototypes -Werror=implicit-function-declaration -fvisibility=hidden  -I../../../../Include/internal -I../../../../Include/internal/mimalloc -IObjects -IInclude -IPython -I. -I../../../../Include   -fPIC -DPy_BUILD_CORE_BUILTIN -c ../../../../Modules/_elementtree.c -o Modules/_elementtree.o
/workspaces/MyPython/cpython/cross-build/emsdk/6.0.9/emsdk/upstream/emscripten/emcc -c -fno-omit-frame-pointer -mno-omit-leaf-frame-pointer  -fno-strict-overflow -Wsign-compare -Wunreachable-code -DNDEBUG -g -O3 -Wall -DPY_CALL_TRAMPOLINE -sUSE_BZIP2   -std=c11 -Wextra -Wno-unused-parameter -Wno-missing-field-initializers -Wstrict-prototypes -Werror=implicit-function-declaration -fvisibility=hidden  -I../../../../Include/internal -I../../../../Include/internal/mimalloc -IObjects -IInclude -IPython -I. -I../../../../Include   -fPIC -DPy_BUILD_CORE \
      -DGITVERSION="\"`LC_ALL=C git --git-dir ../../../../.git rev-parse --short HEAD`\"" \
      -DGITTAG="\"`LC_ALL=C git --git-dir ../../../../.git describe --all --always --dirty`\"" \
      -DGITBRANCH="\"`LC_ALL=C git --git-dir ../../../../.git name-rev --name-only HEAD`\"" \
      -o Modules/getbuildinfo.o ../../../../Modules/getbuildinfo.c
rm -f libpython3.16.a
/workspaces/MyPython/cpython/cross-build/emsdk/6.0.9/emsdk/upstream/emscripten/emar rcs libpython3.16.a Modules/getbuildinfo.o Parser/token.o  Parser/pegen.o Parser/pegen_errors.o Parser/action_helpers.o Parser/parser.o Parser/string_parser.o Parser/peg_api.o Parser/lexer/lexer.o Parser/lexer/number.o Parser/lexer/state.o Parser/lexer/string.o Parser/tokenizer/cursor.o Parser/tokenizer/decoder.o Parser/tokenizer/api.o Parser/tokenizer/reader.o Parser/tokenizer/source.o Parser/tokenizer/helpers.o Parser/myreadline.o Objects/abstract.o Objects/boolobject.o Objects/bytes_methods.o Objects/bytearrayobject.o Objects/bytesobject.o Objects/call.o Objects/capsule.o Objects/cellobject.o Objects/classobject.o Objects/codeobject.o Objects/complexobject.o Objects/descrobject.o Objects/enumobject.o Objects/exceptions.o Objects/genericaliasobject.o Objects/genobject.o Objects/fileobject.o Objects/floatobject.o Objects/frameobject.o Objects/funcobject.o Objects/interpolationobject.o Objects/iterobject.o Objects/lazyimportobject.o Objects/listobject.o Objects/longobject.o Objects/dictobject.o Objects/odictobject.o Objects/memoryobject.o Objects/methodobject.o Objects/moduleobject.o Objects/namespaceobject.o Objects/object.o Objects/obmalloc.o Objects/picklebufobject.o Objects/rangeobject.o Objects/sentinelobject.o Objects/setobject.o Objects/sliceobject.o Objects/structseq.o Objects/templateobject.o Objects/tupleobject.o Objects/typeobject.o Objects/typevarobject.o Objects/unicode_format.o Objects/unicode_formatter.o Objects/unicode_writer.o Objects/unicodectype.o Objects/unicodeobject.o Objects/unionobject.o Objects/weakrefobject.o  Python/_contextvars.o Python/_warnings.o Python/Python-ast.o Python/Python-tokenize.o Python/asdl.o Python/assemble.o Python/ast.o Python/ast_preprocess.o Python/ast_unparse.o Python/bltinmodule.o Python/brc.o Python/ceval.o Python/codecs.o Python/codegen.o Python/compile.o Python/context.o Python/critical_section.o Python/crossinterp.o Python/dynamic_annotations.o Python/errors.o Python/flowgraph.o Python/frame.o Python/frozenmain.o Python/future.o Python/gc.o Python/gc_free_threading.o Python/gc_gil.o Python/getargs.o Python/getcompiler.o Python/getcopyright.o Python/getplatform.o Python/getversion.o Python/ceval_gil.o Python/hamt.o Python/hashtable.o Python/import.o Python/importdl.o Python/index_pool.o Python/initconfig.o Python/interpconfig.o Python/instrumentation.o Python/instruction_sequence.o Python/intrinsics.o Python/jit.o Python/jit_publish.o  Python/legacy_tracing.o Python/lock.o Python/marshal.o Python/modsupport.o Python/mysnprintf.o Python/mystrtoul.o Python/object_stack.o Python/optimizer.o Python/optimizer_analysis.o Python/optimizer_symbols.o Python/parking_lot.o Python/pathconfig.o Python/preconfig.o Python/pyarena.o Python/pyctype.o Python/pyfpe.o Python/pyhash.o Python/pylifecycle.o Python/pymath.o Python/pystate.o Python/pystats.o Python/pythonrun.o Python/pytime.o Python/qsbr.o Python/bootstrap_hash.o Python/specialize.o Python/slots.o Python/slots_generated.o Python/stackrefs.o Python/structmember.o Python/symtable.o Python/sysmodule.o Python/thread.o Python/traceback.o Python/tracemalloc.o Python/typecache.o Python/uniqueid.o Python/getopt.o Python/pystrcmp.o Python/pystrtod.o Python/pystrhex.o Python/dtoa.o Python/fileutils.o Python/suggestions.o Python/perf_trampoline.o Python/perf_jit_trampoline.o Python/jit_unwind.o Python/remote_debugging.o Python/dynload_shlib.o    Python/emscripten_signal.o Python/emscripten_trampoline.o Python/emscripten_trampoline_wasm.o Python/emscripten_syscalls.o Modules/config.o Modules/main.o Modules/gcmodule.o Modules/arraymodule.o  Modules/_bisectmodule.o  Modules/_csv.o  Modules/_heapqmodule.o  Modules/_json.o  Modules/_lsprof.o Modules/rotatingtree.o  Modules/mathintegermodule.o  Modules/_pickle.o  Modules/_queuemodule.o  Modules/_randommodule.o  Modules/_remote_debugging/module.o Modules/_remote_debugging/gc_stats.o Modules/_remote_debugging/object_reading.o Modules/_remote_debugging/code_objects.o Modules/_remote_debugging/frames.o Modules/_remote_debugging/frame_cache.o Modules/_remote_debugging/threads.o Modules/_remote_debugging/asyncio.o Modules/_remote_debugging/binary_io_writer.o Modules/_remote_debugging/binary_io_reader.o Modules/_remote_debugging/subprocess.o Modules/_remote_debugging/interpreters.o  Modules/_struct.o  Modules/_zoneinfo.o  Modules/mathmodule.o  Modules/cmathmodule.o  Modules/_statisticsmodule.o  Modules/_decimal/_decimal.o  Modules/binascii.o  Modules/_bz2module.o  Modules/zlibmodule.o  Modules/md5module.o  Modules/sha1module.o  Modules/sha2module.o  Modules/sha3module.o  Modules/blake2module.o  Modules/pyexpat.o  Modules/_elementtree.o  Modules/cjkcodecs/_codecs_cn.o  Modules/cjkcodecs/_codecs_hk.o  Modules/cjkcodecs/_codecs_iso2022.o  Modules/cjkcodecs/_codecs_jp.o  Modules/cjkcodecs/_codecs_kr.o  Modules/cjkcodecs/_codecs_tw.o  Modules/cjkcodecs/multibytecodec.o  Modules/unicodedata.o  Modules/fcntlmodule.o  Modules/mmapmodule.o  Modules/selectmodule.o  Modules/socketmodule.o  Modules/termios.o  Modules/_ctypes/_ctypes.o Modules/_ctypes/callbacks.o Modules/_ctypes/callproc.o Modules/_ctypes/stgdict.o Modules/_ctypes/cfield.o  Modules/_sqlite/blob.o Modules/_sqlite/connection.o Modules/_sqlite/cursor.o Modules/_sqlite/microprotocols.o Modules/_sqlite/module.o Modules/_sqlite/prepare_protocol.o Modules/_sqlite/row.o Modules/_sqlite/statement.o Modules/_sqlite/util.o  Modules/xxsubtype.o  Modules/_xxtestfuzz/_xxtestfuzz.o Modules/_xxtestfuzz/fuzzer.o  Modules/_testbuffer.o  Modules/_testinternalcapi.o Modules/_testinternalcapi/test_lock.o Modules/_testinternalcapi/pytime.o Modules/_testinternalcapi/set.o Modules/_testinternalcapi/test_critical_sections.o Modules/_testinternalcapi/complex.o Modules/_testinternalcapi/interpreter.o Modules/_testinternalcapi/tokenizer.o Modules/_testinternalcapi/tuple.o Modules/_testinternalcapi/typecache.o  Modules/_testcapimodule.o Modules/_testcapi/vectorcall.o Modules/_testcapi/heaptype.o Modules/_testcapi/abstract.o Modules/_testcapi/unicode.o Modules/_testcapi/dict.o Modules/_testcapi/set.o Modules/_testcapi/list.o Modules/_testcapi/tuple.o Modules/_testcapi/getargs.o Modules/_testcapi/datetime.o Modules/_testcapi/docstring.o Modules/_testcapi/mem.o Modules/_testcapi/watchers.o Modules/_testcapi/long.o Modules/_testcapi/float.o Modules/_testcapi/complex.o Modules/_testcapi/numbers.o Modules/_testcapi/structmember.o Modules/_testcapi/exceptions.o Modules/_testcapi/code.o Modules/_testcapi/buffer.o Modules/_testcapi/pyatomic.o Modules/_testcapi/run.o Modules/_testcapi/file.o Modules/_testcapi/codec.o Modules/_testcapi/immortal.o Modules/_testcapi/gc.o Modules/_testcapi/hash.o Modules/_testcapi/time.o Modules/_testcapi/bytes.o Modules/_testcapi/object.o Modules/_testcapi/modsupport.o Modules/_testcapi/monitoring.o Modules/_testcapi/config.o Modules/_testcapi/import.o Modules/_testcapi/frame.o Modules/_testcapi/type.o Modules/_testcapi/function.o Modules/_testcapi/module.o Modules/_testcapi/weakref.o Modules/_testcapi/marshal.o  Modules/_testlimitedcapi.o Modules/_testlimitedcapi/abstract.o Modules/_testlimitedcapi/bytearray.o Modules/_testlimitedcapi/bytes.o Modules/_testlimitedcapi/capsule.o Modules/_testlimitedcapi/codec.o Modules/_testlimitedcapi/complex.o Modules/_testlimitedcapi/dict.o Modules/_testlimitedcapi/eval.o Modules/_testlimitedcapi/float.o Modules/_testlimitedcapi/heaptype_relative.o Modules/_testlimitedcapi/import.o Modules/_testlimitedcapi/list.o Modules/_testlimitedcapi/long.o Modules/_testlimitedcapi/object.o Modules/_testlimitedcapi/pyos.o Modules/_testlimitedcapi/set.o Modules/_testlimitedcapi/slots.o Modules/_testlimitedcapi/sys.o Modules/_testlimitedcapi/threadstate.o Modules/_testlimitedcapi/tuple.o Modules/_testlimitedcapi/unicode.o Modules/_testlimitedcapi/vectorcall_limited.o Modules/_testlimitedcapi/version.o Modules/_testlimitedcapi/file.o Modules/_testlimitedcapi/weakref.o Modules/_testlimitedcapi/run.o Modules/_testlimitedcapi/type.o  Modules/_testclinic.o  Modules/_testclinic_limited.o  Modules/_asynciomodule.o  Modules/atexitmodule.o  Modules/faulthandler.o  Modules/posixmodule.o  Modules/signalmodule.o  Modules/_tracemalloc.o  Modules/_suggestions.o  Modules/_datetimemodule.o  Modules/_codecsmodule.o  Modules/_collectionsmodule.o  Modules/errnomodule.o  Modules/_io/_iomodule.o Modules/_io/iobase.o Modules/_io/fileio.o Modules/_io/bytesio.o Modules/_io/bufferedio.o Modules/_io/textio.o Modules/_io/stringio.o  Modules/itertoolsmodule.o  Modules/_sre/sre.o  Modules/_sysconfig.o  Modules/_threadmodule.o  Modules/timemodule.o  Modules/_typesmodule.o  Modules/_typingmodule.o  Modules/_weakref.o  Modules/_abc.o  Modules/_functoolsmodule.o  Modules/_localemodule.o  Modules/_opcode.o  Modules/_operator.o  Modules/_stat.o  Modules/symtablemodule.o Modules/getpath.o Python/frozen.o
/workspaces/MyPython/cpython/cross-build/emsdk/6.0.9/emsdk/upstream/emscripten/emcc    -sWASM_BIGINT -sEXIT_RUNTIME  -sALLOW_MEMORY_GROWTH -sINITIAL_MEMORY=20971520 -sFORCE_FILESYSTEM -lidbfs.js -lnodefs.js -lproxyfs.js -lworkerfs.js -sEXPORTED_RUNTIME_METHODS=FS,callMain,ENV,HEAPU32,TTY,ERRNO_CODES -sEXPORTED_FUNCTIONS=_main,_Py_Version,_PyGILState_GetThisThreadState,__PyEM_EMSCRIPTEN_TRAMPOLINE_OFFSET -sSTACK_SIZE=5MB -sTEXTDECODER=2 -sMAIN_MODULE -O2 -g0 -o python.mjs Programs/python.o Modules/getbuildinfo.o Parser/token.o  Parser/pegen.o Parser/pegen_errors.o Parser/action_helpers.o Parser/parser.o Parser/string_parser.o Parser/peg_api.o Parser/lexer/lexer.o Parser/lexer/number.o Parser/lexer/state.o Parser/lexer/string.o Parser/tokenizer/cursor.o Parser/tokenizer/decoder.o Parser/tokenizer/api.o Parser/tokenizer/reader.o Parser/tokenizer/source.o Parser/tokenizer/helpers.o Parser/myreadline.o Objects/abstract.o Objects/boolobject.o Objects/bytes_methods.o Objects/bytearrayobject.o Objects/bytesobject.o Objects/call.o Objects/capsule.o Objects/cellobject.o Objects/classobject.o Objects/codeobject.o Objects/complexobject.o Objects/descrobject.o Objects/enumobject.o Objects/exceptions.o Objects/genericaliasobject.o Objects/genobject.o Objects/fileobject.o Objects/floatobject.o Objects/frameobject.o Objects/funcobject.o Objects/interpolationobject.o Objects/iterobject.o Objects/lazyimportobject.o Objects/listobject.o Objects/longobject.o Objects/dictobject.o Objects/odictobject.o Objects/memoryobject.o Objects/methodobject.o Objects/moduleobject.o Objects/namespaceobject.o Objects/object.o Objects/obmalloc.o Objects/picklebufobject.o Objects/rangeobject.o Objects/sentinelobject.o Objects/setobject.o Objects/sliceobject.o Objects/structseq.o Objects/templateobject.o Objects/tupleobject.o Objects/typeobject.o Objects/typevarobject.o Objects/unicode_format.o Objects/unicode_formatter.o Objects/unicode_writer.o Objects/unicodectype.o Objects/unicodeobject.o Objects/unionobject.o Objects/weakrefobject.o  Python/_contextvars.o Python/_warnings.o Python/Python-ast.o Python/Python-tokenize.o Python/asdl.o Python/assemble.o Python/ast.o Python/ast_preprocess.o Python/ast_unparse.o Python/bltinmodule.o Python/brc.o Python/ceval.o Python/codecs.o Python/codegen.o Python/compile.o Python/context.o Python/critical_section.o Python/crossinterp.o Python/dynamic_annotations.o Python/errors.o Python/flowgraph.o Python/frame.o Python/frozenmain.o Python/future.o Python/gc.o Python/gc_free_threading.o Python/gc_gil.o Python/getargs.o Python/getcompiler.o Python/getcopyright.o Python/getplatform.o Python/getversion.o Python/ceval_gil.o Python/hamt.o Python/hashtable.o Python/import.o Python/importdl.o Python/index_pool.o Python/initconfig.o Python/interpconfig.o Python/instrumentation.o Python/instruction_sequence.o Python/intrinsics.o Python/jit.o Python/jit_publish.o  Python/legacy_tracing.o Python/lock.o Python/marshal.o Python/modsupport.o Python/mysnprintf.o Python/mystrtoul.o Python/object_stack.o Python/optimizer.o Python/optimizer_analysis.o Python/optimizer_symbols.o Python/parking_lot.o Python/pathconfig.o Python/preconfig.o Python/pyarena.o Python/pyctype.o Python/pyfpe.o Python/pyhash.o Python/pylifecycle.o Python/pymath.o Python/pystate.o Python/pystats.o Python/pythonrun.o Python/pytime.o Python/qsbr.o Python/bootstrap_hash.o Python/specialize.o Python/slots.o Python/slots_generated.o Python/stackrefs.o Python/structmember.o Python/symtable.o Python/sysmodule.o Python/thread.o Python/traceback.o Python/tracemalloc.o Python/typecache.o Python/uniqueid.o Python/getopt.o Python/pystrcmp.o Python/pystrtod.o Python/pystrhex.o Python/dtoa.o Python/fileutils.o Python/suggestions.o Python/perf_trampoline.o Python/perf_jit_trampoline.o Python/jit_unwind.o Python/remote_debugging.o Python/dynload_shlib.o    Python/emscripten_signal.o Python/emscripten_trampoline.o Python/emscripten_trampoline_wasm.o Python/emscripten_syscalls.o Modules/config.o Modules/main.o Modules/gcmodule.o Modules/arraymodule.o  Modules/_bisectmodule.o  Modules/_csv.o  Modules/_heapqmodule.o  Modules/_json.o  Modules/_lsprof.o Modules/rotatingtree.o  Modules/mathintegermodule.o  Modules/_pickle.o  Modules/_queuemodule.o  Modules/_randommodule.o  Modules/_remote_debugging/module.o Modules/_remote_debugging/gc_stats.o Modules/_remote_debugging/object_reading.o Modules/_remote_debugging/code_objects.o Modules/_remote_debugging/frames.o Modules/_remote_debugging/frame_cache.o Modules/_remote_debugging/threads.o Modules/_remote_debugging/asyncio.o Modules/_remote_debugging/binary_io_writer.o Modules/_remote_debugging/binary_io_reader.o Modules/_remote_debugging/subprocess.o Modules/_remote_debugging/interpreters.o  Modules/_struct.o  Modules/_zoneinfo.o  Modules/mathmodule.o  Modules/cmathmodule.o  Modules/_statisticsmodule.o  Modules/_decimal/_decimal.o  Modules/binascii.o  Modules/_bz2module.o  Modules/zlibmodule.o  Modules/md5module.o  Modules/sha1module.o  Modules/sha2module.o  Modules/sha3module.o  Modules/blake2module.o  Modules/pyexpat.o  Modules/_elementtree.o  Modules/cjkcodecs/_codecs_cn.o  Modules/cjkcodecs/_codecs_hk.o  Modules/cjkcodecs/_codecs_iso2022.o  Modules/cjkcodecs/_codecs_jp.o  Modules/cjkcodecs/_codecs_kr.o  Modules/cjkcodecs/_codecs_tw.o  Modules/cjkcodecs/multibytecodec.o  Modules/unicodedata.o  Modules/fcntlmodule.o  Modules/mmapmodule.o  Modules/selectmodule.o  Modules/socketmodule.o  Modules/termios.o  Modules/_ctypes/_ctypes.o Modules/_ctypes/callbacks.o Modules/_ctypes/callproc.o Modules/_ctypes/stgdict.o Modules/_ctypes/cfield.o  Modules/_sqlite/blob.o Modules/_sqlite/connection.o Modules/_sqlite/cursor.o Modules/_sqlite/microprotocols.o Modules/_sqlite/module.o Modules/_sqlite/prepare_protocol.o Modules/_sqlite/row.o Modules/_sqlite/statement.o Modules/_sqlite/util.o  Modules/xxsubtype.o  Modules/_xxtestfuzz/_xxtestfuzz.o Modules/_xxtestfuzz/fuzzer.o  Modules/_testbuffer.o  Modules/_testinternalcapi.o Modules/_testinternalcapi/test_lock.o Modules/_testinternalcapi/pytime.o Modules/_testinternalcapi/set.o Modules/_testinternalcapi/test_critical_sections.o Modules/_testinternalcapi/complex.o Modules/_testinternalcapi/interpreter.o Modules/_testinternalcapi/tokenizer.o Modules/_testinternalcapi/tuple.o Modules/_testinternalcapi/typecache.o  Modules/_testcapimodule.o Modules/_testcapi/vectorcall.o Modules/_testcapi/heaptype.o Modules/_testcapi/abstract.o Modules/_testcapi/unicode.o Modules/_testcapi/dict.o Modules/_testcapi/set.o Modules/_testcapi/list.o Modules/_testcapi/tuple.o Modules/_testcapi/getargs.o Modules/_testcapi/datetime.o Modules/_testcapi/docstring.o Modules/_testcapi/mem.o Modules/_testcapi/watchers.o Modules/_testcapi/long.o Modules/_testcapi/float.o Modules/_testcapi/complex.o Modules/_testcapi/numbers.o Modules/_testcapi/structmember.o Modules/_testcapi/exceptions.o Modules/_testcapi/code.o Modules/_testcapi/buffer.o Modules/_testcapi/pyatomic.o Modules/_testcapi/run.o Modules/_testcapi/file.o Modules/_testcapi/codec.o Modules/_testcapi/immortal.o Modules/_testcapi/gc.o Modules/_testcapi/hash.o Modules/_testcapi/time.o Modules/_testcapi/bytes.o Modules/_testcapi/object.o Modules/_testcapi/modsupport.o Modules/_testcapi/monitoring.o Modules/_testcapi/config.o Modules/_testcapi/import.o Modules/_testcapi/frame.o Modules/_testcapi/type.o Modules/_testcapi/function.o Modules/_testcapi/module.o Modules/_testcapi/weakref.o Modules/_testcapi/marshal.o  Modules/_testlimitedcapi.o Modules/_testlimitedcapi/abstract.o Modules/_testlimitedcapi/bytearray.o Modules/_testlimitedcapi/bytes.o Modules/_testlimitedcapi/capsule.o Modules/_testlimitedcapi/codec.o Modules/_testlimitedcapi/complex.o Modules/_testlimitedcapi/dict.o Modules/_testlimitedcapi/eval.o Modules/_testlimitedcapi/float.o Modules/_testlimitedcapi/heaptype_relative.o Modules/_testlimitedcapi/import.o Modules/_testlimitedcapi/list.o Modules/_testlimitedcapi/long.o Modules/_testlimitedcapi/object.o Modules/_testlimitedcapi/pyos.o Modules/_testlimitedcapi/set.o Modules/_testlimitedcapi/slots.o Modules/_testlimitedcapi/sys.o Modules/_testlimitedcapi/threadstate.o Modules/_testlimitedcapi/tuple.o Modules/_testlimitedcapi/unicode.o Modules/_testlimitedcapi/vectorcall_limited.o Modules/_testlimitedcapi/version.o Modules/_testlimitedcapi/file.o Modules/_testlimitedcapi/weakref.o Modules/_testlimitedcapi/run.o Modules/_testlimitedcapi/type.o  Modules/_testclinic.o  Modules/_testclinic_limited.o  Modules/_asynciomodule.o  Modules/atexitmodule.o  Modules/faulthandler.o  Modules/posixmodule.o  Modules/signalmodule.o  Modules/_tracemalloc.o  Modules/_suggestions.o  Modules/_datetimemodule.o  Modules/_codecsmodule.o  Modules/_collectionsmodule.o  Modules/errnomodule.o  Modules/_io/_iomodule.o Modules/_io/iobase.o Modules/_io/fileio.o Modules/_io/bytesio.o Modules/_io/bufferedio.o Modules/_io/textio.o Modules/_io/stringio.o  Modules/itertoolsmodule.o  Modules/_sre/sre.o  Modules/_sysconfig.o  Modules/_threadmodule.o  Modules/timemodule.o  Modules/_typesmodule.o  Modules/_typingmodule.o  Modules/_weakref.o  Modules/_abc.o  Modules/_functoolsmodule.o  Modules/_localemodule.o  Modules/_opcode.o  Modules/_operator.o  Modules/_stat.o  Modules/symtablemodule.o Modules/getpath.o Python/frozen.o -ldl  -lpthread              -lm -lm -lm -L/workspaces/MyPython/cpython/cross-build/emsdk/6.0.9/prefix/lib -lmpdec -lm  -sUSE_ZLIB -sUSE_BZIP2 -sUSE_ZLIB Modules/_hacl/libHacl_Hash_MD5.a Modules/_hacl/libHacl_Hash_SHA1.a Modules/_hacl/libHacl_Hash_SHA2.a Modules/_hacl/libHacl_Hash_SHA3.a Modules/_hacl/libHacl_Hash_BLAKE2.a -lm Modules/expat/libexpat.a               -L/workspaces/MyPython/cpython/cross-build/emsdk/6.0.9/prefix/lib -lffi  -ldl -sUSE_SQLITE3                -lm                     -lm 
emcc: warning: WASM_BIGINT is deprecated (no longer needed. Should only ever be implicitly disabled by -sWASM=0). Please open a bug if you have a continuing need for this setting [-Wdeprecated]
cache:INFO: generating port: sysroot/lib/wasm32-emscripten/pic/libbz2.a... (this will be cached in "/workspaces/MyPython/cpython/cross-build/emsdk/6.0.9/emsdk/upstream/emscripten/cache/sysroot/lib/wasm32-emscripten/pic/libbz2.a" for subsequent builds)
system_libs:INFO: compiled 7 inputs in 2.29s
cache:INFO:  - ok
cache:INFO: generating port: sysroot/lib/wasm32-emscripten/pic/libz.a... (this will be cached in "/workspaces/MyPython/cpython/cross-build/emsdk/6.0.9/emsdk/upstream/emscripten/cache/sysroot/lib/wasm32-emscripten/pic/libz.a" for subsequent builds)
system_libs:INFO: compiled 15 inputs in 3.15s
cache:INFO:  - ok
cache:INFO: generating port: sysroot/lib/wasm32-emscripten/pic/libsqlite3.a... (this will be cached in "/workspaces/MyPython/cpython/cross-build/emsdk/6.0.9/emsdk/upstream/emscripten/cache/sysroot/lib/wasm32-emscripten/pic/libsqlite3.a" for subsequent builds)
system_libs:INFO: compiled 1 inputs in 26.64s
cache:INFO:  - ok
cache:INFO: generating system library: sysroot/lib/wasm32-emscripten/pic/libGL-getprocaddr.a... (this will be cached in "/workspaces/MyPython/cpython/cross-build/emsdk/6.0.9/emsdk/upstream/emscripten/cache/sysroot/lib/wasm32-emscripten/pic/libGL-getprocaddr.a" for subsequent builds)
system_libs:INFO: compiled 4 inputs in 0.73s
cache:INFO:  - ok
cache:INFO: generating system library: sysroot/lib/wasm32-emscripten/pic/libal.a... (this will be cached in "/workspaces/MyPython/cpython/cross-build/emsdk/6.0.9/emsdk/upstream/emscripten/cache/sysroot/lib/wasm32-emscripten/pic/libal.a" for subsequent builds)
system_libs:INFO: compiled 1 inputs in 0.20s
cache:INFO:  - ok
cache:INFO: generating system library: sysroot/lib/wasm32-emscripten/pic/libhtml5.a... (this will be cached in "/workspaces/MyPython/cpython/cross-build/emsdk/6.0.9/emsdk/upstream/emscripten/cache/sysroot/lib/wasm32-emscripten/pic/libhtml5.a" for subsequent builds)
system_libs:INFO: compiled 5 inputs in 1.73s
cache:INFO:  - ok
cache:INFO: generating system library: sysroot/lib/wasm32-emscripten/pic/libstubs.a... (this will be cached in "/workspaces/MyPython/cpython/cross-build/emsdk/6.0.9/emsdk/upstream/emscripten/cache/sysroot/lib/wasm32-emscripten/pic/libstubs.a" for subsequent builds)
system_libs:INFO: compiled 2 inputs in 0.60s
cache:INFO:  - ok
cache:INFO: generating system library: sysroot/lib/wasm32-emscripten/pic/libc.a... (this will be cached in "/workspaces/MyPython/cpython/cross-build/emsdk/6.0.9/emsdk/upstream/emscripten/cache/sysroot/lib/wasm32-emscripten/pic/libc.a" for subsequent builds)
system_libs:INFO: compiled 1077 inputs in 23.16s
cache:INFO:  - ok
cache:INFO: generating system library: sysroot/lib/wasm32-emscripten/pic/libdlmalloc.a... (this will be cached in "/workspaces/MyPython/cpython/cross-build/emsdk/6.0.9/emsdk/upstream/emscripten/cache/sysroot/lib/wasm32-emscripten/pic/libdlmalloc.a" for subsequent builds)
system_libs:INFO: compiled 2 inputs in 0.57s
cache:INFO:  - ok
cache:INFO: generating system library: sysroot/lib/wasm32-emscripten/pic/libclang_rt.builtins.a... (this will be cached in "/workspaces/MyPython/cpython/cross-build/emsdk/6.0.9/emsdk/upstream/emscripten/cache/sysroot/lib/wasm32-emscripten/pic/libclang_rt.builtins.a" for subsequent builds)
system_libs:INFO: compiled 184 inputs in 5.40s
cache:INFO:  - ok
cache:INFO: generating system library: sysroot/lib/wasm32-emscripten/pic/libsockets.a... (this will be cached in "/workspaces/MyPython/cpython/cross-build/emsdk/6.0.9/emsdk/upstream/emscripten/cache/sysroot/lib/wasm32-emscripten/pic/libsockets.a" for subsequent builds)
system_libs:INFO: compiled 27 inputs in 1.24s
cache:INFO:  - ok
cp python.mjs web_example/python.mjs
cp python.wasm web_example/python.wasm
The following modules are *disabled* in configure script:
_hmac                                                          

The necessary bits to build these optional modules were not found:
_hashlib              _lzma                 _ssl               
_uuid                 _zstd                                    
To find the necessary bits, look in configure.ac and config.log.

Could not build the ssl module!
Python requires a OpenSSL 1.1.1 or newer

Checked 116 modules (86 built-in, 7 shared, 17 n/a on emscripten-6.0.9-wasm32, 1 disabled, 5 missing, 0 failed on import)
Python 3.16.0a0
Python build information
########################

_decimal.__libmpdec_version__: 4.0.1
_testcapi.LONG_MAX: 2147483647
_testcapi.PY_SSIZE_T_MAX: 2147483647
_testcapi.SIZEOF_TIME_T: 8
_testcapi.SIZEOF_WCHAR_T: 4
_testinternalcapi.SIZEOF_PYGC_HEAD: 8
_testinternalcapi.SIZEOF_PYOBJECT: 8
build.Py_DEBUG: No (sys.gettotalrefcount() missing)
build.Py_TRACE_REFS: No (sys.getobjects() missing)
build.WITH_DOC_STRINGS: Yes
build.WITH_DTRACE: No
build.WITH_MIMALLOC: Yes
build.WITH_PYMALLOC: No
build.WITH_VALGRIND: No
builtins.float.double_format: IEEE, little-endian
builtins.float.float_format: IEEE, little-endian
bz2.bzlib_version: 1.0.6, 6-Sept-2010
config[_config_init]: 2
config[_init_main]: True
config[_install_importlib]: True
config[_is_python_build]: True
config[argv]: ('-m',)
config[base_exec_prefix]: '/'
config[base_executable]: '/workspaces/MyPython/cpython/cross-build/wasm32-emscripten/build/python/python.sh'
config[base_prefix]: '/'
config[buffered_stdio]: True
config[bytes_warning]: 0
config[check_hash_pycs_mode]: 'default'
config[code_debug_ranges]: True
config[configure_c_stdio]: True
config[context_aware_warnings]: 0
config[cpu_count]: -1
config[dev_mode]: False
config[dump_refs]: False
config[dump_refs_file]: None
config[exec_prefix]: '/'
config[executable]: '/workspaces/MyPython/cpython/cross-build/wasm32-emscripten/build/python/python.sh'
config[faulthandler]: False
config[filesystem_encoding]: 'utf-8'
config[filesystem_errors]: 'surrogateescape'
config[hash_seed]: 0
config[home]: None
config[import_time]: 0
config[inspect]: False
config[install_signal_handlers]: True
config[int_max_str_digits]: 4300
config[interactive]: False
config[isolated]: False
config[lazy_imports]: -1
config[malloc_stats]: False
config[module_search_paths]: ('/lib/python316.zip', '/workspaces/MyPython/cpython/Lib', '/workspaces/MyPython/cpython/cross-build/wasm32-emscripten/build/python/build/lib.emscripten-6.0.9-wasm32-3.16')
config[module_search_paths_set]: True
config[optimization_level]: 0
config[orig_argv]: ('/workspaces/MyPython/cpython/cross-build/wasm32-emscripten/build/python/python.sh', '-m', 'test.pythoninfo')
config[parse_argv]: True
config[parser_debug]: False
config[pathconfig_warnings]: True
config[perf_profiling]: 0
config[platlibdir]: 'lib'
config[prefix]: '/'
config[program_name]: '/workspaces/MyPython/cpython/cross-build/wasm32-emscripten/build/python/python.sh'
config[pycache_prefix]: None
config[pymalloc_hugepages]: False
config[pythonpath_env]: None
config[quiet]: False
config[remote_debug]: True
config[run_command]: None
config[run_filename]: None
config[run_module]: 'test.pythoninfo'
config[safe_path]: False
config[show_ref_count]: False
config[site_import]: True
config[skip_source_first_line]: False
config[stdio_encoding]: 'utf-8'
config[stdio_errors]: 'strict'
config[stdlib_dir]: '/workspaces/MyPython/cpython/Lib'
config[sys_path_0]: '/workspaces/MyPython/cpython'
config[thread_inherit_context]: 0
config[tracemalloc]: 0
config[use_environment]: True
config[use_frozen_modules]: True
config[use_hash_seed]: False
config[user_site_directory]: True
config[verbose]: 0
config[warn_default_encoding]: False
config[warnoptions]: ()
config[write_bytecode]: True
config[xoptions]: {}
datetime.datetime.now: 2026-09-21 06:16:40.385000
expat.EXPAT_VERSION: expat_2.8.4
global_config[Py_BytesWarningFlag]: 0
global_config[Py_DebugFlag]: 0
global_config[Py_DontWriteBytecodeFlag]: 0
global_config[Py_FileSystemDefaultEncodeErrors]: 'surrogateescape'
global_config[Py_FileSystemDefaultEncoding]: 'utf-8'
global_config[Py_FrozenFlag]: 0
global_config[Py_HasFileSystemDefaultEncoding]: 0
global_config[Py_HashRandomizationFlag]: 1
global_config[Py_IgnoreEnvironmentFlag]: 0
global_config[Py_InspectFlag]: 0
global_config[Py_InteractiveFlag]: 0
global_config[Py_IsolatedFlag]: 0
global_config[Py_NoSiteFlag]: 0
global_config[Py_NoUserSiteDirectory]: 0
global_config[Py_OptimizeFlag]: 0
global_config[Py_QuietFlag]: 0
global_config[Py_UTF8Mode]: 1
global_config[Py_UnbufferedStdioFlag]: 0
global_config[Py_VerboseFlag]: 0
global_config[_Py_HasFileSystemDefaultEncodeErrors]: 0
importlib.extension_suffixes: ['.cpython-316-wasm32-emscripten.so', '.abi3-wasm32-emscripten.so', '.abi3.so', '.abi3t-wasm32-emscripten.so', '.abi3t.so', '.so']
libregrtests.build_info: release
locale.getencoding: UTF-8
os.cpu_count: 1
os.environ[HOME]: /home/codespace
os.environ[LANG]: C.UTF-8
os.environ[PATH]: /
os.environ[PYTHONIOENCODING]: UTF-8
os.environ[PYTHON_PATH]: /usr/local/python/current
os.environ[PYTHON_ROOT]: /home/codespace/.python
os.environ[SHELL]: /bin/bash
os.environ[TERM]: xterm-256color
os.getcwd: /workspaces/MyPython/cpython
os.getgid: 0
os.getloadavg: (0.1, 0.1, 0.1)
os.getuid: 1000
os.login: web_user
os.name: posix
os.process_cpu_count: 1
os.supports_bytes_environ: True
os.supports_effective_ids: []
os.supports_fd: ['chdir', 'chmod', 'chown', 'execve', 'listdir', 'pathconf', 'scandir', 'stat', 'statvfs', 'truncate', 'utime']
os.supports_follow_symlinks: ['chown', 'stat']
os.umask: 0o022
os.uname: posix.uname_result(sysname='Emscripten', nodename='emscripten', release='6.0.9', version='#1', machine='wasm32')
platform.architecture: 32bit
platform.freedesktop_os_release[ID]: ubuntu
platform.freedesktop_os_release[NAME]: Ubuntu
platform.freedesktop_os_release[VERSION]: 24.04.5 LTS (Noble Numbat)
platform.freedesktop_os_release[VERSION_CODENAME]: noble
platform.freedesktop_os_release[VERSION_ID]: 24.04
platform.libc_ver: emscripten 6.0.9
platform.platform: Emscripten-6.0.9-wasm32-32bit
platform.python_implementation: CPython
pre_config[_config_init]: 2
pre_config[allocator]: 0
pre_config[coerce_c_locale]: 0
pre_config[coerce_c_locale_warn]: 0
pre_config[configure_locale]: 1
pre_config[dev_mode]: 0
pre_config[isolated]: 0
pre_config[parse_argv]: 1
pre_config[use_environment]: 1
pre_config[utf8_mode]: 1
pymem.allocator: malloc
socket.hostname: emscripten
sqlite3.sqlite_version: 3.39.0
subprocess._USE_POSIX_SPAWN: False
support.MS_WINDOWS: False
support._is_gui_available: False
support.built_with_c_assertions: False
support.check_sanitizer(address=True): False
support.check_sanitizer(memory=True): False
support.check_sanitizer(ub=True): False
support.has_fork_support: False
support.has_socket_support: False
support.has_strftime_extensions: True
support.has_subprocess_support: False
support.is_android: False
support.is_emscripten: True
support.is_jython: False
support.is_wasi: False
support.is_wasm32: True
support.python_is_optimized: True
support_os_helper.can_chmod: True
support_os_helper.can_dac_override: False
support_os_helper.can_symlink: True
support_os_helper.can_xattr: False
support_socket_helper.IPV6_ENABLED: False
support_socket_helper.has_gethostname: True
support_socket_helper.tcp_blackhole: False
support_threading_helper.can_start_thread: False
sys._emscripten_info: sys._emscripten_info(emscripten_version=(6, 0, 9), runtime='node v24.21.0 (v8 13.6.233.17-node.53)', pthreads=False, shared_memory=False)
sys._is_gil_enabled: True
sys.api_version: 1013
sys.builtin_module_names: ('_abc', '_ast', '_asyncio', '_bisect', '_blake2', '_bz2', '_codecs', '_codecs_cn', '_codecs_hk', '_codecs_iso2022', '_codecs_jp', '_codecs_kr', '_codecs_tw', '_collections', '_contextvars', '_csv', '_ctypes', '_datetime', '_decimal', '_elementtree', '_functools', '_heapq', '_imp', '_io', '_json', '_locale', '_lsprof', '_math_integer', '_md5', '_multibytecodec', '_opcode', '_operator', '_pickle', '_queue', '_random', '_remote_debugging', '_sha1', '_sha2', '_sha3', '_signal', '_socket', '_sqlite3', '_sre', '_stat', '_statistics', '_string', '_struct', '_suggestions', '_symtable', '_sysconfig', '_testbuffer', '_testcapi', '_testclinic', '_testclinic_limited', '_testinternalcapi', '_testlimitedcapi', '_thread', '_tokenize', '_tracemalloc', '_types', '_typing', '_warnings', '_weakref', '_xxtestfuzz', '_zoneinfo', 'array', 'atexit', 'binascii', 'builtins', 'cmath', 'errno', 'faulthandler', 'fcntl', 'gc', 'itertools', 'marshal', 'math', 'mmap', 'posix', 'pyexpat', 'select', 'sys', 'termios', 'time', 'unicodedata', 'xxsubtype', 'zlib')
sys.byteorder: little
sys.dont_write_bytecode: False
sys.executable: /workspaces/MyPython/cpython/cross-build/wasm32-emscripten/build/python/python.sh
sys.filesystem_encoding: utf-8/surrogateescape
sys.flags: sys.flags(debug=0, inspect=0, interactive=0, optimize=0, dont_write_bytecode=0, no_user_site=0, no_site=0, ignore_environment=0, verbose=0, bytes_warning=0, quiet=0, hash_randomization=1, isolated=0, dev_mode=False, utf8_mode=1, warn_default_encoding=0, safe_path=False, int_max_str_digits=4300)
sys.float_info: sys.float_info(max=1.7976931348623157e+308, max_exp=1024, max_10_exp=308, min=2.2250738585072014e-308, min_exp=-1021, min_10_exp=-307, dig=15, mant_dig=53, epsilon=2.220446049250313e-16, radix=2, rounds=1)
sys.float_repr_style: short
sys.getrecursionlimit: 1000
sys.hash_info: sys.hash_info(width=32, modulus=2147483647, inf=314159, nan=0, imag=1000003, algorithm='fnv', hash_bits=32, seed_bits=64, cutoff=0)
sys.hexversion: 51380384
sys.implementation: namespace(name='cpython', cache_tag='cpython-316', version=sys.version_info(major=3, minor=16, micro=0, releaselevel='alpha', serial=0), hexversion=51380384, _multiarch='wasm32-emscripten', supports_isolated_interpreters=False)
sys.int_info: sys.int_info(bits_per_digit=30, sizeof_digit=4, default_max_str_digits=4300, str_digits_check_threshold=640)
sys.is_remote_debug_enabled: False
sys.maxsize: 2147483647
sys.maxunicode: 1114111
sys.path: ['/workspaces/MyPython/cpython', '/lib/python316.zip', '/workspaces/MyPython/cpython/Lib', '/workspaces/MyPython/cpython/cross-build/wasm32-emscripten/build/python/build/lib.emscripten-6.0.9-wasm32-3.16']
sys.platform: emscripten
sys.platlibdir: lib
sys.prefix: /
sys.stderr.encoding: utf-8/backslashreplace
sys.stdin.encoding: utf-8/strict
sys.stdout.encoding: utf-8/strict
sys.thread_info: sys.thread_info(name='pthread-stubs', lock='pymutex', version=None)
sys.version: 3.16.0a0 (heads/main-dirty:f8bbe69, Sep 21 2026, 00:53:04) [Clang 24.0.0git (https:/github.com/llvm/llvm-project 510126255f89d693717c1ce710
sys.version_info: sys.version_info(major=3, minor=16, micro=0, releaselevel='alpha', serial=0)
sysconfig.is_python_build: True
sysconfig[ALT_SOABI]: 0
sysconfig[CCSHARED]: -fPIC
sysconfig[CC]: /workspaces/MyPython/cpython/cross-build/emsdk/6.0.9/emsdk/upstream/emscripten/emcc
sysconfig[CFLAGSFORSHARED]: -fPIC
sysconfig[CFLAGS]: -fno-omit-frame-pointer -mno-omit-leaf-frame-pointer -fno-strict-overflow -Wsign-compare -Wunreachable-code -DNDEBUG -g -O3 -Wall -DPY_CALL_TRAMPOLINE -sUSE_BZIP2
sysconfig[CONFIG_ARGS]: 'CFLAGS=-DPY_CALL_TRAMPOLINE -sUSE_BZIP2' 'PKG_CONFIG=pkg-config' '--host=wasm32-emscripten' '--build=x86_64-pc-linux-gnu' '--with-build-python=/workspaces/MyPython/cpython/cross-build/build/python' '--without-pymalloc' '--disable-shared' '--disable-ipv6' '--enable-big-digits=30' '--enable-wasm-dynamic-linking' '--prefix=/workspaces/MyPython/cpython/cross-build/emsdk/6.0.9/prefix' 'build_alias=x86_64-pc-linux-gnu' 'host_alias=wasm32-emscripten' 'PKG_CONFIG_PATH=/workspaces/MyPython/cpython/cross-build/emsdk/6.0.9/prefix/lib/pkgconfig' 'PKG_CONFIG_LIBDIR=/workspaces/MyPython/cpython/cross-build/emsdk/6.0.9/emsdk/upstream/emscripten/cache/sysroot/local/lib/pkgconfig:/workspaces/MyPython/cpython/cross-build/emsdk/6.0.9/emsdk/upstream/emscripten/cache/sysroot/lib/pkgconfig' 'CC=/workspaces/MyPython/cpython/cross-build/emsdk/6.0.9/emsdk/upstream/emscripten/emcc'
sysconfig[HOSTRUNNER]: /home/codespace/nvm/current/bin/node
sysconfig[HOST_GNU_TYPE]: wasm32-unknown-emscripten
sysconfig[MACHDEP]: emscripten
sysconfig[MULTIARCH]: wasm32-emscripten
sysconfig[OPT]: -DNDEBUG -g -O3 -Wall
sysconfig[PY_CFLAGS]: -fno-omit-frame-pointer -mno-omit-leaf-frame-pointer -fno-strict-overflow -Wsign-compare -Wunreachable-code -DNDEBUG -g -O3 -Wall -DPY_CALL_TRAMPOLINE -sUSE_BZIP2
sysconfig[PY_CFLAGS_NODIST]: -std=c11 -Wextra -Wno-unused-parameter -Wno-missing-field-initializers -Wstrict-prototypes -Werror=implicit-function-declaration -fvisibility=hidden -I../../../../Include/internal -I../../../../Include/internal/mimalloc
sysconfig[PY_CORE_LDFLAGS]: -sWASM_BIGINT -sEXIT_RUNTIME
sysconfig[PY_LDFLAGS_NODIST]: -sWASM_BIGINT -sEXIT_RUNTIME
sysconfig[PY_STDMODULE_CFLAGS]: -fno-omit-frame-pointer -mno-omit-leaf-frame-pointer -fno-strict-overflow -Wsign-compare -Wunreachable-code -DNDEBUG -g -O3 -Wall -DPY_CALL_TRAMPOLINE -sUSE_BZIP2 -std=c11 -Wextra -Wno-unused-parameter -Wno-missing-field-initializers -Wstrict-prototypes -Werror=implicit-function-declaration -fvisibility=hidden -I../../../../Include/internal -I../../../../Include/internal/mimalloc -IObjects -IInclude -IPython -I. -I../../../../Include -fPIC
sysconfig[Py_DEBUG]: 0
sysconfig[Py_ENABLE_SHARED]: 0
sysconfig[Py_GIL_DISABLED]: 0
sysconfig[Py_REMOTE_DEBUG]: 1
sysconfig[SHELL]: /bin/sh -e
sysconfig[SOABI]: cpython-316-wasm32-emscripten
sysconfig[SOABI_PLATFORM]: wasm32-emscripten
sysconfig[TEST_MODULES]: yes
sysconfig[abs_builddir]: /workspaces/MyPython/cpython/cross-build/wasm32-emscripten/build/python
sysconfig[abs_srcdir]: /workspaces/MyPython/cpython/cross-build/wasm32-emscripten/build/python/../../../..
sysconfig[prefix]: /
sysconfig[srcdir]: /workspaces/MyPython/cpython
system.machine_id: 5751af62308d4c2ca154806e16703617
system.virt: docker
tempfile.gettempdir: /tmp
time.altzone: 0
time.daylight: 0
time.get_clock_info(monotonic): namespace(implementation='clock_gettime(CLOCK_MONOTONIC)', monotonic=True, adjustable=False, resolution=1e-09)
time.get_clock_info(perf_counter): namespace(implementation='clock_gettime(CLOCK_MONOTONIC)', monotonic=True, adjustable=False, resolution=1e-09)
time.get_clock_info(process_time): namespace(implementation='clock()', monotonic=True, adjustable=False, resolution=1e-06)
time.get_clock_info(time): namespace(implementation='clock_gettime(CLOCK_REALTIME)', monotonic=False, adjustable=True, resolution=0.001)
time.time: 1789971400.442
time.timezone: 0
time.tzname: ('UTC-0000', 'UTC-0000')
zlib.ZLIB_VERSION: 1.3.2
zlib.zlib_version: 1.3.2

CPython official build command completed successfully.

[6/7] Searching for Python WASM output...

Searching for python.wasm...

FOUND:
-rwxrwxrwx 1 codespace codespace 8.9M Sep 21 06:16 /workspaces/MyPython/cpython/cross-build/wasm32-emscripten/build/python/web_example_pyrepl_jspi/python.wasm
-rwxrwxrwx 1 codespace codespace 8.9M Sep 21 06:16 /workspaces/MyPython/cpython/cross-build/wasm32-emscripten/build/python/web_example/python.wasm
-rwxrwxrwx 1 codespace codespace 8.9M Sep 21 06:16 /workspaces/MyPython/cpython/cross-build/wasm32-emscripten/build/python/python.wasm

[7/7] Packaging WASM build...

Copying build output...

Creating ZIP:
  /workspaces/MyPython/dist/python-wasm-20260921-061640.zip

============================================================
 BUILD SUCCESS!
============================================================

python.wasm:
  /workspaces/MyPython/cpython/cross-build/wasm32-emscripten/build/python/web_example_pyrepl_jspi/python.wasm
  /workspaces/MyPython/cpython/cross-build/wasm32-emscripten/build/python/web_example/python.wasm
  /workspaces/MyPython/cpython/cross-build/wasm32-emscripten/build/python/python.wasm

Package:
  /workspaces/MyPython/dist/python-wasm-20260921-061640.zip

Package size:
-rw-rw-rw- 1 codespace codespace 69M Sep 21 06:16 /workspaces/MyPython/dist/python-wasm-20260921-061640.zip

Persistent build log:
  /workspaces/MyPython/logs/build.log

Finished:
2026-09-21 06:16:49

============================================================
 NEXT STEP
============================================================

Download the ZIP from:
  /workspaces/MyPython/dist/python-wasm-20260921-061640.zip

